Symbol,Name,Sector,Industry Name,Ind Group Rank,Exchange,Current Price,Price % Chg,Price $ Chg,Volume (1000s),Vol % Chg vs 50-Day,EPS Rating,RS Rating,Ind Group RS,SMR Rating,A/D Rating,Comp Rating
AADI,Aadi Bioscience Inc,MEDICAL,Medical-Biomed/Biotech,169,NASDAQ,18.08,-5.2,-1,143,-8.1,9,24,D-,E,D-,10
ABCL,Abcellera Biologics Inc,MEDICAL,Medical-Biomed/Biotech,169,NASDAQ,9.3,-0.1,-0.01,2550,52.7,4,5,D-,B,D-,5
ABCM,Abcam plc Ads,MEDICAL,Medical-Biomed/Biotech,169,NASDAQ,18.36,4.3,0.77,136,-16.9,64,25,D-,B,E,35
ABEO,Abeona Therapeutics Inc,MEDICAL,Medical-Biomed/Biotech,169,NASDAQ,0.26,-7.5,-0.02,3547,0.6,25,1,D-,E,C-,7
ABIO,Arca Biopharma Inc,MEDICAL,Medical-Biomed/Biotech,169,NASDAQ,1.84,-3.7,-0.07,34,-84.8,31,14,D-,-,D,16
ABOS,Acumen Pharmaceuticals,MEDICAL,Medical-Biomed/Biotech,169,NASDAQ,4.95,-5.2,-0.27,187,31.8,2,2,D-,E,B,6
ABUS,Arbutus Biopharma Corp,MEDICAL,Medical-Biomed/Biotech,169,NASDAQ,2.91,-0.5,-0.02,4945,-57,34,26,D-,E,E,26
ABVC,ABVC Biopharma Inc,MEDICAL,Medical-Biomed/Biotech,169,NASDAQ,2.57,1.2,0.03,21,-91.7,27,20,D-,E,B+,20
ACAD,Acadia Pharmaceuticals,MEDICAL,Medical-Biomed/Biotech,169,NASDAQ,23.35,-2,-0.48,786,-32.7,37,81,D-,E,B+,49
ACER,Acer Therapeutics Inc,MEDICAL,Medical-Biomed/Biotech,169,NASDAQ,2.15,-1,-0.02,64,39.3,44,25,D-,-,D,26
ACET,Adicet Bio Inc,MEDICAL,Medical-Biomed/Biotech,169,NASDAQ,12.4,-5.7,-0.75,78,-94.2,51,96,D-,E,B,64
ACHL,Achilles TherapeuticsAds,MEDICAL,Medical-Biomed/Biotech,169,NASDAQ,3.74,-3.9,-0.15,175,100,4,6,D-,-,D-,3
ACHV,Achieve Life Science Inc,MEDICAL,Medical-Biomed/Biotech,169,NASDAQ,7.44,-1.5,-0.11,20,-59.6,36,25,D-,-,D+,24
ACIU,Ac Immune Sa,MEDICAL,Medical-Biomed/Biotech,169,NASDAQ,4.62,-2,-0.1,46,-71.4,18,18,D-,E,C,19
ACOR,Acorda Therapeutics Inc,MEDICAL,Medical-Biomed/Biotech,169,NASDAQ,1.86,-0.5,-0.01,72,-39.6,24,4,D-,E,D-,2
ACRX,Acelrx Pharmaceuticals,MEDICAL,Medical-Biomed/Biotech,169,NASDAQ,0.46,-5.2,-0.03,354,-67.3,31,5,D-,-,B-,15
ACST,Acasti Pharma Inc,MEDICAL,Medical-Biomed/Biotech,169,NASDAQ,1.15,-3.1,-0.04,179,-89.5,50,6,D-,E,C+,20
ACXP,Acurx Pharmaceuticls ClA,MEDICAL,Medical-Biomed/Biotech,169,NASDAQ,4.1,-1.3,-0.05,24,-36.2,1,17,D-,-,D,9
ADAG,Adagene Inc Ads,MEDICAL,Medical-Biomed/Biotech,169,NASDAQ,7.36,0.5,0.04,1,-91.4,1,8,D-,D,E,4
ADAP,Adaptimmune Therptcs Ads,MEDICAL,Medical-Biomed/Biotech,169,NASDAQ,2.79,-6.5,-0.2,439,-37.2,19,13,D-,D,E,8
ADCT,ADC Therapeutics SA,MEDICAL,Medical-Biomed/Biotech,169,NYSE,15.86,-4.7,-0.78,105,-29.3,5,15,D-,E,D-,8
ADGI,Adagio Therapeutics Inc,MEDICAL,Medical-Biomed/Biotech,169,NASDAQ,7.91,2.1,0.16,2662,-72.1,7,2,D-,-,D+,3
ADIL,Adial Pharmaceuticals,MEDICAL,Medical-Biomed/Biotech,169,NASDAQ,2.2,-2.2,-0.05,48,-66.7,22,31,D-,-,C,23
ADMA,A D M A Biologics Inc,MEDICAL,Medical-Biomed/Biotech,169,NASDAQ,1.57,-2.5,-0.04,2150,39.7,39,52,D-,D,A-,45
ADMP,Adamis Pharmaceuticals,MEDICAL,Medical-Biomed/Biotech,169,NASDAQ,0.62,-0.4,0,567,-75.5,29,12,D-,E,D,12
ADPT,Adaptive Biotechnologies,MEDICAL,Medical-Biomed/Biotech,169,NASDAQ,16.83,-5.4,-0.96,763,-6.8,12,6,D-,D,D-,8
ADTX,Aditxt Inc,MEDICAL,Medical-Biomed/Biotech,169,NASDAQ,0.43,-8.7,-0.04,666,-67.7,8,1,D-,-,E,2
ADVM,Adverum Biotechnologies,MEDICAL,Medical-Biomed/Biotech,169,NASDAQ,1.56,-5.5,-0.09,408,-60.2,15,10,D-,E,B+,14
ADXN,Addex Therapeutics Ads,MEDICAL,Medical-Biomed/Biotech,169,NASDAQ,5.44,-5.1,-0.29,4,-0.8,25,14,D-,D,E,14
AERI,Aerie Pharmaceuticals,MEDICAL,Medical-Biomed/Biotech,169,NASDAQ,7.18,-2.7,-0.2,547,-33.4,23,9,D-,E,D-,12
AEZS,Aeterna Zentaris Inc,MEDICAL,Medical-Biomed/Biotech,169,NASDAQ,0.35,-4.6,-0.02,503,-50.7,47,8,D-,D,E,16
AFMD,Affimed NV,MEDICAL,Medical-Biomed/Biotech,169,NASDAQ,3.95,-6.2,-0.26,575,-55.4,7,12,D-,D,C,9
AGE,Agex Therapeutics Inc,MEDICAL,Medical-Biomed/Biotech,169,AMEX,0.81,-2,-0.02,43,-91.5,27,20,D-,E,D-,10
AGEN,Agenus Inc,MEDICAL,Medical-Biomed/Biotech,169,NASDAQ,2.51,-7.7,-0.21,3038,15.8,41,16,D-,-,C+,25
AGIO,Agios Pharmaceuticals,MEDICAL,Medical-Biomed/Biotech,169,NASDAQ,30.03,-6.7,-2.14,375,-4.3,15,15,D-,E,B-,20
AGLE,Aeglea Biotherapeutics,MEDICAL,Medical-Biomed/Biotech,169,NASDAQ,4.32,-3.1,-0.14,146,-51.8,28,14,D-,-,C-,20
AGTC,Applied Genetic Techno,MEDICAL,Medical-Biomed/Biotech,169,NASDAQ,2.02,-2.9,-0.06,338,-30.7,40,14,D-,E,B,23
AIKI,AIkido Pharma Inc,MEDICAL,Medical-Biomed/Biotech,169,NASDAQ,0.49,-4.5,-0.02,466,-67.5,49,9,D-,E,C-,21
AIM,AIM Immunotech Inc,MEDICAL,Medical-Biomed/Biotech,169,AMEX,0.81,-3.4,-0.03,109,-67.9,24,5,D-,E,E,1
AKBA,Akebia Therapeutics Inc,MEDICAL,Medical-Biomed/Biotech,169,NASDAQ,1.88,-6.9,-0.14,2012,-11.8,26,16,D-,E,B,18
AKRO,Akero Therapeutics Inc,MEDICAL,Medical-Biomed/Biotech,169,NASDAQ,17.63,-1.9,-0.34,148,26.5,16,20,D-,-,B-,21
AKTX,Akari Therapeutics Plc,MEDICAL,Medical-Biomed/Biotech,169,NASDAQ,1.34,-1.1,-0.02,51,-48.1,19,19,D-,-,D,13
AKUS,Akouos Inc,MEDICAL,Medical-Biomed/Biotech,169,NASDAQ,6.11,-9.5,-0.64,100,10.3,16,13,D-,-,D+,10
ALBO,Albireo Pharma Inc,MEDICAL,Medical-Biomed/Biotech,169,NASDAQ,30.24,1.6,0.47,247,80.3,41,42,D-,E,A,46
ALDX,Aldeyra Therapeutics Inc,MEDICAL,Medical-Biomed/Biotech,169,NASDAQ,3.51,-5.8,-0.22,571,-46,18,3,D-,-,C+,9
ALEC,Alector Inc,MEDICAL,Medical-Biomed/Biotech,169,NASDAQ,15.46,0.8,0.13,1137,184.8,43,18,D-,D,C+,29
ALGS,Aligos Therapeutics Inc,MEDICAL,Medical-Biomed/Biotech,169,NASDAQ,2.96,-9.6,-0.32,774,112.2,25,1,D-,-,C-,6
ALIM,Alimera Sciences Inc,MEDICAL,Medical-Biomed/Biotech,169,NASDAQ,4.41,-5.8,-0.27,1008,5126.2,21,24,D-,-,B,18
ALKS,Alkermes Plc,MEDICAL,Medical-Biomed/Biotech,169,NASDAQ,24.62,-2.6,-0.66,556,-4.2,80,55,D-,C,B-,67
ALLK,Allakos Inc,MEDICAL,Medical-Biomed/Biotech,169,NASDAQ,6.82,-3.6,-0.26,827,-82.7,13,1,D-,-,E,2
ALLO,Allogene Therapeutics,MEDICAL,Medical-Biomed/Biotech,169,NASDAQ,11.04,-6.9,-0.82,608,-47.4,22,8,D-,-,D+,11
ALLR,Allarity Therapeutics,MEDICAL,Medical-Biomed/Biotech,169,NASDAQ,9.19,4.2,0.37,19,-63.8,32,27,D-,-,-,27
ALNA,Allena Pharmaceuticals,MEDICAL,Medical-Biomed/Biotech,169,NASDAQ,0.39,-4.1,-0.02,909,-52.5,35,4,D-,-,E,6
ALNY,Alnylam Pharmaceuticals,MEDICAL,Medical-Biomed/Biotech,169,NASDAQ,144.86,0,-0.01,417,-27.2,28,37,D-,D,B-,36
ALPN,Alpine Immune Sciences,MEDICAL,Medical-Biomed/Biotech,169,NASDAQ,7.57,-7.1,-0.58,31,-62,8,19,D-,D,B-,22
ALRN,Aileron Therapeutics Inc,MEDICAL,Medical-Biomed/Biotech,169,NASDAQ,0.45,-3.1,-0.01,302,-29.1,43,5,D-,-,D-,14
ALT,Altimmune Inc,MEDICAL,Medical-Biomed/Biotech,169,NASDAQ,7.51,-5.8,-0.46,286,-32.5,22,16,D-,E,B+,18
ALVR,Allovir Inc,MEDICAL,Medical-Biomed/Biotech,169,NASDAQ,7.9,-6.2,-0.52,615,242.4,1,2,D-,E,C,4
ALXO,Alx Oncology Holding Inc,MEDICAL,Medical-Biomed/Biotech,169,NASDAQ,14.55,-10.8,-1.76,324,-18.4,4,1,D-,E,E,2
ALZN,Alzamend Neuro Inc,MEDICAL,Medical-Biomed/Biotech,169,NASDAQ,1.49,-4.8,-0.08,514,-86.8,5,6,D-,-,D+,3
AMAM,Ambrx Biopharma Ads,MEDICAL,Medical-Biomed/Biotech,169,NYSE,4.68,-6.8,-0.34,5,-72.8,2,2,D-,E,D-,1
AMGN,Amgen Inc,MEDICAL,Medical-Biomed/Biotech,169,NASDAQ,229,0.2,0.39,1652,-9.4,69,60,D-,A,C,65
AMLX,Amylyx Pharmaceuticals,MEDICAL,Medical-Biomed/Biotech,169,NASDAQ,22.53,-3.6,-0.83,216,-51.4,8,97,D-,-,-,47
AMPH,Amphastar Pharmaceutcls,MEDICAL,Medical-Biomed/Biotech,169,NASDAQ,25.41,2.9,0.73,304,77.9,90,95,D-,B,B,95
AMRN,Amarin Corp Plc Adr,MEDICAL,Medical-Biomed/Biotech,169,NASDAQ,3.6,-3.5,-0.13,3591,-8.2,44,19,D-,C,A-,32
AMTI,Applied Molecular Trans,MEDICAL,Medical-Biomed/Biotech,169,NASDAQ,8.85,-12.8,-1.3,221,19.2,12,2,D-,-,C,5
AMYT,Amryt Pharma plc Ads,MEDICAL,Medical-Biomed/Biotech,169,NASDAQ,10.22,-0.1,-0.01,48,-58.6,26,31,D-,E,C+,31
ANAB,Anaptysbio Inc,MEDICAL,Medical-Biomed/Biotech,169,NASDAQ,31.36,-1.6,-0.52,96,-7.8,50,92,D-,C,B-,72
ANEB,Anebulo Pharmaceuticals,MEDICAL,Medical-Biomed/Biotech,169,NASDAQ,7.41,-1.9,-0.14,4,10.2,2,83,D-,-,B,44
ANGN,Angion Biomedica Corp,MEDICAL,Medical-Biomed/Biotech,169,NASDAQ,2.76,-4.3,-0.13,60,-64.3,39,3,D-,E,B-,15
ANIK,Anika Therapeutics Inc,MEDICAL,Medical-Biomed/Biotech,169,NASDAQ,30.35,-3.7,-1.16,40,-14.6,28,22,D-,C,D,27
ANIX,Anixa Biosciences Inc,MEDICAL,Medical-Biomed/Biotech,169,NASDAQ,3.01,-5.5,-0.18,87,-40.5,17,17,D-,E,D,14
ANNX,Annexon Inc,MEDICAL,Medical-Biomed/Biotech,169,NASDAQ,7.79,-6.1,-0.51,133,-58.6,1,6,D-,-,B,6
ANVS,Annovis Bio Inc,MEDICAL,Medical-Biomed/Biotech,169,NYSE,13.93,-9.6,-1.47,49,-52.6,7,14,D-,-,C-,6
APLS,Apellis Pharmaceuticals,MEDICAL,Medical-Biomed/Biotech,169,NASDAQ,40.53,-1.1,-0.44,475,-18.5,12,52,D-,D,C+,32
APLT,Applied Therapeutics Inc,MEDICAL,Medical-Biomed/Biotech,169,NASDAQ,2.96,-7.5,-0.24,177,-40.5,35,1,D-,-,D,8
APM,Aptorum Group Ltd Cl A,MEDICAL,Medical-Biomed/Biotech,169,NASDAQ,1.84,1.7,0.03,104,-96.5,2,17,D-,B,B,25
APRE,Aprea Therapeutics Inc,MEDICAL,Medical-Biomed/Biotech,169,NASDAQ,2.09,-4.1,-0.09,379,-43.5,37,6,D-,-,E,11
APTO,Aptose Biosciences Inc,MEDICAL,Medical-Biomed/Biotech,169,NASDAQ,1.26,-6,-0.08,172,-84.2,35,6,D-,-,C,14
APTX,Aptinyx Inc,MEDICAL,Medical-Biomed/Biotech,169,NASDAQ,2.96,-5,-0.16,112,-28.9,16,92,D-,E,A,56
APVO,Aptevo Therapeutics Inc,MEDICAL,Medical-Biomed/Biotech,169,NASDAQ,5.69,-5.2,-0.31,15,-99.6,37,1,D-,D,C,16
AQB,Aquabounty Technologies,MEDICAL,Medical-Biomed/Biotech,169,NASDAQ,1.63,-7.1,-0.13,545,-59.1,25,2,D-,D,D-,10
AQST,Aquestive Therapeutics,MEDICAL,Medical-Biomed/Biotech,169,NASDAQ,2.65,-6.7,-0.19,213,-69.1,16,15,D-,E,E,10
ARAV,Aravive Inc,MEDICAL,Medical-Biomed/Biotech,169,NASDAQ,2.2,0,0,41,-52.9,19,9,D-,E,D+,9
ARCT,Arcturus Therap Hldgs,MEDICAL,Medical-Biomed/Biotech,169,NASDAQ,24.57,-7.3,-1.93,262,-43.2,1,10,D-,E,C+,2
ARDS,Aridis Pharmaceuticals,MEDICAL,Medical-Biomed/Biotech,169,NASDAQ,2,0,0,677,-72.8,15,6,D-,E,B-,10
ARDX,Ardelyx Inc,MEDICAL,Medical-Biomed/Biotech,169,NASDAQ,0.82,-2.1,-0.02,1558,-91.8,4,5,D-,D,D-,1
ARGX,Argenx SE Ads,MEDICAL,Medical-Biomed/Biotech,169,NASDAQ,276.79,-1.3,-3.52,142,-29.6,37,35,D-,D,B-,34
ARNA,Arena Pharmaceuticals,MEDICAL,Medical-Biomed/Biotech,169,NASDAQ,92.93,0.2,0.23,906,-30.5,5,97,D-,E,C-,49
ARQT,Arcutis Biotherapeutics,MEDICAL,Medical-Biomed/Biotech,169,NASDAQ,14.8,-4.5,-0.7,98,-34,22,13,D-,-,C+,17
ARTL,Artelo Biosciences Inc,MEDICAL,Medical-Biomed/Biotech,169,NASDAQ,0.42,2.1,0.01,559,-34.1,43,3,D-,-,D-,10
ARVN,Arvinas Inc,MEDICAL,Medical-Biomed/Biotech,169,NASDAQ,70.12,-0.1,-0.05,206,-38.2,14,26,D-,E,B-,26
ARWR,Arrowhead Pharma,MEDICAL,Medical-Biomed/Biotech,169,NASDAQ,52.4,-4.8,-2.62,347,-25.5,7,21,D-,D,B-,28
ASLN,Aslan Pharmaceutical Ads,MEDICAL,Medical-Biomed/Biotech,169,NASDAQ,1.05,-2.8,-0.03,143,-46.9,7,7,D-,E,D-,4
ASMB,Assembly Biosciences Inc,MEDICAL,Medical-Biomed/Biotech,169,NASDAQ,1.75,-7.4,-0.14,341,-45.5,4,8,D-,E,D-,1
ASND,Ascendis Pharma A/S Ads,MEDICAL,Medical-Biomed/Biotech,169,NASDAQ,120.39,-0.7,-0.89,112,-48.9,27,26,D-,E,D-,19
ATAI,ATAI Life Sciences Nv,MEDICAL,Medical-Biomed/Biotech,169,NASDAQ,5.25,-4.2,-0.23,490,-49.1,20,1,D-,-,E,4
ATHA,Athira Pharma Inc,MEDICAL,Medical-Biomed/Biotech,169,NASDAQ,9.94,-5.6,-0.6,121,-52.3,6,19,D-,-,B-,15
ATHE,Alterity Therap Ads,MEDICAL,Medical-Biomed/Biotech,169,NASDAQ,0.92,-3.2,-0.03,28,-99,19,17,D-,E,E,9
ATHX,Athersys Inc,MEDICAL,Medical-Biomed/Biotech,169,NASDAQ,1.01,-1,-0.01,1975,20.7,31,16,D-,E,B,26
ATNF,180 Life Sciences Corp,MEDICAL,Medical-Biomed/Biotech,169,NASDAQ,3.11,-4.7,-0.16,415,-55.7,4,11,D-,-,C-,6
ATNM,Actinium Pharmaceuticals,MEDICAL,Medical-Biomed/Biotech,169,AMEX,5.05,-6.8,-0.37,111,0.3,37,17,D-,-,D,22
ATNX,Athenex Inc,MEDICAL,Medical-Biomed/Biotech,169,NASDAQ,1.02,-4.7,-0.05,343,-56.9,36,1,D-,E,D+,4
ATRA,Atara Biotherapeutics,MEDICAL,Medical-Biomed/Biotech,169,NASDAQ,14.73,-4.8,-0.74,448,-12,28,60,D-,-,B,40
ATXI,Avenue Therapeutics Inc,MEDICAL,Medical-Biomed/Biotech,169,NASDAQ,0.74,-3.9,-0.03,17,-96.7,37,2,D-,-,E,5
ATXS,Astria Therapeutics Inc,MEDICAL,Medical-Biomed/Biotech,169,NASDAQ,5.18,-7.3,-0.41,273,520,30,12,D-,-,B-,16
AUPH,Aurinia Pharmaceuticals,MEDICAL,Medical-Biomed/Biotech,169,NASDAQ,16.68,-5.4,-0.96,2012,-44.2,15,60,D-,D,D,36
AURA,Aura Biosciences Inc,MEDICAL,Medical-Biomed/Biotech,169,NASDAQ,17.8,-1.6,-0.29,8,-84.5,5,91,D-,-,B-,40
AUTL,Autolus Therap Plc Ads,MEDICAL,Medical-Biomed/Biotech,169,NASDAQ,4.04,-5.6,-0.24,171,-62.8,38,20,D-,E,E,19
AVDL,Avadel Pharma Ads,MEDICAL,Medical-Biomed/Biotech,169,NASDAQ,6.25,-1.6,-0.1,272,-22.8,4,21,D-,E,D-,15
AVEO,Aveo Pharmaceuticals,MEDICAL,Medical-Biomed/Biotech,169,NASDAQ,3.55,-6.1,-0.23,124,-62.2,26,10,D-,D,E,11
AVIR,Atea Pharmaceuticals Inc,MEDICAL,Medical-Biomed/Biotech,169,NASDAQ,7.03,-3.4,-0.25,423,-64.6,31,4,D-,E,C-,11
AVRO,Avrobio Inc,MEDICAL,Medical-Biomed/Biotech,169,NASDAQ,1.89,-3.1,-0.06,405,-37.3,35,1,D-,-,D-,8
AVTE,Aerovate Therapeutics,MEDICAL,Medical-Biomed/Biotech,169,NASDAQ,9.51,-10.2,-1.08,42,3.1,2,14,D-,-,D+,7
AVTX,Avalo Therapeutics Inc,MEDICAL,Medical-Biomed/Biotech,169,NASDAQ,0.92,-7.8,-0.08,178,-62.3,23,3,D-,E,D+,10
AVXL,Anavex Life Sciences Crp,MEDICAL,Medical-Biomed/Biotech,169,NASDAQ,10.62,-3.9,-0.43,2703,225.2,11,25,D-,-,D-,11
AXLA,Axcella Health Inc,MEDICAL,Medical-Biomed/Biotech,169,NASDAQ,1.77,0.6,0.01,16,-71.2,21,7,D-,-,E,6
AXSM,Axsome Therapeutics Inc,MEDICAL,Medical-Biomed/Biotech,169,NASDAQ,28.96,0.6,0.18,483,6.7,9,13,D-,-,B+,16
AYLA,Ayala Pharmaceuticals,MEDICAL,Medical-Biomed/Biotech,169,NASDAQ,6.08,1.2,0.07,28,-4,16,9,D-,-,D,2
AYTU,Aytu Biopharma Inc,MEDICAL,Medical-Biomed/Biotech,169,NASDAQ,1.3,-3.1,-0.04,176,-61.5,5,3,D-,D,E,3
BBI,Brickell Biotech Inc,MEDICAL,Medical-Biomed/Biotech,169,NASDAQ,0.24,-4.6,-0.01,4997,-37.4,27,5,D-,E,C-,4
BBIO,Bridgebio Pharma Inc,MEDICAL,Medical-Biomed/Biotech,169,NASDAQ,10.23,-5.3,-0.58,1518,-59.9,25,1,D-,E,D,2
BCAB,Bioatla Inc,MEDICAL,Medical-Biomed/Biotech,169,NASDAQ,8.55,-9.8,-0.93,288,-0.7,1,1,D-,E,E,2
BCDA,Biocardia Inc,MEDICAL,Medical-Biomed/Biotech,169,NASDAQ,1.6,-4.8,-0.08,84,-33.4,43,9,D-,D,D-,24
BCEL,Atreca Inc Cl A,MEDICAL,Medical-Biomed/Biotech,169,NASDAQ,2.07,-3.7,-0.08,162,-64.2,20,1,D-,-,D+,5
BCLI,Brainstorm Cell Therap,MEDICAL,Medical-Biomed/Biotech,169,NASDAQ,3.11,-3.4,-0.11,40,-90.6,25,37,D-,-,C+,26
BCRX,Biocryst Pharmaceuticals,MEDICAL,Medical-Biomed/Biotech,169,NASDAQ,15.09,-1.5,-0.23,1325,-56.5,19,91,D-,E,B+,60
BCTX,BriaCell Therapeutics,MEDICAL,Medical-Biomed/Biotech,169,NASDAQ,6.46,-2.4,-0.16,710,-51.8,4,95,D-,-,D-,34
BCYC,Bicycle Therapeutics Ads,MEDICAL,Medical-Biomed/Biotech,169,NASDAQ,49.47,-0.1,-0.07,59,-71.9,18,97,D-,E,C-,53
BDSI,Biodelivery Science Intl,MEDICAL,Medical-Biomed/Biotech,169,NASDAQ,3.68,-1.6,-0.06,506,-61.7,34,52,D-,B,A-,55
BDTX,Black Diamond Therptcs,MEDICAL,Medical-Biomed/Biotech,169,NASDAQ,4.21,-3,-0.13,299,-47.8,2,3,D-,-,D-,2
BEAM,Beam Therapeutics Inc,MEDICAL,Medical-Biomed/Biotech,169,NASDAQ,62.74,-9.3,-6.42,812,22.1,25,22,D-,E,D-,22
BFRA,Biofrontera AG Ads,MEDICAL,Medical-Biomed/Biotech,169,NASDAQ,2.87,1.2,0.04,6,-85,25,7,D-,E,C,13
BGNE,Beigene Ltd Ads,MEDICAL,Medical-Biomed/Biotech,169,NASDAQ,247.31,-3,-7.6,142,-39.1,25,20,D-,D,B-,29
BHVN,Biohaven Pharma Holding,MEDICAL,Medical-Biomed/Biotech,169,NYSE,128.63,-4.8,-6.51,224,-55.3,28,96,D-,E,B,65
BIIB,Biogen Inc,MEDICAL,Medical-Biomed/Biotech,169,NASDAQ,225.34,-1.7,-4,754,-38.5,45,25,D-,B,C+,29
BIVI,Biovie Inc,MEDICAL,Medical-Biomed/Biotech,169,NASDAQ,3.11,-2.8,-0.09,79,84.6,4,1,D-,-,D-,2
BJDX,Bluejay Diagnostics Inc,MEDICAL,Medical-Biomed/Biotech,169,NASDAQ,1.41,-9,-0.14,1218,-43.7,5,1,D-,-,B+,8
BLCM,Bellicum Pharmaceuticals,MEDICAL,Medical-Biomed/Biotech,169,NASDAQ,1.58,-2.5,-0.04,33,-66.2,61,12,D-,E,E,21
BLI,Berkeley Lights Inc,MEDICAL,Medical-Biomed/Biotech,169,NASDAQ,9.21,-8,-0.8,703,-39.7,6,1,D-,D,D-,4
BLPH,Bellerophon Therapeutics,MEDICAL,Medical-Biomed/Biotech,169,NASDAQ,2.32,-7.6,-0.19,18,-98.2,39,13,D-,-,B-,22
BLRX,Biolinerx Ltd Adr,MEDICAL,Medical-Biomed/Biotech,169,NASDAQ,1.79,-5.6,-0.11,78,-83.9,44,13,D-,-,D-,19
BLU,Bellus Health Inc,MEDICAL,Medical-Biomed/Biotech,169,NASDAQ,6.65,3.9,0.25,2313,-32.9,4,98,D-,E,B+,49
BLUE,Bluebird Bio Inc,MEDICAL,Medical-Biomed/Biotech,169,NASDAQ,7.25,-7.2,-0.56,1204,-20.9,8,1,D-,E,C,4
BMEA,Biomea Fusion Inc,MEDICAL,Medical-Biomed/Biotech,169,NASDAQ,6.47,-1.4,-0.09,114,-10.6,2,8,D-,-,C-,5
BMRN,Biomarin Pharmaceutical,MEDICAL,Medical-Biomed/Biotech,169,NASDAQ,88.68,-0.8,-0.76,387,-61.5,81,86,D-,C,B-,76
BNOX,Bionomics Limited,MEDICAL,Medical-Biomed/Biotech,169,NASDAQ,11.34,-0.1,-0.01,12,-21,9,22,D-,E,-,19
BNTC,Benitec Biopharma Inc,MEDICAL,Medical-Biomed/Biotech,169,NASDAQ,2.79,2.2,0.06,13,-65.2,45,18,D-,E,D+,22
BNTX,Biontech Se Ads,MEDICAL,Medical-Biomed/Biotech,169,NASDAQ,180.27,0.2,0.43,1562,-48.7,69,30,D-,B,D-,46
BOLT,Bolt Biotherapeutics Inc,MEDICAL,Medical-Biomed/Biotech,169,NASDAQ,3.7,-3.9,-0.15,169,-53.3,2,1,D-,-,C,3
BPMC,Blueprint Medicines Corp,MEDICAL,Medical-Biomed/Biotech,169,NASDAQ,77.65,-1.8,-1.4,431,23.6,16,24,D-,B,C,28
BPTH,Bio-Path Holdings Inc,MEDICAL,Medical-Biomed/Biotech,169,NASDAQ,3.35,-3.9,-0.14,46,-47.5,44,16,D-,-,E,15
BPTS,Biophytis SA Ads,MEDICAL,Medical-Biomed/Biotech,169,NASDAQ,4.65,0,0,0,0,19,10,D-,-,D-,7
BRTX,Biorestorative Therapies,MEDICAL,Medical-Biomed/Biotech,169,NASDAQ,3.71,-7.9,-0.32,99,-76.6,2,11,D-,-,C-,3
BTAI,Bioxcel Therapeutics Inc,MEDICAL,Medical-Biomed/Biotech,169,NASDAQ,15.69,-8.5,-1.43,226,11.2,26,9,D-,-,C-,13
BTTX,Better Therapeutics Inc,MEDICAL,Medical-Biomed/Biotech,169,NASDAQ,3.54,-5.6,-0.21,48,-88.1,4,3,D-,-,D-,3
BTX,Brooklyn Immunotherap,MEDICAL,Medical-Biomed/Biotech,169,NASDAQ,2.44,-9.3,-0.25,250,-39.2,13,1,D-,E,D,3
BVXV,Biondvax Pharma Ltd Ads,MEDICAL,Medical-Biomed/Biotech,169,NASDAQ,1.33,-5,-0.07,195,-95.1,21,8,D-,-,E,3
BXRX,Baudax Bio Inc,MEDICAL,Medical-Biomed/Biotech,169,NASDAQ,0.21,-0.4,0,4109,-9.6,44,1,D-,-,C-,14
BYSI,Beyondspring Inc,MEDICAL,Medical-Biomed/Biotech,169,NASDAQ,3.07,-9.1,-0.31,320,-83.5,25,1,D-,E,D-,5
CABA,Cabaletta Bio Inc,MEDICAL,Medical-Biomed/Biotech,169,NASDAQ,2.9,-4.6,-0.14,105,-82.7,15,1,D-,-,C-,6
CADL,Candel Therapeutics Inc,MEDICAL,Medical-Biomed/Biotech,169,NASDAQ,4.22,-5.8,-0.26,7,-83.7,1,10,D-,-,D+,1
CALA,Calithera Biosciences,MEDICAL,Medical-Biomed/Biotech,169,NASDAQ,0.56,-4.4,-0.03,3380,111.3,41,1,D-,-,D,12
CALT,Calliditas Therptcs Ads,MEDICAL,Medical-Biomed/Biotech,169,NASDAQ,21.65,2.4,0.5,18,-89.7,32,44,D-,E,B+,38
CANF,Canfite Biopharma Ads,MEDICAL,Medical-Biomed/Biotech,169,AMEX,1.12,-5.1,-0.06,366,-92,38,15,D-,E,D,18
CAPR,Capricor Therapeutics,MEDICAL,Medical-Biomed/Biotech,169,NASDAQ,3.74,1.9,0.07,251,-26.4,34,28,D-,E,B-,31
CARA,Cara Therapeutics,MEDICAL,Medical-Biomed/Biotech,169,NASDAQ,11.02,-3.8,-0.43,290,-16.3,35,21,D-,C,B,34
CASI,Casi Pharmaceuticals Inc,MEDICAL,Medical-Biomed/Biotech,169,NASDAQ,0.66,-1.4,-0.01,334,-65.1,42,7,D-,D,E,17
CBAY,Cymabay Therapeutics Inc,MEDICAL,Medical-Biomed/Biotech,169,NASDAQ,2.91,-3.3,-0.1,293,-31,2,17,D-,-,B-,13
CBIO,Catalyst Biosciences Inc,MEDICAL,Medical-Biomed/Biotech,169,NASDAQ,0.57,-7,-0.04,507,-40.2,25,1,D-,E,D-,5
CCCC,C4 Therapeutics Inc,MEDICAL,Medical-Biomed/Biotech,169,NASDAQ,25.19,-1.6,-0.41,470,68.7,13,14,D-,E,B,16
CCXI,ChemoCentryx Inc,MEDICAL,Medical-Biomed/Biotech,169,NASDAQ,27.36,-1,-0.29,525,-45.5,21,48,D-,D,D-,28
CDAK,Codiak BioSciences Inc,MEDICAL,Medical-Biomed/Biotech,169,NASDAQ,5.55,-11.7,-0.74,104,38.5,29,2,D-,-,D-,7
CDMO,Avid Bioservices Inc,MEDICAL,Medical-Biomed/Biotech,169,NASDAQ,18.84,-0.7,-0.14,342,-13.7,66,22,D-,A,C-,54
CDTX,Cidara Therapeutics Inc,MEDICAL,Medical-Biomed/Biotech,169,NASDAQ,0.86,-4.2,-0.04,208,-75.5,49,7,D-,E,B-,26
CDXS,Codexis Inc,MEDICAL,Medical-Biomed/Biotech,169,NASDAQ,19.8,-4.3,-0.9,962,93.1,47,23,D-,D,B,39
CELC,Celcuity Inc,MEDICAL,Medical-Biomed/Biotech,169,NASDAQ,10.32,-9.4,-1.07,82,200.9,4,13,D-,-,D-,5
CELU,Celularity Inc Cl A,MEDICAL,Medical-Biomed/Biotech,169,NASDAQ,4.71,2.8,0.13,138,17.5,56,10,D-,E,B,32
CELZ,Creative Medical Tech,MEDICAL,Medical-Biomed/Biotech,169,NASDAQ,2.02,0.5,0.01,166,-94.9,9,35,D-,-,-,17
CERE,Cerevel Therap Hldgs Inc,MEDICAL,Medical-Biomed/Biotech,169,NASDAQ,27.25,0.7,0.2,312,9.6,49,95,D-,-,B-,58
CERS,Cerus Corp,MEDICAL,Medical-Biomed/Biotech,169,NASDAQ,5.15,-3.7,-0.2,1243,-5.1,28,29,D-,E,C+,34
CFRX,Contrafect Corp,MEDICAL,Medical-Biomed/Biotech,169,NASDAQ,2.77,-6.1,-0.18,106,-52.8,22,18,D-,-,B-,20
CGEM,Cullinan Oncology Inc,MEDICAL,Medical-Biomed/Biotech,169,NASDAQ,13.25,-5.2,-0.72,61,-64.3,9,9,D-,-,C,7
CGEN,Compugen Ltd,MEDICAL,Medical-Biomed/Biotech,169,NASDAQ,3.28,-8.7,-0.31,755,-14.6,25,6,D-,E,B-,15
CGTX,Cognition Therapeutics,MEDICAL,Medical-Biomed/Biotech,169,NASDAQ,4.2,-7.1,-0.32,31,-57.5,24,3,D-,-,D-,7
CHRS,Coherus Biosciences Inc,MEDICAL,Medical-Biomed/Biotech,169,NASDAQ,12.48,-1.2,-0.15,416,-14.5,8,24,D-,C,D+,20
CINC,Cincor Pharma Inc,MEDICAL,Medical-Biomed/Biotech,169,NASDAQ,18.93,-0.4,-0.08,122,-69.1,15,95,D-,-,-,51
CING,Cingulate Inc,MEDICAL,Medical-Biomed/Biotech,169,NASDAQ,1.87,0,0,72,-88.6,11,5,D-,-,-,9
CKPT,Checkpoint Therapeutics,MEDICAL,Medical-Biomed/Biotech,169,NASDAQ,2.49,-2.7,-0.07,856,-40.8,12,23,D-,E,D,12
CLBS,Caladrius Biosciences,MEDICAL,Medical-Biomed/Biotech,169,NASDAQ,0.77,-1.5,-0.01,212,-70.5,27,11,D-,-,E,5
CLDX,Celldex Therapeutics Inc,MEDICAL,Medical-Biomed/Biotech,169,NASDAQ,30.4,-3.5,-1.1,206,-40.5,22,39,D-,D,C,26
CLLS,Cellectis S A Ads,MEDICAL,Medical-Biomed/Biotech,169,NASDAQ,6.07,-3.3,-0.21,230,8.7,17,4,D-,D,C+,15
CLNN,Clene Inc,MEDICAL,Medical-Biomed/Biotech,169,NASDAQ,2.96,-0.2,-0.01,214,42.2,60,7,D-,-,E,14
CLRB,Cellectar Biosciences,MEDICAL,Medical-Biomed/Biotech,169,NASDAQ,0.6,-4.7,-0.03,122,-63.2,41,9,D-,-,C,19
CLSD,Clearside Biomedical Inc,MEDICAL,Medical-Biomed/Biotech,169,NASDAQ,1.86,-4.6,-0.09,198,-46.7,17,7,D-,E,E,1
CLSN,Celsion Corporation,MEDICAL,Medical-Biomed/Biotech,169,NASDAQ,0.42,-9.3,-0.04,232,-64,47,6,D-,E,E,8
CLVS,Clovis Oncology Inc,MEDICAL,Medical-Biomed/Biotech,169,NASDAQ,1.88,-10.3,-0.22,3387,6.8,40,4,D-,-,D-,6
CMMB,Chemomab Thera Ltd Ads,MEDICAL,Medical-Biomed/Biotech,169,NASDAQ,4.9,-2.6,-0.13,24,-79.5,11,2,D-,-,E,2
CMPI,Checkmate Pharmaceutical,MEDICAL,Medical-Biomed/Biotech,169,NASDAQ,2.37,-5.2,-0.13,5,-78.6,6,6,D-,-,E,3
CMPS,Compass Pathways plc Ads,MEDICAL,Medical-Biomed/Biotech,169,NASDAQ,15.23,-7.6,-1.25,187,-62.4,35,5,D-,-,E,10
CMPX,Compass Therapeutics,MEDICAL,Medical-Biomed/Biotech,169,NASDAQ,1.55,-7.7,-0.13,165,4.9,18,5,D-,-,E,4
CMRX,Chimerix Inc,MEDICAL,Medical-Biomed/Biotech,169,NASDAQ,5.53,-4,-0.23,450,-38.5,16,27,D-,E,B-,18
CNCE,Concert Pharmaceuticals,MEDICAL,Medical-Biomed/Biotech,169,NASDAQ,3.38,-0.4,-0.02,74,-33.1,34,44,D-,E,D+,25
CNSP,CNS Pharmaceuticals Inc,MEDICAL,Medical-Biomed/Biotech,169,NASDAQ,0.5,-14,-0.08,630,-16.9,21,3,D-,-,E,3
CNTB,Connect Biopharma Hldgs,MEDICAL,Medical-Biomed/Biotech,169,NASDAQ,4.78,-2.7,-0.14,37,-92.4,2,1,D-,-,B-,4
CNTX,Context Therapeutics Inc,MEDICAL,Medical-Biomed/Biotech,169,NASDAQ,2.34,9.3,0.2,883,-79.1,9,4,D-,-,B,9
COCP,Cocrystal Pharma Inc,MEDICAL,Medical-Biomed/Biotech,169,NASDAQ,0.55,-3,-0.02,167,-78.4,38,6,D-,E,E,12
CODX,Co-Diagnostics Inc,MEDICAL,Medical-Biomed/Biotech,169,NASDAQ,6.99,-3.7,-0.27,198,-70.5,18,21,D-,B,D,26
COGT,Cogent Biosciences Inc,MEDICAL,Medical-Biomed/Biotech,169,NASDAQ,6.96,-8.5,-0.65,28,-80.4,44,39,D-,E,C+,37
CORT,Corcept Therapeutics Inc,MEDICAL,Medical-Biomed/Biotech,169,NASDAQ,19.15,1.8,0.34,385,-69.9,85,32,D-,B,B,58
CPRX,Catalyst Pharma Inc,MEDICAL,Medical-Biomed/Biotech,169,NASDAQ,5.8,-0.4,-0.03,432,-27.9,55,86,D-,A,C,75
CRBP,Corbus Pharmaceuticals,MEDICAL,Medical-Biomed/Biotech,169,NASDAQ,0.43,-7.7,-0.04,805,-8.5,51,2,D-,E,C-,11
CRBU,Caribou Biosciences Inc,MEDICAL,Medical-Biomed/Biotech,169,NASDAQ,10.42,-6.2,-0.69,448,18.2,1,13,D-,E,D,7
CRDL,Cardiol Therapeutics Inc,MEDICAL,Medical-Biomed/Biotech,169,NASDAQ,1.81,-4.7,-0.09,112,-75,2,18,D-,-,D,8
CRIS,Curis Inc,MEDICAL,Medical-Biomed/Biotech,169,NASDAQ,3.03,-6.1,-0.2,900,-26.6,24,4,D-,E,B,14
CRMD,Cormedix Inc,MEDICAL,Medical-Biomed/Biotech,169,NASDAQ,4.1,-2.8,-0.12,98,-32.6,27,14,D-,E,D-,6
CRNX,Crinetics Pharma Inc,MEDICAL,Medical-Biomed/Biotech,169,NASDAQ,17.94,-4.8,-0.9,106,-40.3,14,52,D-,E,B+,35
CRSP,Crispr Therapeutics AG,MEDICAL,Medical-Biomed/Biotech,169,NASDAQ,62.16,-5.1,-3.37,1493,3.1,34,11,D-,D,C,24
CRTX,Cortexyme Inc,MEDICAL,Medical-Biomed/Biotech,169,NASDAQ,6.15,-10,-0.69,702,-36,23,1,D-,-,B-,7
CRVS,Corvus Pharmaceuticals,MEDICAL,Medical-Biomed/Biotech,169,NASDAQ,1.74,-7,-0.13,218,-53.5,36,10,D-,-,E,8
CRXT,Clarus Therapeutics Hldg,MEDICAL,Medical-Biomed/Biotech,169,NASDAQ,1.34,-7.3,-0.11,162,-86,2,1,D-,D,D-,4
CTIC,C T I Biopharma Corp,MEDICAL,Medical-Biomed/Biotech,169,NASDAQ,2.05,-4.2,-0.09,588,-71.3,10,24,D-,E,D,16
CTMX,Cytomx Therapeutics Inc,MEDICAL,Medical-Biomed/Biotech,169,NASDAQ,4.14,-11.5,-0.54,548,-45.1,23,18,D-,E,A-,22
CTXR,Citius Pharmaceuticals,MEDICAL,Medical-Biomed/Biotech,169,NASDAQ,1.47,-3.3,-0.05,675,-51.7,41,27,D-,-,D,23
CUE,Cue Biopharma Inc,MEDICAL,Medical-Biomed/Biotech,169,NASDAQ,7.12,-8.1,-0.63,291,-1.8,21,14,D-,D,C,24
CVAC,Curevac N V,MEDICAL,Medical-Biomed/Biotech,169,NASDAQ,19.38,-4.2,-0.86,380,-39.5,1,2,D-,D,E,2
CVM,Cel-Sci Corp,MEDICAL,Medical-Biomed/Biotech,169,AMEX,5.57,-8,-0.48,506,-17.5,18,6,D-,E,B-,11
CWBR,Cohbar Inc,MEDICAL,Medical-Biomed/Biotech,169,NASDAQ,0.34,-6.3,-0.02,258,-69.8,35,3,D-,-,E,6
CYAD,Celyad Oncology SA Ads,MEDICAL,Medical-Biomed/Biotech,169,NASDAQ,3.58,1.7,0.06,1,-99.9,8,18,D-,E,D-,10
CYBN,Cybin Inc,MEDICAL,Medical-Biomed/Biotech,169,AMEX,1.07,-3.5,-0.04,569,-53.1,2,7,D-,E,C-,6
CYCC,Cyclacel Pharma Inc,MEDICAL,Medical-Biomed/Biotech,169,NASDAQ,3.28,-4.9,-0.17,19,-79.3,21,13,D-,-,C-,13
CYCN,Cyclerion Therapeutics,MEDICAL,Medical-Biomed/Biotech,169,NASDAQ,1.29,-10.4,-0.15,242,-23,43,9,D-,E,B-,18
CYT,Cyteir Therapeutics Inc,MEDICAL,Medical-Biomed/Biotech,169,NASDAQ,5.18,-17.8,-1.12,55,-12.2,1,2,D-,E,D-,3
CYTH,Cyclo Therapeutics Inc,MEDICAL,Medical-Biomed/Biotech,169,NASDAQ,3.56,-9.6,-0.38,40,-65.7,12,10,D-,E,E,7
CYTK,Cytokinetics Inc,MEDICAL,Medical-Biomed/Biotech,169,NASDAQ,33.04,-1.6,-0.53,544,-18.4,6,93,D-,E,B-,39
CYTO,Altamira Therapeutics,MEDICAL,Medical-Biomed/Biotech,169,NASDAQ,1.29,-4.4,-0.06,67,-92.2,33,13,D-,-,E,10
DARE,Dare Bioscience Inc,MEDICAL,Medical-Biomed/Biotech,169,NASDAQ,1.52,-4.4,-0.07,845,-85.9,37,60,D-,-,B,40
DAWN,Day One Biopharmacetical,MEDICAL,Medical-Biomed/Biotech,169,NASDAQ,14.14,-5.5,-0.82,60,-66.4,2,13,D-,-,D,8
DBTX,Decibel Therapeutics Inc,MEDICAL,Medical-Biomed/Biotech,169,NASDAQ,4.24,-4.1,-0.18,18,-71.2,4,8,D-,-,D+,4
DBVT,D B V Technologies S.A.,MEDICAL,Medical-Biomed/Biotech,169,NASDAQ,1.51,-4.4,-0.07,41,-92.1,37,3,D-,E,B-,12
DCPH,Deciphera Pharma,MEDICAL,Medical-Biomed/Biotech,169,NASDAQ,8.27,-6.2,-0.55,1026,-6.2,18,1,D-,D,D+,9
DERM,Journey Medical Crp,MEDICAL,Medical-Biomed/Biotech,169,NASDAQ,5.84,4.4,0.25,70,-28.3,39,13,D-,A,C,37
DICE,Dice Therapeutics Inc,MEDICAL,Medical-Biomed/Biotech,169,NASDAQ,18.73,0.6,0.11,287,14.8,4,9,D-,E,C,13
DMAC,Diamedica Therapeutics,MEDICAL,Medical-Biomed/Biotech,169,NASDAQ,2.65,-8.6,-0.25,82,-28.5,28,12,D-,-,D-,12
DMTK,Dermtech Inc,MEDICAL,Medical-Biomed/Biotech,169,NASDAQ,12.6,-5.9,-0.79,576,-1.4,17,4,D-,D,C-,10
DNA,Ginkgo Bioworks Hldg ClA,MEDICAL,Medical-Biomed/Biotech,169,NYSE,6.17,-0.9,-0.06,14197,63.5,2,11,D-,E,C-,10
DNLI,Denali Therapeutics Inc,MEDICAL,Medical-Biomed/Biotech,169,NASDAQ,33.99,-3.8,-1.36,276,-29.9,20,15,D-,B,B,27
DRMA,Dermata Therapeutics Inc,MEDICAL,Medical-Biomed/Biotech,169,NASDAQ,2.22,-7.1,-0.17,63,-60.6,4,6,D-,-,C+,7
DRRX,Durect Corporation,MEDICAL,Medical-Biomed/Biotech,169,NASDAQ,0.72,-8.4,-0.07,792,45.3,24,9,D-,E,D,11
DRUG,Bright Minds Biosciences,MEDICAL,Medical-Biomed/Biotech,169,NASDAQ,2.46,-0.8,-0.02,3,-82.3,2,1,D-,-,E,2
DSGN,Design Therapeutics Inc,MEDICAL,Medical-Biomed/Biotech,169,NASDAQ,12.89,0.9,0.12,57,-53.1,2,14,D-,E,C,7
DTIL,Precision Biosciences,MEDICAL,Medical-Biomed/Biotech,169,NASDAQ,4.55,-7.6,-0.38,264,-26.4,55,7,D-,D,D-,24
DVAX,Dynavax Technologies,MEDICAL,Medical-Biomed/Biotech,169,NASDAQ,12.37,-2.2,-0.28,881,-35,23,79,D-,D,C+,44
DYAI,Dyadic International Inc,MEDICAL,Medical-Biomed/Biotech,169,NASDAQ,3.66,-6.2,-0.24,55,-57.7,26,32,D-,D,B,31
DYN,Dyne Therapeutics Inc,MEDICAL,Medical-Biomed/Biotech,169,NASDAQ,7.01,-9.2,-0.71,88,-55.8,1,7,D-,-,D-,3
EBS,Emergent Biosolutions,MEDICAL,Medical-Biomed/Biotech,169,NYSE,44.94,-4.5,-2.1,211,-57.8,51,21,D-,B,C,32
ECOR,Electrocore Inc,MEDICAL,Medical-Biomed/Biotech,169,NASDAQ,0.67,-4.3,-0.03,301,-87.7,41,11,D-,E,D,19
EDIT,Editas Medicine Inc,MEDICAL,Medical-Biomed/Biotech,169,NASDAQ,18.24,-7.4,-1.45,1689,23.1,5,7,D-,E,E,1
EDSA,Edesa Biotech Inc,MEDICAL,Medical-Biomed/Biotech,169,NASDAQ,4.24,-5,-0.22,35,-71,11,17,D-,E,E,6
EFTR,Effector Therapeutics,MEDICAL,Medical-Biomed/Biotech,169,NASDAQ,5.45,-7.2,-0.42,1,-98.3,39,13,D-,C,B-,22
EIGR,Eiger Biopharmaceuticals,MEDICAL,Medical-Biomed/Biotech,169,NASDAQ,4.26,-3.2,-0.14,97,-46.2,20,9,D-,-,D-,9
ELDN,Eledon Pharmaceuticals,MEDICAL,Medical-Biomed/Biotech,169,NASDAQ,3.95,-0.6,-0.02,20,-80.7,49,11,D-,-,C,21
ELEV,Elevation Oncology Inc,MEDICAL,Medical-Biomed/Biotech,169,NASDAQ,4.27,-1.3,-0.06,5,-92.4,4,6,D-,-,D+,4
ELOX,Eloxx Pharmaceuticals,MEDICAL,Medical-Biomed/Biotech,169,NASDAQ,0.5,-3,-0.02,167,-77.1,17,1,D-,-,D-,4
ELYM,Eliem Therapeutics Inc,MEDICAL,Medical-Biomed/Biotech,169,NASDAQ,9.04,-1.4,-0.13,18,-50.2,2,11,D-,-,D-,5
ENLV,Enlivex Therapeutics,MEDICAL,Medical-Biomed/Biotech,169,NASDAQ,5.15,-7.2,-0.4,35,-57,21,11,D-,-,D-,8
ENOB,Enochian Biosciences Inc,MEDICAL,Medical-Biomed/Biotech,169,NASDAQ,5.37,4.8,0.25,178,-17.6,2,69,D-,-,D,26
ENSC,Ensysce Biosciences Inc,MEDICAL,Medical-Biomed/Biotech,169,NASDAQ,1.59,-8.1,-0.14,230,-97.3,18,5,D-,-,C-,5
ENTA,Enanta Pharmaceuticals,MEDICAL,Medical-Biomed/Biotech,169,NASDAQ,58.23,-2.7,-1.63,77,-45.1,23,72,D-,E,B,36
ENTX,Entera Bio Ltd,MEDICAL,Medical-Biomed/Biotech,169,NASDAQ,2.34,-2.1,-0.05,33,-71.7,17,22,D-,E,E,11
ENVB,Enveric Biosciences Inc,MEDICAL,Medical-Biomed/Biotech,169,NASDAQ,0.65,-1.8,-0.01,236,-58.5,26,1,D-,-,D-,5
EPIX,E S S A Pharma Inc,MEDICAL,Medical-Biomed/Biotech,169,NASDAQ,9.99,0.6,0.06,91,-58.1,21,16,D-,-,C-,14
EPZM,Epizyme Inc,MEDICAL,Medical-Biomed/Biotech,169,NASDAQ,1.41,14.2,0.18,13735,683.2,18,1,D-,D,B,13
EQ,Equillium Inc,MEDICAL,Medical-Biomed/Biotech,169,NASDAQ,4,1.3,0.05,13,-77,22,15,D-,-,C,16
EQRX,Eqrx Inc,MEDICAL,Medical-Biomed/Biotech,169,NASDAQ,4.98,5.7,0.27,737,20.5,8,7,D-,-,D,5
ERAS,Erasca Inc,MEDICAL,Medical-Biomed/Biotech,169,NASDAQ,11.11,-3.7,-0.43,453,-10.8,2,14,D-,-,D+,9
ERYP,Erytech Pharma SA Ads,MEDICAL,Medical-Biomed/Biotech,169,NASDAQ,1.94,0.3,0.01,15,-88.9,39,5,D-,-,D-,10
ESPR,Esperion Therapeutics,MEDICAL,Medical-Biomed/Biotech,169,NASDAQ,4.16,-6.1,-0.27,817,-57,22,1,D-,D,C+,12
ETNB,89bio Inc,MEDICAL,Medical-Biomed/Biotech,169,NASDAQ,5.48,-0.9,-0.05,295,188.6,12,1,D-,-,E,2
ETON,Eton Pharmaceuticals Inc,MEDICAL,Medical-Biomed/Biotech,169,NASDAQ,3.61,-3.5,-0.13,100,-50.3,39,9,D-,E,D,20
ETTX,Entasis Therapeutics Hld,MEDICAL,Medical-Biomed/Biotech,169,NASDAQ,1.81,24.8,0.36,9965,9108.6,41,11,D-,E,E,15
EVAX,Evaxion Biotech A/S Ads,MEDICAL,Medical-Biomed/Biotech,169,NASDAQ,3.08,-3.4,-0.11,41,-73.7,7,6,D-,-,E,2
EVFM,Evofem Biosciences Inc,MEDICAL,Medical-Biomed/Biotech,169,NASDAQ,0.44,-2.2,-0.01,881,-78.8,25,7,D-,E,B-,14
EVLO,Evelo Biosciences Inc,MEDICAL,Medical-Biomed/Biotech,169,NASDAQ,4.56,-13.3,-0.7,122,-24.1,35,7,D-,-,D+,15
EVO,Evotec Se Ads,MEDICAL,Medical-Biomed/Biotech,169,NASDAQ,20.73,1.1,0.23,29,-31.7,97,48,D-,C,C-,81
EVOK,Evoke Pharma Inc,MEDICAL,Medical-Biomed/Biotech,169,NASDAQ,0.55,2.2,0.01,74,-77.4,42,3,D-,E,D-,11
EWTX,Edgewise Therapeutics,MEDICAL,Medical-Biomed/Biotech,169,NASDAQ,13.39,-2.3,-0.32,244,-32.8,2,15,D-,-,C+,9
EXAI,Exscientia plc Ads,MEDICAL,Medical-Biomed/Biotech,169,NASDAQ,18.73,-0.4,-0.07,161,37.9,16,22,D-,D,D-,22
EXAS,Exact Sciences Corp,MEDICAL,Medical-Biomed/Biotech,169,NASDAQ,75.71,-2.2,-1.69,1358,-18.1,16,19,D-,D,D,18
EXEL,Exelixis Inc,MEDICAL,Medical-Biomed/Biotech,169,NASDAQ,17.97,-2.4,-0.45,1300,0.6,94,30,D-,A,B,65
EYEN,Eyenovia Inc,MEDICAL,Medical-Biomed/Biotech,169,NASDAQ,2.97,-5.1,-0.16,54,-57.3,34,17,D-,E,D+,21
EYPT,Eyepoint Pharmaceuticals,MEDICAL,Medical-Biomed/Biotech,169,NASDAQ,9.84,-0.4,-0.04,144,-45,12,32,D-,E,D-,13
FATE,Fate Therapeutics Inc,MEDICAL,Medical-Biomed/Biotech,169,NASDAQ,39.44,-4.1,-1.68,914,-13,25,11,D-,D,B,24
FBIO,Fortress Biotech Inc,MEDICAL,Medical-Biomed/Biotech,169,NASDAQ,2.02,-5.4,-0.12,232,-34.9,43,13,D-,D,D,23
FBRX,Forte Biosciences Inc,MEDICAL,Medical-Biomed/Biotech,169,NASDAQ,1.75,1.5,0.03,185,-45.6,24,1,D-,E,C,7
FDMT,4D Molecular Therapeutic,MEDICAL,Medical-Biomed/Biotech,169,NASDAQ,15.66,-0.8,-0.13,330,90.4,10,10,D-,E,D,4
FENC,Fennec Pharmaceuticals,MEDICAL,Medical-Biomed/Biotech,169,NASDAQ,4.79,-1.8,-0.09,19,-87.7,38,15,D-,E,A-,31
FGEN,Fibrogen Inc,MEDICAL,Medical-Biomed/Biotech,169,NASDAQ,14.71,-4.5,-0.7,374,-43.1,38,48,D-,D,A-,40
FHTX,Foghorn Therapeutics Inc,MEDICAL,Medical-Biomed/Biotech,169,NASDAQ,14.11,-6.4,-0.97,44,-92.7,12,95,D-,E,B-,37
FMTX,Forma Therapeutics Hldgs,MEDICAL,Medical-Biomed/Biotech,169,NASDAQ,11.18,-5.3,-0.62,175,-44,14,8,D-,E,B-,14
FNCH,Finch Therapeutics Group,MEDICAL,Medical-Biomed/Biotech,169,NASDAQ,8.59,-5.7,-0.52,12,-82.9,21,14,D-,-,C+,17
FOLD,Amicus Therapeutics Inc,MEDICAL,Medical-Biomed/Biotech,169,NASDAQ,9.1,-3.9,-0.37,1564,-8.3,35,25,D-,E,C+,29
FREQ,Frequency Therapeutics,MEDICAL,Medical-Biomed/Biotech,169,NASDAQ,5.64,-1.4,-0.08,126,-24.5,1,14,D-,D,B,11
FRLN,Freeline Therapeutic Hdg,MEDICAL,Medical-Biomed/Biotech,169,NASDAQ,1.2,-0.4,-0.01,225,-79.8,7,1,D-,-,E,2
FSTX,F-star Therapeutics Inc,MEDICAL,Medical-Biomed/Biotech,169,NASDAQ,3.8,-5.6,-0.23,235,33.9,48,10,D-,E,E,11
FTRP,Field Trip Health Ltd,MEDICAL,Medical-Biomed/Biotech,169,NASDAQ,1.87,-5.6,-0.11,54,-61.8,2,2,D-,D,C,7
FULC,Fulcrum Therapeutics Inc,MEDICAL,Medical-Biomed/Biotech,169,NASDAQ,11.23,-8,-0.98,425,34.3,34,72,D-,D,C-,40
FUSN,Fusion Pharmaceuticals,MEDICAL,Medical-Biomed/Biotech,169,NASDAQ,7.38,-4.2,-0.32,31,5,1,39,D-,-,B,25
FWBI,First Wave BioPharma Inc,MEDICAL,Medical-Biomed/Biotech,169,NASDAQ,1.37,-2.8,-0.04,50,-95.9,8,2,D-,-,D+,3
FWP,Forward Pharma A/S Ads,MEDICAL,Medical-Biomed/Biotech,169,NASDAQ,5.34,-0.1,-0.01,4,-92.7,2,19,D-,-,D+,7
GALT,Galectin Therapeutics,MEDICAL,Medical-Biomed/Biotech,169,NASDAQ,2.17,2.1,0.05,146,1.2,12,18,D-,-,C-,13
GANX,Gain Therapeutics Inc,MEDICAL,Medical-Biomed/Biotech,169,NASDAQ,4.34,-6.7,-0.31,38,-31.4,2,10,D-,E,E,5
GBIO,Generation Bio Co,MEDICAL,Medical-Biomed/Biotech,169,NASDAQ,6.14,-7.7,-0.51,434,-6.6,15,1,D-,-,D-,4
GBNH,Greenbrook TMS Inc,MEDICAL,Medical-Biomed/Biotech,169,NASDAQ,4.16,6.3,0.25,16,-20.8,45,5,D-,E,E,11
GBT,Global Blood Therapeutic,MEDICAL,Medical-Biomed/Biotech,169,NASDAQ,28.17,-4,-1.16,612,-51.4,16,23,D-,D,C-,24
GENE,Genetic Technologies Adr,MEDICAL,Medical-Biomed/Biotech,169,NASDAQ,1.84,-3.1,-0.06,48,-65.9,41,10,D-,E,D,18
GERN,Geron Corp,MEDICAL,Medical-Biomed/Biotech,169,NASDAQ,1.04,-5,-0.06,1160,-22,13,18,D-,E,D+,12
GHRS,Gh Research Plc,MEDICAL,Medical-Biomed/Biotech,169,NASDAQ,17.74,2,0.35,112,-27.4,2,25,D-,-,E,10
GILD,Gilead Sciences Inc,MEDICAL,Medical-Biomed/Biotech,169,NASDAQ,65.89,-3.8,-2.58,15414,189,66,75,D-,A,B-,75
GLMD,Galmed Pharmaceuticals,MEDICAL,Medical-Biomed/Biotech,169,NASDAQ,1.61,-5.8,-0.1,39,-73.8,23,10,D-,-,C-,12
GLPG,Galapagos Nv Ads,MEDICAL,Medical-Biomed/Biotech,169,NASDAQ,65.77,-4,-2.73,371,14.7,38,77,D-,E,A-,51
GLS,Gelesis Holdings Inc,MEDICAL,Medical-Biomed/Biotech,169,NYSE,5.54,-0.5,-0.03,207,-21.4,4,10,D-,-,C-,9
GLSI,Greenwich Lifesciences,MEDICAL,Medical-Biomed/Biotech,169,NASDAQ,20.95,1.2,0.25,31,-34.6,2,11,D-,-,D+,5
GLTO,Galecto Inc,MEDICAL,Medical-Biomed/Biotech,169,NASDAQ,2.34,-5.6,-0.14,43,-70.2,8,10,D-,-,B-,8
GLUE,Monte Rosa Therapeutics,MEDICAL,Medical-Biomed/Biotech,169,NASDAQ,13.33,0.5,0.07,223,41.4,1,10,D-,-,D+,5
GLYC,Glycomimetics Inc,MEDICAL,Medical-Biomed/Biotech,169,NASDAQ,1.09,-8.4,-0.1,147,-43,21,9,D-,E,D-,3
GMAB,Genmab A/S Ads,MEDICAL,Medical-Biomed/Biotech,169,NASDAQ,34.75,0.4,0.13,560,36.4,84,25,D-,A,C+,61
GMDA,Gamida Cell Ltd,MEDICAL,Medical-Biomed/Biotech,169,NASDAQ,3.35,-8,-0.29,561,-45.9,43,15,D-,-,B,25
GMTX,Gemini Therapeutics Inc,MEDICAL,Medical-Biomed/Biotech,169,NASDAQ,1.77,-11.8,-0.24,216,-84.6,2,3,D-,-,D,3
GNCA,Genocea Biosciences Inc,MEDICAL,Medical-Biomed/Biotech,169,NASDAQ,1.01,-3.7,-0.04,79,-86.6,40,7,D-,E,E,15
GNFT,Genfit SA Ads,MEDICAL,Medical-Biomed/Biotech,169,NASDAQ,4.13,-2.6,-0.11,5,-99.4,69,81,D-,E,E,47
GNPX,Genprex Inc,MEDICAL,Medical-Biomed/Biotech,169,NASDAQ,2,-2.5,-0.05,328,-95.2,29,18,D-,-,E,10
GNTA,Genenta Sci S P A Ads,MEDICAL,Medical-Biomed/Biotech,169,NASDAQ,8.87,0.8,0.07,2,-94.9,9,24,D-,-,-,21
GOSS,Gossamer Bio Inc,MEDICAL,Medical-Biomed/Biotech,169,NASDAQ,9.07,-4.5,-0.43,251,-30.2,28,42,D-,-,C-,31
GOVX,Geovax Labs Inc,MEDICAL,Medical-Biomed/Biotech,169,NASDAQ,2.31,-8.3,-0.21,37,-90.6,2,9,D-,E,E,1
GRAY,Graybug Vision Inc,MEDICAL,Medical-Biomed/Biotech,169,NASDAQ,1.31,-9,-0.13,72,-41,11,2,D-,-,E,2
GRCL,Gracell Biotech Ads,MEDICAL,Medical-Biomed/Biotech,169,NASDAQ,3.01,-13.5,-0.47,161,-76.2,1,1,D-,-,D-,2
GRPH,Graphite Bio Inc,MEDICAL,Medical-Biomed/Biotech,169,NASDAQ,9.18,-4.2,-0.41,94,-56.2,2,13,D-,-,B-,9
GRTS,Gritstone bio Inc,MEDICAL,Medical-Biomed/Biotech,169,NASDAQ,5.29,-4.2,-0.23,757,-57.9,42,10,D-,D,C-,23
GRTX,Galera Therapeutics Inc,MEDICAL,Medical-Biomed/Biotech,169,NASDAQ,2.41,-11.9,-0.33,529,-95.6,16,22,D-,-,B-,16
GTBP,GT Biopharma Inc,MEDICAL,Medical-Biomed/Biotech,169,NASDAQ,2.93,-6.8,-0.22,68,-66,21,4,D-,-,B-,10
GTH,Genetron Holdings Ads,MEDICAL,Medical-Biomed/Biotech,169,NASDAQ,3.61,-9.8,-0.39,220,-27,2,1,D-,E,D-,3
GTHX,G1 Therapeutics Inc,MEDICAL,Medical-Biomed/Biotech,169,NASDAQ,9.97,-3.6,-0.37,342,-39.5,6,11,D-,D,C-,6
HALO,Halozyme Therapeutics,MEDICAL,Medical-Biomed/Biotech,169,NASDAQ,35.07,-0.2,-0.08,480,-28.7,70,25,D-,A,C+,61
HARP,Harpoon Therapeutics Inc,MEDICAL,Medical-Biomed/Biotech,169,NASDAQ,4.92,-5.6,-0.29,130,-35.5,25,9,D-,D,C+,18
HCM,Hutchmed China Ltd Ads,MEDICAL,Medical-Biomed/Biotech,169,NASDAQ,27.08,-1.6,-0.44,80,-62.1,5,28,D-,D,B-,25
HCWB,Hcw Biologics Inc,MEDICAL,Medical-Biomed/Biotech,169,NASDAQ,2.15,-1.2,-0.03,6,-95.3,17,8,D-,E,C,11
HEPA,Hepion Pharmaceuticals,MEDICAL,Medical-Biomed/Biotech,169,NASDAQ,0.98,-1.5,-0.02,205,-70.3,50,14,D-,-,D-,21
HGEN,Humanigen Inc,MEDICAL,Medical-Biomed/Biotech,169,NASDAQ,2.39,-8.3,-0.22,599,-55.3,2,1,D-,E,D+,3
HILS,Hillstream Biopharma Inc,MEDICAL,Medical-Biomed/Biotech,169,NASDAQ,4.04,2.4,0.1,414,-65.1,5,92,D-,-,-,47
HOOK,Hookipa Pharma Inc,MEDICAL,Medical-Biomed/Biotech,169,NASDAQ,1.4,-9.4,-0.15,374,44,8,1,D-,E,E,1
HOTH,Hoth Therapeutics Inc,MEDICAL,Medical-Biomed/Biotech,169,NASDAQ,0.56,-6.7,-0.04,254,-95.5,35,6,D-,-,E,4
HOWL,Werewolf Therapeutics,MEDICAL,Medical-Biomed/Biotech,169,NASDAQ,7.88,-7.4,-0.63,45,-38.6,2,9,D-,-,C,7
HRMY,Harmony Biosciences Hldg,MEDICAL,Medical-Biomed/Biotech,169,NASDAQ,37.96,1.1,0.4,187,-22.6,73,86,D-,-,B-,69
HROW,Harrow Health Inc,MEDICAL,Medical-Biomed/Biotech,169,NASDAQ,7.75,-2.5,-0.2,40,-36.6,8,28,D-,D,D-,22
HRTX,Heron Therapeutics Inc,MEDICAL,Medical-Biomed/Biotech,169,NASDAQ,8.23,-6.4,-0.57,1148,-26.8,28,15,D-,E,B,23
HSTO,Histogen Inc,MEDICAL,Medical-Biomed/Biotech,169,NASDAQ,0.23,-8.4,-0.02,1009,48.8,49,1,D-,-,E,6
HTBX,Heat Biologics Inc,MEDICAL,Medical-Biomed/Biotech,169,NASDAQ,2.79,-6.8,-0.2,105,-56.1,38,8,D-,E,D-,8
HUMA,Humacyte Inc,MEDICAL,Medical-Biomed/Biotech,169,NASDAQ,5.04,-8.9,-0.49,203,-54.4,4,10,D-,-,E,1
HZNP,Horizon Therap Public,MEDICAL,Medical-Biomed/Biotech,169,NASDAQ,93.65,-0.7,-0.68,812,-16.5,83,42,D-,A,D,69
IBIO,Ibio Inc,MEDICAL,Medical-Biomed/Biotech,169,AMEX,0.43,-4.5,-0.02,1886,-37,51,5,D-,D,D-,15
IBRX,Immunitybio Inc,MEDICAL,Medical-Biomed/Biotech,169,NASDAQ,5.76,-5.5,-0.34,653,-53.7,12,9,D-,E,D+,2
ICPT,Intercept Pharmaceutical,MEDICAL,Medical-Biomed/Biotech,169,NASDAQ,16.4,-3,-0.51,453,-19.6,48,29,D-,E,B,35
ICVX,Icosavax Inc,MEDICAL,Medical-Biomed/Biotech,169,NASDAQ,14.84,-9.2,-1.5,93,18.8,2,8,D-,E,C,7
IDRA,Idera Pharmaceuticals,MEDICAL,Medical-Biomed/Biotech,169,NASDAQ,0.58,-2.8,-0.02,206,-81.5,41,9,D-,E,B-,20
IDYA,IDEAYA Biosciences Inc,MEDICAL,Medical-Biomed/Biotech,169,NASDAQ,16.27,-4.9,-0.83,156,-27.1,11,24,D-,E,B-,19
IFRX,Inflarx N.V.,MEDICAL,Medical-Biomed/Biotech,169,NASDAQ,3.46,-6,-0.22,106,-68,27,39,D-,-,C+,30
IGMS,I G M Biosciences Inc,MEDICAL,Medical-Biomed/Biotech,169,NASDAQ,17.02,-4.3,-0.77,329,24.4,2,1,D-,-,C,3
IKNA,Ikena Oncology Inc,MEDICAL,Medical-Biomed/Biotech,169,NASDAQ,11.37,16.1,1.58,343,239.7,1,15,D-,-,C+,8
IKT,Inhibikase Therapeutics,MEDICAL,Medical-Biomed/Biotech,169,NASDAQ,1.37,-2.1,-0.03,23,-91.6,2,8,D-,D,B-,11
IMAB,I-Mab Ads,MEDICAL,Medical-Biomed/Biotech,169,NASDAQ,23.41,-12,-3.2,287,-40,8,4,D-,C,E,7
IMCR,Immunocore Hldgs Plc Ads,MEDICAL,Medical-Biomed/Biotech,169,NASDAQ,24.27,-2.7,-0.68,58,-45.9,6,16,D-,E,C,7
IMGN,Immunogen Inc,MEDICAL,Medical-Biomed/Biotech,169,NASDAQ,5.51,-4.5,-0.26,1110,-71.3,16,29,D-,E,B,22
IMGO,Imago BioSciences Inc,MEDICAL,Medical-Biomed/Biotech,169,NASDAQ,19.91,-0.3,-0.05,276,29.7,1,48,D-,-,C+,25
IMMP,Immutep Limited Ads,MEDICAL,Medical-Biomed/Biotech,169,NASDAQ,2.92,-1,-0.03,116,-36.8,2,25,D-,E,C+,12
IMMX,Immix Biopharma Inc,MEDICAL,Medical-Biomed/Biotech,169,NASDAQ,3.92,-15,-0.69,1884,-81.8,2,97,D-,-,-,38
IMNM,Immunome Inc,MEDICAL,Medical-Biomed/Biotech,169,NASDAQ,8.37,-7.2,-0.65,37,-49.4,24,6,D-,-,D-,6
IMPL,Impel Neuropharma Inc,MEDICAL,Medical-Biomed/Biotech,169,NASDAQ,8.1,-6.8,-0.59,158,21.6,2,16,D-,-,C-,7
IMRA,Imara Inc,MEDICAL,Medical-Biomed/Biotech,169,NASDAQ,1.37,-2.1,-0.03,128,-7.2,26,1,D-,-,E,3
IMRN,Immuron Ltd Ads,MEDICAL,Medical-Biomed/Biotech,169,NASDAQ,3.76,-9.8,-0.41,67,-93.7,10,32,D-,E,B,18
IMRX,Immuneering Corp Cl A,MEDICAL,Medical-Biomed/Biotech,169,NASDAQ,9.68,-6.2,-0.64,98,56,2,7,D-,-,E,1
IMTX,Immatics N V,MEDICAL,Medical-Biomed/Biotech,169,NASDAQ,9.51,-3.8,-0.38,114,7.7,24,24,D-,E,C-,19
IMUX,Immunic Inc,MEDICAL,Medical-Biomed/Biotech,169,NASDAQ,13.11,-6.1,-0.85,295,28.1,23,94,D-,-,B-,46
IMV,Imv Inc,MEDICAL,Medical-Biomed/Biotech,169,NASDAQ,1.13,-2.6,-0.03,145,-49.9,11,11,D-,E,D,2
IMVT,Immunovant Inc,MEDICAL,Medical-Biomed/Biotech,169,NASDAQ,6.55,-6.3,-0.44,240,-43.8,18,16,D-,-,B-,13
INAB,IN8bio Inc,MEDICAL,Medical-Biomed/Biotech,169,NASDAQ,3.47,-3.1,-0.11,21,-19.1,7,4,D-,-,D+,5
INBX,Inhibrx Inc,MEDICAL,Medical-Biomed/Biotech,169,NASDAQ,26.9,-1.4,-0.38,151,-21.5,24,35,D-,-,E,17
INCY,Incyte Corporation,MEDICAL,Medical-Biomed/Biotech,169,NASDAQ,74.41,-1,-0.79,1225,-9.5,46,69,D-,C,B-,63
INDP,Indaptus Therapeutics,MEDICAL,Medical-Biomed/Biotech,169,NASDAQ,4.78,-3.8,-0.19,63,-72,18,8,D-,-,B,12
INFI,Infinity Pharmaceuticals,MEDICAL,Medical-Biomed/Biotech,169,NASDAQ,1.25,-2.3,-0.03,689,-50.9,36,6,D-,E,E,6
INKT,Mink Therapeutics Inc,MEDICAL,Medical-Biomed/Biotech,169,NASDAQ,3.66,1.4,0.05,69,-21.2,6,1,D-,-,D-,3
INMB,Inmune Bio Inc,MEDICAL,Medical-Biomed/Biotech,169,NASDAQ,9.71,-6.9,-0.72,95,-44,6,15,D-,E,D+,9
INO,Inovio Pharmaceuticals,MEDICAL,Medical-Biomed/Biotech,169,NASDAQ,3.84,-7.1,-0.3,3517,-6.9,19,8,D-,D,D-,10
INSM,Insmed Inc,MEDICAL,Medical-Biomed/Biotech,169,NASDAQ,22.36,-5.7,-1.35,575,15.5,10,21,D-,E,B,19
INVA,Innoviva Inc,MEDICAL,Medical-Biomed/Biotech,169,NASDAQ,16.29,3.1,0.49,506,57.5,96,85,D-,A,E,81
INZY,Inozyme Pharma Inc,MEDICAL,Medical-Biomed/Biotech,169,NASDAQ,6.5,-2.9,-0.19,20,-52.3,29,7,D-,-,C,15
IOBT,I O Biotech Inc,MEDICAL,Medical-Biomed/Biotech,169,NASDAQ,8.17,-1.6,-0.13,5,-95,2,9,D-,-,B,13
IONS,Ionis Pharmaceuticals,MEDICAL,Medical-Biomed/Biotech,169,NASDAQ,31.34,-0.5,-0.17,709,-21.3,8,24,D-,D,B-,18
IOVA,Iovance Biotherapeutics,MEDICAL,Medical-Biomed/Biotech,169,NASDAQ,16.52,-2.7,-0.45,1045,-31.2,16,14,D-,-,B+,19
IPA,Immunoprecise Antibodies,MEDICAL,Medical-Biomed/Biotech,169,NASDAQ,5.88,-3.9,-0.24,25,-42.8,2,22,D-,E,B-,12
IPHA,Innate Pharma S.A. Ads,MEDICAL,Medical-Biomed/Biotech,169,NASDAQ,3.85,-0.8,-0.03,3,-94.9,2,31,D-,D,C-,14
IPSC,Century Therapeutics Inc,MEDICAL,Medical-Biomed/Biotech,169,NASDAQ,12.01,-3,-0.37,90,-2.7,5,9,D-,-,D-,5
IRWD,Ironwood Pharma Cl A,MEDICAL,Medical-Biomed/Biotech,169,NASDAQ,11.07,-0.5,-0.06,1082,-25.3,66,42,D-,-,C-,46
ISEE,Iveric bio Inc,MEDICAL,Medical-Biomed/Biotech,169,NASDAQ,14.25,-1.3,-0.19,466,-42.6,28,98,D-,-,C,54
ISO,Isoplexis Corporation,MEDICAL,Medical-Biomed/Biotech,169,NASDAQ,5.86,-6.7,-0.42,25,-85,1,9,D-,D,B,15
ITCI,Intra-Cellular Therapies,MEDICAL,Medical-Biomed/Biotech,169,NASDAQ,48.15,-0.6,-0.29,520,-45.2,21,95,D-,D,A-,66
ITOS,Iteos Therapeutics Inc,MEDICAL,Medical-Biomed/Biotech,169,NASDAQ,35.77,-4.9,-1.85,99,-70.3,32,97,D-,-,B,58
ITRM,Iterum Therapeutics plc,MEDICAL,Medical-Biomed/Biotech,169,NASDAQ,0.42,11.9,0.05,4373,92,52,8,D-,E,D-,16
IVA,Inventiva S A Ads,MEDICAL,Medical-Biomed/Biotech,169,NASDAQ,12.76,-3.5,-0.46,1,-79.6,10,33,D-,E,B-,22
JANX,Janux Therapeutics Inc,MEDICAL,Medical-Biomed/Biotech,169,NASDAQ,14.96,-5,-0.78,32,-63.5,2,12,D-,-,E,5
JNCE,Jounce Therapeutics Inc,MEDICAL,Medical-Biomed/Biotech,169,NASDAQ,7.26,-4,-0.3,107,-60.9,42,37,D-,E,B+,38
JSPR,Jasper Therapeutics Inc,MEDICAL,Medical-Biomed/Biotech,169,NASDAQ,4.9,-11.7,-0.65,85,-51.1,9,11,D-,-,B+,15
JUNS,Jupiter Neurosciences,MEDICAL,Medical-Biomed/Biotech,169,NASDAQ,0,-,0,0,0,-,1,D-,-,-,6
JUPW,Jupiter Wellness Inc,MEDICAL,Medical-Biomed/Biotech,169,NASDAQ,1.08,3.8,0.04,397,-28.3,2,4,D-,E,B,8
KALA,Kala Pharmaceuticals Inc,MEDICAL,Medical-Biomed/Biotech,169,NASDAQ,0.84,-5.4,-0.05,362,-60.9,26,1,D-,E,C,11
KALV,Kalvista Pharmaceuticals,MEDICAL,Medical-Biomed/Biotech,169,NASDAQ,12.56,-1.3,-0.16,112,-19,15,17,D-,E,E,9
KDNY,Chinook Therapeutics Inc,MEDICAL,Medical-Biomed/Biotech,169,NASDAQ,12.14,-3,-0.38,104,-51.2,41,44,D-,E,C-,35
KLDO,Kaleido Biosciences Inc,MEDICAL,Medical-Biomed/Biotech,169,NASDAQ,1.74,-5.5,-0.1,106,-7.9,34,1,D-,E,E,2
KMDA,Kamada Ltd,MEDICAL,Medical-Biomed/Biotech,169,NASDAQ,6.14,1.1,0.07,20,-64.4,15,60,D-,D,D+,29
KNSA,Kiniksa Pharma Ltd Cl A,MEDICAL,Medical-Biomed/Biotech,169,NASDAQ,10.88,-4.9,-0.56,117,-56,36,19,D-,-,A-,30
KNTE,Kinnate Biopharma Inc,MEDICAL,Medical-Biomed/Biotech,169,NASDAQ,10,-11.5,-1.3,78,-3.3,1,6,D-,-,D,4
KOD,Kodiak Sciences Inc,MEDICAL,Medical-Biomed/Biotech,169,NASDAQ,59.92,-3.8,-2.35,750,214,6,10,D-,-,C-,8
KPRX,Kiora Pharmaceuticals,MEDICAL,Medical-Biomed/Biotech,169,NASDAQ,0.71,-7.4,-0.06,316,-89.7,36,1,D-,E,D-,8
KPTI,Karyopharm Therapeutics,MEDICAL,Medical-Biomed/Biotech,169,NASDAQ,9.02,-2.3,-0.22,1384,-7.2,25,94,D-,E,A,59
KRBP,Kiromic Biopharma Inc,MEDICAL,Medical-Biomed/Biotech,169,NASDAQ,1.05,-2.8,-0.03,30,-75.2,21,1,D-,-,D,4
KRON,Kronos Bio Inc,MEDICAL,Medical-Biomed/Biotech,169,NASDAQ,8.12,-9.7,-0.88,154,-22.8,15,5,D-,-,C,9
KROS,Keros Therapeutics Inc,MEDICAL,Medical-Biomed/Biotech,169,NASDAQ,46.92,-4.9,-2.42,75,-30.1,13,86,D-,E,B,43
KRTX,Karuna Therapeutics Inc,MEDICAL,Medical-Biomed/Biotech,169,NASDAQ,109.54,-2.8,-3.2,67,-45,2,42,D-,-,D+,22
KRYS,Krystal Biotech Inc,MEDICAL,Medical-Biomed/Biotech,169,NASDAQ,55.85,-5.4,-3.19,86,-79.9,7,55,D-,-,B-,30
KTRA,Kintara Therapeutics Inc,MEDICAL,Medical-Biomed/Biotech,169,NASDAQ,0.44,-1.8,-0.01,269,-57.4,30,4,D-,-,E,6
KTTA,Pasithea Therapeutics,MEDICAL,Medical-Biomed/Biotech,169,NASDAQ,1.24,-9.5,-0.13,793,-90.5,2,6,D-,-,D,3
KURA,Kura Oncology Inc,MEDICAL,Medical-Biomed/Biotech,169,NASDAQ,13.35,-2.6,-0.35,846,48.4,16,16,D-,-,C,15
KYMR,Kymera Therapeutics Inc,MEDICAL,Medical-Biomed/Biotech,169,NASDAQ,42.57,-5,-2.22,152,-40.5,2,22,D-,D,C,21
KZIA,Kazia Therapeutics Adr,MEDICAL,Medical-Biomed/Biotech,169,NASDAQ,6.83,-0.9,-0.06,8,-68.1,37,16,D-,E,E,19
KZR,Kezar Life Sciences Inc,MEDICAL,Medical-Biomed/Biotech,169,NASDAQ,12.61,-3.1,-0.41,170,-74.6,16,99,D-,-,A,62
LABP,Landos Biopharma Inc,MEDICAL,Medical-Biomed/Biotech,169,NASDAQ,3.07,-7.5,-0.25,84,25.4,31,1,D-,-,C+,13
LBPH,Longboard Pharmaceutical,MEDICAL,Medical-Biomed/Biotech,169,NASDAQ,4.01,-4.1,-0.17,6,-81.3,1,7,D-,-,D,3
LBPS,4D pharma plc Ads,MEDICAL,Medical-Biomed/Biotech,169,NASDAQ,4.22,5.1,0.21,8,-47.6,38,7,D-,-,E,12
LCTX,Lineage Cell Therap Inc,MEDICAL,Medical-Biomed/Biotech,169,AMEX,1.51,-3.2,-0.05,445,-54.9,28,14,D-,D,B,29
LEGN,Legend Biotech Corp Ads,MEDICAL,Medical-Biomed/Biotech,169,NASDAQ,41.28,-3.9,-1.69,199,-62.2,14,87,D-,E,C,44
LGND,Ligand Pharmaceuticals,MEDICAL,Medical-Biomed/Biotech,169,NASDAQ,122.26,-0.2,-0.28,79,0.5,89,29,D-,A,B,64
LGVN,Longeveron Inc Cl A,MEDICAL,Medical-Biomed/Biotech,169,NASDAQ,6.82,-11.2,-0.86,320,-96.8,2,98,D-,E,C,28
LIAN,Lianbio ADS,MEDICAL,Medical-Biomed/Biotech,169,NASDAQ,3.8,-8.2,-0.34,47,-76.8,24,1,D-,-,D-,6
LIFE,Atyr Pharma Inc,MEDICAL,Medical-Biomed/Biotech,169,NASDAQ,5.58,-3.5,-0.2,79,-53.6,36,87,D-,D,C+,52
LIXT,Lixte Biotechnology Hdgs,MEDICAL,Medical-Biomed/Biotech,169,NASDAQ,1.87,-6.5,-0.13,22,-99.2,17,24,D-,-,B-,18
LJPC,La Jolla Pharmaceutical,MEDICAL,Medical-Biomed/Biotech,169,NASDAQ,4.61,0.5,0.03,55,-54,58,75,D-,-,B-,54
LMNL,Liminal Biosciences Inc,MEDICAL,Medical-Biomed/Biotech,169,NASDAQ,0.91,-4.7,-0.04,46,-78.5,38,3,D-,E,E,3
LOGC,Logicbio Therapeutics,MEDICAL,Medical-Biomed/Biotech,169,NASDAQ,0.7,-53.7,-0.81,4753,5489.8,33,2,D-,E,D,11
LPCN,Lipocine Inc,MEDICAL,Medical-Biomed/Biotech,169,NASDAQ,1.01,-2.9,-0.03,152,-67.8,39,24,D-,E,C,28
LPTX,Leap Therapeutics Inc,MEDICAL,Medical-Biomed/Biotech,169,NASDAQ,2,-5.7,-0.12,1135,-40.3,16,77,D-,E,C-,30
LQDA,Liquidia Corporation,MEDICAL,Medical-Biomed/Biotech,169,NASDAQ,5.81,-3.2,-0.19,184,-60.4,47,99,D-,E,C,65
LTRN,Lantern Pharma Inc,MEDICAL,Medical-Biomed/Biotech,169,NASDAQ,6.73,-4.8,-0.34,30,-64,12,12,D-,-,D+,8
LUMO,Lumos Pharma Inc,MEDICAL,Medical-Biomed/Biotech,169,NASDAQ,9.95,-0.7,-0.07,51,50.1,9,52,D-,E,A,33
LVTX,Lava Therapeutics N V,MEDICAL,Medical-Biomed/Biotech,169,NASDAQ,5.62,-4.1,-0.24,1,-92.3,5,16,D-,E,B-,15
LXRX,Lexicon Pharmaceuticals,MEDICAL,Medical-Biomed/Biotech,169,NASDAQ,3.11,-5.2,-0.17,291,-44.2,46,14,D-,E,C-,18
LYEL,Lyell Immunopharma Inc,MEDICAL,Medical-Biomed/Biotech,169,NASDAQ,5.64,-5.7,-0.34,245,-54.7,12,3,D-,D,D+,10
LYRA,Lyra Therapeutics Inc,MEDICAL,Medical-Biomed/Biotech,169,NASDAQ,4.46,-0.7,-0.03,31,-46.1,5,11,D-,E,C-,7
MACK,Merrimack Pharmaceutical,MEDICAL,Medical-Biomed/Biotech,169,NASDAQ,5.97,5.9,0.33,94,160.7,41,69,D-,-,B+,50
MBIO,Mustang Bio Inc,MEDICAL,Medical-Biomed/Biotech,169,NASDAQ,1.11,-6.9,-0.08,649,-33.2,38,5,D-,-,E,11
MBOT,Microbot Medical Inc,MEDICAL,Medical-Biomed/Biotech,169,NASDAQ,5.87,-3,-0.18,71,-96.5,18,25,D-,-,D-,18
MBRX,Moleculin Biotech Inc,MEDICAL,Medical-Biomed/Biotech,169,NASDAQ,1.52,-1.9,-0.03,71,-72.2,48,7,D-,-,D-,16
MCRB,Seres Therapeutics Inc,MEDICAL,Medical-Biomed/Biotech,169,NASDAQ,7.77,-6.4,-0.54,360,-64,33,30,D-,D,B,32
MDGL,Madrigal Pharmaceuticals,MEDICAL,Medical-Biomed/Biotech,169,NASDAQ,61.66,-1.4,-0.89,294,110.6,20,15,D-,-,C-,16
MDNA,Medicenna Therapeutics,MEDICAL,Medical-Biomed/Biotech,169,NASDAQ,1.79,1.7,0.03,203,30.3,2,16,D-,-,B-,12
MDWD,Mediwound Ltd,MEDICAL,Medical-Biomed/Biotech,169,NASDAQ,2.33,-3.3,-0.08,106,-4.7,12,13,D-,E,C,10
MDXH,Mdxhealth S A Ads,MEDICAL,Medical-Biomed/Biotech,169,NASDAQ,8.35,-0.6,-0.05,6,-64.8,27,18,D-,E,D-,18
MEIP,M E I Pharma Inc,MEDICAL,Medical-Biomed/Biotech,169,NASDAQ,1.81,-6.2,-0.12,2356,45.3,20,15,D-,D,D-,17
MESO,Mesoblast Limited Ads,MEDICAL,Medical-Biomed/Biotech,169,NASDAQ,4.14,-1.2,-0.05,25,-88.5,37,13,D-,D,D-,21
MGNX,MacroGenics Inc,MEDICAL,Medical-Biomed/Biotech,169,NASDAQ,11.37,-4.9,-0.59,298,-3.9,22,9,D-,D,C-,11
MGTA,Magenta Therapeutics Inc,MEDICAL,Medical-Biomed/Biotech,169,NASDAQ,3.08,-8.9,-0.3,154,-43.7,36,5,D-,-,C,16
MGTX,Meiragtx Holdings Plc,MEDICAL,Medical-Biomed/Biotech,169,NASDAQ,14.08,-5.3,-0.79,137,-5.1,9,37,D-,E,C+,27
MIRM,Mirum Pharmaceuticals,MEDICAL,Medical-Biomed/Biotech,169,NASDAQ,18.68,-1.4,-0.27,49,-49.3,9,88,D-,-,A-,54
MIRO,Miromatrix Medical Inc,MEDICAL,Medical-Biomed/Biotech,169,NASDAQ,3.9,-4.4,-0.18,22,-26.3,12,3,D-,E,D-,1
MITO,Stealth Biotherapeutics,MEDICAL,Medical-Biomed/Biotech,169,NASDAQ,0.67,-2.6,-0.02,62,-33.2,47,10,D-,E,D,20
MNKD,Mannkind Corp,MEDICAL,Medical-Biomed/Biotech,169,NASDAQ,3.63,-4,-0.15,1603,-1,30,30,D-,-,D,26
MNMD,Mind Medicine Inc,MEDICAL,Medical-Biomed/Biotech,169,NASDAQ,1.11,-8.7,-0.11,2745,-40.3,2,4,D-,-,E,2
MNOV,Medicinova Inc,MEDICAL,Medical-Biomed/Biotech,169,NASDAQ,2.5,-1.6,-0.04,229,-34.2,34,15,D-,-,D+,17
MNPR,Monopar Therapeutics Inc,MEDICAL,Medical-Biomed/Biotech,169,NASDAQ,2.66,-9.2,-0.27,10,-42.1,15,9,D-,-,D-,5
MOLN,Molecular Partnrs AG Ads,MEDICAL,Medical-Biomed/Biotech,169,NASDAQ,28.68,-1.3,-0.38,5,-91,25,98,D-,D,A+,73
MOR,Morphosys AG Ads,MEDICAL,Medical-Biomed/Biotech,169,NASDAQ,7.8,-5.6,-0.46,42,-48.5,31,9,D-,B,D-,24
MORF,Morphic Holding Inc,MEDICAL,Medical-Biomed/Biotech,169,NASDAQ,40.63,-4.8,-2.03,98,-3.6,9,26,D-,E,D+,11
MREO,Mereo Biopharma Grp Ads,MEDICAL,Medical-Biomed/Biotech,169,NASDAQ,1.31,-7.1,-0.1,540,-28.3,1,9,D-,-,D-,4
MRKR,Marker Therapeutics Inc,MEDICAL,Medical-Biomed/Biotech,169,NASDAQ,0.59,-7.7,-0.05,326,-52.2,35,2,D-,E,D+,12
MRNA,Moderna Inc,MEDICAL,Medical-Biomed/Biotech,169,NASDAQ,170.43,-1.3,-2.32,4705,-54.6,69,18,D-,C,E,32
MRNS,Marinus Pharmaceuticals,MEDICAL,Medical-Biomed/Biotech,169,NASDAQ,10.18,-1,-0.11,84,-15.2,20,23,D-,D,C,25
MRSN,Mersana Therapeutics Inc,MEDICAL,Medical-Biomed/Biotech,169,NASDAQ,4.28,-8.8,-0.42,1255,66.2,4,4,D-,E,D,1
MRTX,Mirati Therapeutics Inc,MEDICAL,Medical-Biomed/Biotech,169,NASDAQ,117.5,-4.5,-5.52,279,-18.2,24,19,D-,D,B-,28
MRUS,Merus N V,MEDICAL,Medical-Biomed/Biotech,169,NASDAQ,24.95,-1.3,-0.34,55,-66.7,27,77,D-,E,B-,52
MRVI,Maravai Lifesciences ClA,MEDICAL,Medical-Biomed/Biotech,169,NASDAQ,30.66,3,0.89,1654,54.8,63,19,D-,A,C-,53
MTCR,Metacrine Inc,MEDICAL,Medical-Biomed/Biotech,169,NASDAQ,0.53,-8.5,-0.05,2045,-44.4,4,1,D-,-,C-,3
MTEM,Molecular Templates,MEDICAL,Medical-Biomed/Biotech,169,NASDAQ,2.92,-6.7,-0.21,115,-50,26,5,D-,E,C,7
MTNB,Matinas Biopharma Hldgs,MEDICAL,Medical-Biomed/Biotech,169,AMEX,0.71,-1.4,-0.01,774,-15.9,29,21,D-,E,C,23
MTP,Midatech Pharma Plc Ads,MEDICAL,Medical-Biomed/Biotech,169,NASDAQ,1.01,-2.9,-0.03,37,-71.7,45,10,D-,E,D-,12
MYMD,Mymd Pharmaceuticals Inc,MEDICAL,Medical-Biomed/Biotech,169,NASDAQ,4.35,-5.6,-0.26,51,-45.4,17,22,D-,-,C-,18
MYNZ,Mainz Biomed B V,MEDICAL,Medical-Biomed/Biotech,169,NASDAQ,14,-8.4,-1.28,243,-63,8,99,D-,-,B,41
MYOV,Myovant Sciences Ltd,MEDICAL,Medical-Biomed/Biotech,169,NYSE,12.65,-6.5,-0.89,583,-5.4,39,14,D-,-,D+,22
NAUT,Nautilus Biotechnology,MEDICAL,Medical-Biomed/Biotech,169,NASDAQ,3.96,-3.9,-0.16,386,1,39,10,D-,-,B-,20
NAVB,Navidea Biopharma Inc,MEDICAL,Medical-Biomed/Biotech,169,AMEX,0.96,-0.6,-0.01,12,-78.6,37,12,D-,E,E,9
NBIX,Neurocrine Biosciences,MEDICAL,Medical-Biomed/Biotech,169,NASDAQ,78.62,-0.8,-0.6,295,-52,86,25,D-,A,B+,63
NBRV,Nabriva Therapeutics Plc,MEDICAL,Medical-Biomed/Biotech,169,NASDAQ,0.48,-6.8,-0.04,286,-60.4,49,2,D-,D,D,18
NBSE,NeuBase Therapeutics Inc,MEDICAL,Medical-Biomed/Biotech,169,NASDAQ,1.46,-15.1,-0.26,155,-0.3,16,3,D-,-,E,2
NBTX,Nanobiotix S A Ads,MEDICAL,Medical-Biomed/Biotech,169,NASDAQ,8.42,5.4,0.43,3,-44.2,42,14,D-,E,C-,24
NBY,Novabay Pharmaceuticals,MEDICAL,Medical-Biomed/Biotech,169,AMEX,0.32,2.4,0.01,157,-80.3,43,7,D-,E,E,7
NCNA,Nucana Plc Ads,MEDICAL,Medical-Biomed/Biotech,169,NASDAQ,2.86,-4.7,-0.14,381,51.3,13,60,D-,-,B+,34
NERV,Minerva Neurosciences,MEDICAL,Medical-Biomed/Biotech,169,NASDAQ,0.79,-1.3,-0.01,121,-45.3,13,5,D-,D,E,7
NEXI,Neximmune Inc,MEDICAL,Medical-Biomed/Biotech,169,NASDAQ,2.88,-8.4,-0.27,58,31.9,9,1,D-,-,D-,3
NGM,Ngm Biopharmaceuticals,MEDICAL,Medical-Biomed/Biotech,169,NASDAQ,15.44,-4.6,-0.75,103,-49.8,24,20,D-,E,B+,22
NKTR,Nektar Therapeutics,MEDICAL,Medical-Biomed/Biotech,169,NASDAQ,10.49,-5.2,-0.58,2270,47.3,15,15,D-,E,B-,13
NKTX,Nkarta Inc,MEDICAL,Medical-Biomed/Biotech,169,NASDAQ,9.6,-6.5,-0.67,239,-5,6,5,D-,E,C-,5
NLSP,NLS Pharmaceutics Ltd,MEDICAL,Medical-Biomed/Biotech,169,NASDAQ,0.93,-3.1,-0.03,81,-98.2,2,3,D-,-,E,2
NLTX,Neoleukin Therapeutics,MEDICAL,Medical-Biomed/Biotech,169,NASDAQ,3.42,-7.3,-0.27,198,11.2,6,5,D-,-,B-,7
NMTC,Neuroone Medical Techno,MEDICAL,Medical-Biomed/Biotech,169,NASDAQ,2.07,-1.4,-0.03,20,-55.3,9,8,D-,E,C-,2
NMTR,9 Meters Biopharma Inc,MEDICAL,Medical-Biomed/Biotech,169,NASDAQ,0.71,-6,-0.05,1587,17.4,46,14,D-,-,D+,22
NNVC,Nanoviricides Inc,MEDICAL,Medical-Biomed/Biotech,169,AMEX,2.43,-4.2,-0.11,44,-63.8,26,11,D-,-,E,9
NOVN,Novan Inc,MEDICAL,Medical-Biomed/Biotech,169,NASDAQ,3.84,-10.5,-0.45,272,34.5,39,8,D-,-,C,11
NRBO,Neurobo Pharmaceuticals,MEDICAL,Medical-Biomed/Biotech,169,NASDAQ,1.07,-5.3,-0.06,52,-92.3,26,4,D-,-,D-,7
NRIX,Nurix Therapeutics Inc,MEDICAL,Medical-Biomed/Biotech,169,NASDAQ,18.66,-1.5,-0.29,246,27.9,11,10,D-,D,B-,17
NRSN,Neurosense Therapeutics,MEDICAL,Medical-Biomed/Biotech,169,NASDAQ,1.85,-5.6,-0.11,29,-91.3,2,8,D-,-,-,8
NRXP,NRX Pharmaceuticals Inc,MEDICAL,Medical-Biomed/Biotech,169,NASDAQ,2.94,-9,-0.29,645,-79.6,1,1,D-,-,C,3
NTLA,Intellia Therapeutics,MEDICAL,Medical-Biomed/Biotech,169,NASDAQ,94.68,-5.1,-5.12,735,3,4,65,D-,E,D+,23
NTRB,Nutriband Inc,MEDICAL,Medical-Biomed/Biotech,169,NASDAQ,4.42,-4.3,-0.2,48,-98.6,2,13,D-,D,D,5
NUVB,Nuvation Bio Inc Cl A,MEDICAL,Medical-Biomed/Biotech,169,NYSE,5.93,-2.3,-0.14,827,4.5,50,14,D-,-,C,26
NUVL,Nuvalent Inc Cl A,MEDICAL,Medical-Biomed/Biotech,169,NASDAQ,13.61,-8.4,-1.25,84,9.7,34,16,D-,-,D+,19
NVAX,Novavax Inc,MEDICAL,Medical-Biomed/Biotech,169,NASDAQ,89.45,-6,-5.73,5547,-6.3,7,7,D-,D,D+,8
NVIV,Invivo Therapeutics Hldg,MEDICAL,Medical-Biomed/Biotech,169,NASDAQ,0.38,-5.9,-0.02,231,-69.3,51,12,D-,-,B-,24
NXTC,Nextcure Inc,MEDICAL,Medical-Biomed/Biotech,169,NASDAQ,5.34,-6,-0.34,54,-69.8,17,16,D-,E,D-,14
NYMX,Nymox Pharmaceutical,MEDICAL,Medical-Biomed/Biotech,169,NASDAQ,1.62,-7.4,-0.13,101,-56.5,27,39,D-,E,B-,32
OBSV,Obseva Sa,MEDICAL,Medical-Biomed/Biotech,169,NASDAQ,1.41,-7.8,-0.12,1735,74.6,47,10,D-,E,E,15
OCGN,Ocugen Inc,MEDICAL,Medical-Biomed/Biotech,169,NASDAQ,3.62,-6.6,-0.26,8002,-35.2,37,9,D-,E,B+,23
OCUL,Ocular Therapeutix Inc,MEDICAL,Medical-Biomed/Biotech,169,NASDAQ,5.48,-4.5,-0.26,229,-57.6,28,11,D-,E,B-,21
OCUP,Ocuphire Pharma Inc,MEDICAL,Medical-Biomed/Biotech,169,NASDAQ,2.93,-6.1,-0.19,186,-91.7,38,14,D-,-,D+,17
OCX,Oncocyte Corporation,MEDICAL,Medical-Biomed/Biotech,169,NASDAQ,1.76,0.6,0.01,352,-23.6,17,5,D-,D,D,10
OGEN,Oragenics Inc,MEDICAL,Medical-Biomed/Biotech,169,AMEX,0.42,-4.2,-0.02,726,-63.9,47,13,D-,-,C,23
OLK,Olink Holding A B Ads,MEDICAL,Medical-Biomed/Biotech,169,NASDAQ,17.31,-1.3,-0.23,88,-71.3,2,9,D-,C,C-,14
OLMA,Olema Pharmaceuticals,MEDICAL,Medical-Biomed/Biotech,169,NASDAQ,6.38,-9.1,-0.64,254,-68.7,2,1,D-,-,B,5
OMER,Omeros Corp,MEDICAL,Medical-Biomed/Biotech,169,NASDAQ,6.12,-4.4,-0.28,432,-54,36,13,D-,-,C,19
OMGA,Omega Therapeutics Inc,MEDICAL,Medical-Biomed/Biotech,169,NASDAQ,12.18,-0.5,-0.06,57,-2.4,1,14,D-,-,D-,6
OMIC,Singular Genomics Syst,MEDICAL,Medical-Biomed/Biotech,169,NASDAQ,7.84,-2,-0.16,124,-47.6,2,5,D-,-,E,2
ONCR,Oncorus Inc,MEDICAL,Medical-Biomed/Biotech,169,NASDAQ,3.25,-7.7,-0.27,44,-57.2,25,1,D-,-,D-,5
ONCS,Oncosec Medical Inc,MEDICAL,Medical-Biomed/Biotech,169,NASDAQ,0.92,-3.1,-0.03,25,-89.2,39,3,D-,-,D-,9
ONCT,Oncternal Therapeutics,MEDICAL,Medical-Biomed/Biotech,169,NASDAQ,1.98,0.5,0.01,459,-17.8,37,5,D-,D,E,18
ONCY,Oncolytics Biotech Inc,MEDICAL,Medical-Biomed/Biotech,169,NASDAQ,1.92,-2.3,-0.05,426,5.3,38,26,D-,-,B-,28
ONTX,Onconova Therapeutics,MEDICAL,Medical-Biomed/Biotech,169,NASDAQ,1.84,-8.3,-0.17,120,-53.6,44,3,D-,E,D-,7
OPK,Opko Health Inc,MEDICAL,Medical-Biomed/Biotech,169,NASDAQ,3.06,0,0,3456,-17.5,20,19,D-,C,D-,18
OPNT,Opiant Pharmaceuticals,MEDICAL,Medical-Biomed/Biotech,169,NASDAQ,25.44,-3.6,-0.96,31,-50.3,72,99,D-,C,C+,77
OPT,Opthea Ltd Ads,MEDICAL,Medical-Biomed/Biotech,169,NASDAQ,6.54,-1.9,-0.13,13,122.1,2,24,D-,E,B-,17
OPTN,Optinose Inc,MEDICAL,Medical-Biomed/Biotech,169,NASDAQ,2.35,-1.3,-0.03,93,-70.7,36,22,D-,E,A,35
ORGS,Orgenesis Inc,MEDICAL,Medical-Biomed/Biotech,169,NASDAQ,3.41,6.2,0.2,35,-52.8,35,14,D-,E,B,28
ORIC,O R I C Pharmaceuticals,MEDICAL,Medical-Biomed/Biotech,169,NASDAQ,8.79,-7.3,-0.7,178,53.1,27,8,D-,-,B-,16
ORMP,Oramed Pharmaceuticals,MEDICAL,Medical-Biomed/Biotech,169,NASDAQ,11.28,7,0.74,3484,318.3,20,18,D-,E,D+,11
ORPH,Orphazyme A/S Ads,MEDICAL,Medical-Biomed/Biotech,169,NASDAQ,1.94,-6.1,-0.13,146,-74.3,2,3,D-,-,B-,4
ORTX,Orchard Therapeutics Ads,MEDICAL,Medical-Biomed/Biotech,169,NASDAQ,1.09,-1,-0.01,605,-29,21,3,D-,E,D,1
OTIC,Otonomy Inc,MEDICAL,Medical-Biomed/Biotech,169,NASDAQ,2.04,2,0.04,112,-33,36,30,D-,E,B-,31
OTLK,Outlook Therapeutics Inc,MEDICAL,Medical-Biomed/Biotech,169,NASDAQ,1.39,-7,-0.11,857,-43,40,24,D-,-,B,29
OVID,Ovid Therapeutics Inc,MEDICAL,Medical-Biomed/Biotech,169,NASDAQ,2.75,-3.5,-0.1,229,15.4,39,26,D-,E,B-,32
OYST,Oyster Point Pharma Inc,MEDICAL,Medical-Biomed/Biotech,169,NASDAQ,11.47,-7.8,-0.97,120,-33.6,17,25,D-,-,B,24
PALI,Palisade Bio Inc,MEDICAL,Medical-Biomed/Biotech,169,NASDAQ,1.13,-8.1,-0.1,33145,22003.3,31,2,D-,E,D-,7
PASG,Passage Bio Inc,MEDICAL,Medical-Biomed/Biotech,169,NASDAQ,4.87,-7.4,-0.39,140,-39.3,12,5,D-,-,D+,5
PBLA,Panbela Therapeutics Inc,MEDICAL,Medical-Biomed/Biotech,169,NASDAQ,2,-1.5,-0.03,13,-72.4,14,20,D-,-,B,16
PBYI,Puma Biotechnology Inc,MEDICAL,Medical-Biomed/Biotech,169,NASDAQ,2.49,-4.6,-0.12,298,-43.2,36,2,D-,E,D+,8
PCRX,Pacira Biosciences Inc,MEDICAL,Medical-Biomed/Biotech,169,NASDAQ,63.12,1.2,0.73,356,2.5,93,79,D-,A,B,87
PCVX,Vaxcyte Inc,MEDICAL,Medical-Biomed/Biotech,169,NASDAQ,18.42,-4.2,-0.82,147,-23.7,16,28,D-,-,C-,23
PDSB,Pds Biotechnology Corp,MEDICAL,Medical-Biomed/Biotech,169,NASDAQ,6.04,-1.1,-0.07,1347,294.9,28,25,D-,-,D-,17
PETV,Petvivo Holdings Inc,MEDICAL,Medical-Biomed/Biotech,169,NASDAQ,1.36,0.1,0,146,-74.9,36,6,D-,-,B+,16
PGEN,Precigen Inc,MEDICAL,Medical-Biomed/Biotech,169,NASDAQ,2.31,-11.2,-0.29,1380,19.2,28,6,D-,E,C,8
PHAR,Pharming Group N.V. ADS,MEDICAL,Medical-Biomed/Biotech,169,NASDAQ,10.26,16.4,1.44,68,1819.8,24,25,D-,C,B-,26
PHAS,Phasebio Pharmaceuticals,MEDICAL,Medical-Biomed/Biotech,169,NASDAQ,1.87,-6.5,-0.13,104,-68.9,37,10,D-,E,E,12
PHAT,Phathom Pharmaceuticals,MEDICAL,Medical-Biomed/Biotech,169,NASDAQ,17.14,-2.1,-0.36,67,-20.1,20,13,D-,-,C+,16
PHGE,BiomX Inc,MEDICAL,Medical-Biomed/Biotech,169,AMEX,1.67,-4,-0.07,65,17.8,24,7,D-,-,E,5
PHIO,Phio Pharmaceuticals,MEDICAL,Medical-Biomed/Biotech,169,NASDAQ,0.88,2.8,0.02,118,-83.1,39,5,D-,E,D-,13
PHVS,Pharvaris N V,MEDICAL,Medical-Biomed/Biotech,169,NASDAQ,17,0,0,14,93.2,1,31,D-,-,D+,13
PIRS,Pieris Pharmaceuticals,MEDICAL,Medical-Biomed/Biotech,169,NASDAQ,3.64,-0.2,-0.01,388,-47.6,14,89,D-,E,B-,40
PLRX,Pliant Therapeutics Inc,MEDICAL,Medical-Biomed/Biotech,169,NASDAQ,11.4,-6.4,-0.78,53,-56.8,11,10,D-,E,B,9
PLX,Protalix Biotherapeutics,MEDICAL,Medical-Biomed/Biotech,169,AMEX,0.87,-1,-0.01,230,-45,18,9,D-,-,C,6
PLXP,Plx Pharma Inc,MEDICAL,Medical-Biomed/Biotech,169,NASDAQ,6.12,-4.4,-0.28,179,-33,7,14,D-,-,D+,7
PMCB,PharmaCyte Biotech Inc,MEDICAL,Medical-Biomed/Biotech,169,NASDAQ,2.19,-3.5,-0.08,65,-77.9,24,21,D-,-,B-,18
PMVP,Pmv Pharmaceuticals Inc,MEDICAL,Medical-Biomed/Biotech,169,NASDAQ,15.4,-3.6,-0.57,178,-55.8,9,10,D-,-,E,5
PNT,Point Biopharma Global,MEDICAL,Medical-Biomed/Biotech,169,NASDAQ,6.67,1.8,0.12,137,-21.9,37,16,D-,-,A-,29
PPBT,Purple Biotech Ltd Ads,MEDICAL,Medical-Biomed/Biotech,169,NASDAQ,2.55,-2.3,-0.06,60,-34.4,69,13,D-,E,E,22
PRAX,Praxis Precision Med,MEDICAL,Medical-Biomed/Biotech,169,NASDAQ,13.31,-8.7,-1.28,156,-8.5,1,15,D-,-,D+,5
PRDS,Pardes Biosciences Inc,MEDICAL,Medical-Biomed/Biotech,169,NASDAQ,10.52,-7.1,-0.8,369,18.4,2,87,D-,-,C,36
PRLD,Prelude Therapeutics Inc,MEDICAL,Medical-Biomed/Biotech,169,NASDAQ,9.76,-4.6,-0.47,320,17.2,5,3,D-,-,D+,3
PROC,Procaps Group Sa,MEDICAL,Medical-Biomed/Biotech,169,NASDAQ,9.5,2,0.19,10,-50.6,8,39,D-,-,B-,32
PRQR,Proqr Therapeutics N.V.,MEDICAL,Medical-Biomed/Biotech,169,NASDAQ,5.5,-5.7,-0.33,635,95.6,15,37,D-,-,B-,29
PRTA,Prothena Corp plc,MEDICAL,Medical-Biomed/Biotech,169,NASDAQ,32.55,-6.1,-2.12,409,32.5,69,89,D-,D,C+,66
PRTC,Puretech Health plc Ads,MEDICAL,Medical-Biomed/Biotech,169,NASDAQ,36.36,-1.7,-0.64,1,-57.3,8,19,D-,D,C+,17
PRTG,Portage Biotech Inc,MEDICAL,Medical-Biomed/Biotech,169,NASDAQ,8.38,-5.3,-0.47,7,-69.3,9,4,D-,-,E,3
PRTK,Paratek Pharmaceuticals,MEDICAL,Medical-Biomed/Biotech,169,NASDAQ,4.1,-4.9,-0.21,76,-68.5,51,20,D-,E,D-,28
PRVB,Provention Bio,MEDICAL,Medical-Biomed/Biotech,169,NASDAQ,5.28,-0.4,-0.02,1078,8.5,28,19,D-,-,C+,20
PSTI,Pluristem Therapeutics,MEDICAL,Medical-Biomed/Biotech,169,NASDAQ,1.71,-2.6,-0.05,267,-84,17,8,D-,E,E,5
PSTV,Plus Therapeutics Inc,MEDICAL,Medical-Biomed/Biotech,169,NASDAQ,0.96,-4,-0.04,230,-94.1,38,7,D-,E,D+,15
PSTX,Poseida Therapeutics Inc,MEDICAL,Medical-Biomed/Biotech,169,NASDAQ,4.58,-3.7,-0.18,120,-1.4,14,14,D-,-,E,6
PTCT,P T C Therapeutics Inc,MEDICAL,Medical-Biomed/Biotech,169,NASDAQ,39.41,-2.8,-1.12,232,-49.4,11,48,D-,E,B-,32
PTIX,Protagenic Therapeutics,MEDICAL,Medical-Biomed/Biotech,169,NASDAQ,1.19,-2.9,-0.04,61,-57.8,20,12,D-,-,C+,14
PTN,Palatin Technologies Inc,MEDICAL,Medical-Biomed/Biotech,169,AMEX,0.42,-5,-0.02,671,-93.3,12,27,D-,E,C+,20
PTPI,Petros Pharmaceuticals,MEDICAL,Medical-Biomed/Biotech,169,NASDAQ,1.74,-3.6,-0.07,537,-96.8,51,20,D-,E,B-,26
PULM,Pulmatrix Inc,MEDICAL,Medical-Biomed/Biotech,169,NASDAQ,0.39,-4.4,-0.02,248,-78.1,28,5,D-,E,D-,2
PYPD,Polypid Ltd,MEDICAL,Medical-Biomed/Biotech,169,NASDAQ,4.36,-2.7,-0.12,29,-29.3,20,11,D-,-,E,6
PYXS,Pyxis Oncology Inc,MEDICAL,Medical-Biomed/Biotech,169,NASDAQ,8.3,-12.9,-1.23,10,-88.7,2,19,D-,-,E,6
QLGN,Qualigen Therapeutics,MEDICAL,Medical-Biomed/Biotech,169,NASDAQ,0.84,-4.5,-0.04,322,-96.5,50,10,D-,E,D-,20
QNRX,Quoin PharmaceuticalsAds,MEDICAL,Medical-Biomed/Biotech,169,NASDAQ,1.48,-4.5,-0.07,293,-87.7,26,1,D-,-,D,5
QSI,Quantum-Si Incorp Cl A,MEDICAL,Medical-Biomed/Biotech,169,NASDAQ,4.59,-4.8,-0.23,702,-29.8,23,9,D-,-,D+,9
QURE,Uniqure N.V.,MEDICAL,Medical-Biomed/Biotech,169,NASDAQ,17.2,-6,-1.09,270,-42,52,11,D-,D,B,33
RAIN,Rain Therapeutics Inc,MEDICAL,Medical-Biomed/Biotech,169,NASDAQ,8.05,-4.8,-0.41,43,-35.7,5,9,D-,-,D,6
RANI,Rani Therap Hldngs Cl A,MEDICAL,Medical-Biomed/Biotech,169,NASDAQ,20.21,-0.4,-0.08,11,-78.2,42,97,D-,D,B-,60
RAPT,Rapt Therapeutics Inc,MEDICAL,Medical-Biomed/Biotech,169,NASDAQ,20.95,-5.3,-1.18,174,5.5,18,24,D-,E,E,10
RARE,Ultragenyx Pharma,MEDICAL,Medical-Biomed/Biotech,169,NASDAQ,69.73,-3.2,-2.31,200,-30.1,20,20,D-,D,B+,24
RCKT,Rocket Pharmaceuticals,MEDICAL,Medical-Biomed/Biotech,169,NASDAQ,16.7,-6,-1.07,347,20.3,13,6,D-,-,B+,13
RCOR,Renovacor Inc,MEDICAL,Medical-Biomed/Biotech,169,AMEX,6.64,-5.2,-0.37,11,-53.6,2,22,D-,-,B,20
RCUS,Arcus Biosciences Inc,MEDICAL,Medical-Biomed/Biotech,169,NYSE,30.06,-4.5,-1.41,288,-30.2,11,39,D-,D,A-,30
RDHL,RedHill Biopharma ADS,MEDICAL,Medical-Biomed/Biotech,169,NASDAQ,2.53,-4.9,-0.13,146,-79.8,21,5,D-,D,D+,7
RDUS,Radius Health Inc,MEDICAL,Medical-Biomed/Biotech,169,NASDAQ,7.11,-6.5,-0.5,553,-43.8,21,4,D-,E,A-,15
REGN,Regeneron Pharmaceutical,MEDICAL,Medical-Biomed/Biotech,169,NASDAQ,622.82,1.5,9.46,815,52.1,99,85,D-,A,E,91
REPH,Recro Pharma Inc,MEDICAL,Medical-Biomed/Biotech,169,NASDAQ,1.56,0.6,0.01,81,-52.8,47,18,D-,-,D+,18
REPL,Replimune Group Inc,MEDICAL,Medical-Biomed/Biotech,169,NASDAQ,18.28,-5.7,-1.1,654,338.3,16,11,D-,-,B,17
RETA,Reata Pharma Inc Cl A,MEDICAL,Medical-Biomed/Biotech,169,NASDAQ,27.84,-5.7,-1.69,312,-62.7,25,1,D-,D,B-,15
REVB,Revelation Biosciences,MEDICAL,Medical-Biomed/Biotech,169,NASDAQ,2.45,-6.5,-0.17,7,-95.7,2,1,D-,-,C,4
RGC,Regencell Bioscience Hld,MEDICAL,Medical-Biomed/Biotech,169,NASDAQ,34.79,-1.1,-0.39,8,-58.5,27,99,D-,-,B-,52
RGLS,Regulus Therapeutics Inc,MEDICAL,Medical-Biomed/Biotech,169,NASDAQ,0.23,-6.9,-0.02,1308,5.4,13,2,D-,D,E,3
RGNX,Regenxbio Inc,MEDICAL,Medical-Biomed/Biotech,169,NASDAQ,24.87,-7.3,-1.96,194,-12.7,9,20,D-,E,B-,16
RIGL,Rigel Pharmaceuticals,MEDICAL,Medical-Biomed/Biotech,169,NASDAQ,2.48,-4.2,-0.11,827,-28,18,18,D-,D,B+,27
RLAY,Relay Therapeutics Inc,MEDICAL,Medical-Biomed/Biotech,169,NASDAQ,21.93,-5,-1.16,530,55.7,4,15,D-,E,D+,10
RLMD,Relmada Therapeutics Inc,MEDICAL,Medical-Biomed/Biotech,169,NASDAQ,17.09,-6.6,-1.2,80,-38.7,2,15,D-,-,C-,10
RLYB,Rallybio Corp,MEDICAL,Medical-Biomed/Biotech,169,NASDAQ,13.47,-3.1,-0.44,27,-18.4,7,26,D-,-,B-,20
RNA,Avidity Biosciences Inc,MEDICAL,Medical-Biomed/Biotech,169,NASDAQ,16.16,-4.2,-0.71,139,-9.3,1,22,D-,D,B,22
RNAZ,Transcode Therapeutics,MEDICAL,Medical-Biomed/Biotech,169,NASDAQ,2.58,5.3,0.13,30,-46.4,30,15,D-,-,B,23
RNXT,RenovoRx Inc,MEDICAL,Medical-Biomed/Biotech,169,NASDAQ,3.09,-8.6,-0.29,55,-89,11,9,D-,-,B+,14
ROIV,Roivant Sciences Ltd,MEDICAL,Medical-Biomed/Biotech,169,NASDAQ,7.04,-1.7,-0.13,139,-77,11,25,D-,-,C,17
RPHM,Reneo Pharmaceuticals,MEDICAL,Medical-Biomed/Biotech,169,NASDAQ,5.74,-8.5,-0.53,43,-11.6,1,17,D-,-,B-,11
RPRX,Royalty Pharma plc Cl A,MEDICAL,Medical-Biomed/Biotech,169,NASDAQ,41.09,1.3,0.53,1989,50.5,64,69,D-,B,B+,74
RPTX,Repare Therapeutics Inc,MEDICAL,Medical-Biomed/Biotech,169,NASDAQ,15.53,0.8,0.12,126,-14.2,1,9,D-,E,C,8
RUBY,Rubius Therapeutics Inc,MEDICAL,Medical-Biomed/Biotech,169,NASDAQ,6.48,-4,-0.27,470,38,18,4,D-,-,E,4
RVLP,Rvl Pharmaceuticals plc,MEDICAL,Medical-Biomed/Biotech,169,NASDAQ,1.07,-6.1,-0.07,92,-80.4,15,6,D-,D,C+,8
RVMD,Revolution Medicines Inc,MEDICAL,Medical-Biomed/Biotech,169,NASDAQ,21.81,-2.4,-0.54,323,6.2,11,16,D-,E,B-,10
RVNC,Revance Therapeutics,MEDICAL,Medical-Biomed/Biotech,169,NASDAQ,13.11,-3,-0.41,342,-34.1,28,16,D-,D,C,23
RVPH,Reviva Pharmaceuticals,MEDICAL,Medical-Biomed/Biotech,169,NASDAQ,1.71,-4.5,-0.08,111,-84.7,44,4,D-,-,E,10
RXDX,Prometheus Biosciences,MEDICAL,Medical-Biomed/Biotech,169,NASDAQ,36.11,-0.4,-0.13,201,9.6,1,97,D-,E,B-,55
RXRX,Recursion Pharma Cl A,MEDICAL,Medical-Biomed/Biotech,169,NASDAQ,11.72,-5.2,-0.64,547,-48.8,2,7,D-,D,B+,16
RYTM,Rhythm Pharmaceuticals,MEDICAL,Medical-Biomed/Biotech,169,NASDAQ,7.5,-2.1,-0.16,478,130.7,28,6,D-,-,C+,13
RZLT,Rezolute Inc,MEDICAL,Medical-Biomed/Biotech,169,NASDAQ,4.63,-2.7,-0.13,3,-88.7,6,11,D-,-,B-,9
SABS,SAB Biotherapeutics Inc,MEDICAL,Medical-Biomed/Biotech,169,NASDAQ,5.49,-6,-0.35,39,-81,8,14,D-,-,D-,9
SAGE,Sage Therapeutics Inc,MEDICAL,Medical-Biomed/Biotech,169,NASDAQ,40.28,-1,-0.41,234,-18.7,23,23,D-,B,B,30
SANA,Sana Biotechnology Inc,MEDICAL,Medical-Biomed/Biotech,169,NASDAQ,7.98,-9.4,-0.83,816,40.4,4,4,D-,-,E,3
SAVA,Cassava Sciences Inc,MEDICAL,Medical-Biomed/Biotech,169,NASDAQ,45.91,-0.2,-0.11,1226,-53,2,25,D-,-,B-,14
SBTX,Silverback Therapeutics,MEDICAL,Medical-Biomed/Biotech,169,NASDAQ,4.86,0.2,0.01,351,24.1,1,1,D-,-,C-,3
SCPH,Scpharmaceuticals Inc,MEDICAL,Medical-Biomed/Biotech,169,NASDAQ,4.85,-3,-0.15,12,-74.8,37,27,D-,-,C+,30
SCPS,Scopus Biopharma Inc,MEDICAL,Medical-Biomed/Biotech,169,NASDAQ,1.12,0.9,0.01,9,-86.2,23,1,D-,-,E,3
SCYX,Scynexis Inc,MEDICAL,Medical-Biomed/Biotech,169,NASDAQ,4.7,-9.8,-0.51,179,-43.3,48,24,D-,E,D-,29
SEEL,Seelos Therapeutics Inc,MEDICAL,Medical-Biomed/Biotech,169,NASDAQ,1.15,-1.7,-0.02,2512,15.2,16,6,D-,E,E,4
SEER,Seer Inc Cl A,MEDICAL,Medical-Biomed/Biotech,169,NASDAQ,17.74,2.1,0.37,325,-15.7,2,6,D-,D,B-,12
SELB,Selecta Biosciences Inc,MEDICAL,Medical-Biomed/Biotech,169,NASDAQ,2.36,-7.8,-0.2,502,-40.4,30,17,D-,D,D-,21
SESN,Sesen Bio Inc,MEDICAL,Medical-Biomed/Biotech,169,NASDAQ,0.69,-5.8,-0.04,1296,-55,47,5,D-,E,B,22
SGEN,Seagen Inc,MEDICAL,Medical-Biomed/Biotech,169,NASDAQ,136.67,-0.8,-1.09,377,-34.5,15,28,D-,B,C-,27
SGMO,Sangamo Therapeutics Inc,MEDICAL,Medical-Biomed/Biotech,169,NASDAQ,5.69,-7.3,-0.45,628,-37.6,6,13,D-,E,D,4
SGTX,Sigilon Therapeutics Inc,MEDICAL,Medical-Biomed/Biotech,169,NASDAQ,1.81,-5,-0.1,63,-46.3,12,1,D-,E,D+,1
SIGA,Siga Technologies Inc,MEDICAL,Medical-Biomed/Biotech,169,NASDAQ,6.74,0.9,0.06,151,-33.7,8,44,D-,B,B,36
SIOX,Sio Gene Therapies Inc,MEDICAL,Medical-Biomed/Biotech,169,NASDAQ,0.81,-10.4,-0.09,2374,358.8,20,4,D-,-,E,5
SISI,Shineco Inc,MEDICAL,Medical-Biomed/Biotech,169,NASDAQ,4.17,13.9,0.51,129,223.7,1,11,D-,E,D,1
SLDB,Solid Biosciences Inc,MEDICAL,Medical-Biomed/Biotech,169,NASDAQ,1.22,-5.8,-0.08,1071,-6.6,45,5,D-,-,C+,17
SLGL,Sol-gel Technologies Ltd,MEDICAL,Medical-Biomed/Biotech,169,NASDAQ,7.49,3.9,0.28,30,7.7,44,20,D-,E,C,22
SLN,Silence Therapeutics Ads,MEDICAL,Medical-Biomed/Biotech,169,NASDAQ,21.38,1.7,0.36,5,-90.2,9,33,D-,D,E,20
SLRX,Salarius Pharmaceuticals,MEDICAL,Medical-Biomed/Biotech,169,NASDAQ,0.45,-6.8,-0.03,187,-53.7,38,8,D-,E,B-,18
SLS,Sellas Life Sciences Gp,MEDICAL,Medical-Biomed/Biotech,169,NASDAQ,5.17,-6.9,-0.38,84,-38.8,38,15,D-,E,D+,22
SMFR,Sema4 Holdings Corp Cl A,MEDICAL,Medical-Biomed/Biotech,169,NASDAQ,3.28,-0.5,-0.02,1539,0,40,2,D-,E,D+,13
SMMT,Summit Therapeutics Inc,MEDICAL,Medical-Biomed/Biotech,169,NASDAQ,2.31,0.9,0.02,94,-45.2,26,3,D-,D,D-,10
SNDX,Syndax Pharmaceuticals,MEDICAL,Medical-Biomed/Biotech,169,NASDAQ,15.82,-4.8,-0.79,316,-15.9,26,48,D-,D,C,35
SNES,Senestech Inc,MEDICAL,Medical-Biomed/Biotech,169,NASDAQ,0.93,-0.9,-0.01,49,-58.7,47,13,D-,E,D+,24
SNGX,Soligenix Inc,MEDICAL,Medical-Biomed/Biotech,169,NASDAQ,0.62,-4.2,-0.03,114,-82.4,21,11,D-,E,D-,4
SNPX,Synaptogenix Inc,MEDICAL,Medical-Biomed/Biotech,169,NASDAQ,9.38,-7,-0.71,401,189.4,17,94,D-,-,C+,45
SNSE,Sensei Biotherapeutics,MEDICAL,Medical-Biomed/Biotech,169,NASDAQ,4.9,-1.4,-0.07,46,-35.2,5,8,D-,-,D,4
SONN,Sonnet Biotherapeutics,MEDICAL,Medical-Biomed/Biotech,169,NASDAQ,0.31,-7.8,-0.03,1324,0.9,48,2,D-,E,D,14
SOPH,Sophia Genetics SA,MEDICAL,Medical-Biomed/Biotech,169,NASDAQ,11.48,-2.4,-0.28,30,-65.2,6,20,D-,E,D+,17
SPPI,Spectrum Pharmaceuticals,MEDICAL,Medical-Biomed/Biotech,169,NASDAQ,0.74,-5.8,-0.05,7863,103.1,38,1,D-,-,B,17
SPRB,Spruce Biosciences Inc,MEDICAL,Medical-Biomed/Biotech,169,NASDAQ,2.4,-9.4,-0.25,258,-93.3,13,2,D-,-,D-,3
SPRC,Scisparc Ltd,MEDICAL,Medical-Biomed/Biotech,169,NASDAQ,5.33,2.7,0.14,0,-96.8,27,21,D-,-,B+,31
SPRO,Spero Therapeutics Inc,MEDICAL,Medical-Biomed/Biotech,169,NASDAQ,10.88,-2.7,-0.3,211,133.8,36,18,D-,D,D,20
SQZ,Sqz Biotechnologies Co,MEDICAL,Medical-Biomed/Biotech,169,NYSE,8,0.3,0.02,86,59.8,10,11,D-,E,B-,7
SRNE,Sorrento Therapeutics,MEDICAL,Medical-Biomed/Biotech,169,NASDAQ,3.21,-7.4,-0.26,6338,12.3,14,5,D-,E,D-,1
SRPT,Sarepta Therapeutics Inc,MEDICAL,Medical-Biomed/Biotech,169,NASDAQ,71.18,-4.1,-3.07,337,-53.2,36,42,D-,E,C-,37
SRRA,Sierra Oncology Inc,MEDICAL,Medical-Biomed/Biotech,169,NASDAQ,30.62,3.3,0.97,754,-38.3,13,98,D-,E,A-,63
SRRK,Scholar Rock Holding Crp,MEDICAL,Medical-Biomed/Biotech,169,NASDAQ,16.99,-8.7,-1.62,131,-4.5,15,12,D-,E,B,17
SRZN,Surrozen Inc,MEDICAL,Medical-Biomed/Biotech,169,NASDAQ,2.22,-4.7,-0.11,430,551.4,18,1,D-,-,E,3
STAB,Statera Biopharma Inc,MEDICAL,Medical-Biomed/Biotech,169,NASDAQ,1.41,2.9,0.04,121,-27.2,23,2,D-,-,E,4
STIM,Neuronetics Inc,MEDICAL,Medical-Biomed/Biotech,169,NASDAQ,3.53,-2.5,-0.09,73,-59,17,6,D-,E,D-,5
STOK,Stoke Therapeutics Inc,MEDICAL,Medical-Biomed/Biotech,169,NASDAQ,17.71,-5.8,-1.09,120,-36.3,11,14,D-,-,B+,16
STRO,Sutro Biopharma Inc,MEDICAL,Medical-Biomed/Biotech,169,NASDAQ,9.83,-7.5,-0.8,346,-4.3,8,8,D-,D,B-,11
STSA,Satsuma Pharmaceuticals,MEDICAL,Medical-Biomed/Biotech,169,NASDAQ,5.25,-1.3,-0.07,10,-72.5,39,52,D-,-,B+,44
STTK,Shattuck Labs Inc,MEDICAL,Medical-Biomed/Biotech,169,NASDAQ,6.32,-9.6,-0.67,83,-66,7,1,D-,E,D-,1
SUPN,Supernus Pharmaceuticals,MEDICAL,Medical-Biomed/Biotech,169,NASDAQ,31.14,-1.9,-0.61,240,-13,52,85,D-,B,B,67
SURF,Surface Oncology Inc,MEDICAL,Medical-Biomed/Biotech,169,NASDAQ,3.49,-8,-0.31,388,-22.5,21,9,D-,B,B-,27
SVA,Sinovac Biotech Ltd,MEDICAL,Medical-Biomed/Biotech,169,NASDAQ,6.47,0,0,0,0,98,65,D-,A,E,85
SVRA,Savara Inc,MEDICAL,Medical-Biomed/Biotech,169,NASDAQ,1.21,-2.8,-0.04,227,-32.5,45,37,D-,E,B-,33
SWTX,Springworks Therptcs,MEDICAL,Medical-Biomed/Biotech,169,NASDAQ,54.69,-4.9,-2.82,185,-34.9,6,22,D-,E,B,23
SYBX,Synlogic Inc,MEDICAL,Medical-Biomed/Biotech,169,NASDAQ,1.99,-11.9,-0.27,112,-50.8,37,20,D-,E,B-,28
SYN,Synthetic Biologics Inc,MEDICAL,Medical-Biomed/Biotech,169,AMEX,0.24,-7.7,-0.02,1168,-30.2,51,8,D-,-,D-,18
SYRS,Syros Pharmaceuticals,MEDICAL,Medical-Biomed/Biotech,169,NASDAQ,1.94,-6.5,-0.14,791,181.1,33,4,D-,D,C,17
TALS,Talaris Therapeutics Inc,MEDICAL,Medical-Biomed/Biotech,169,NASDAQ,8.95,-1.6,-0.15,56,-0.2,2,11,D-,-,C+,10
TARA,Protara Therapeutics Inc,MEDICAL,Medical-Biomed/Biotech,169,NASDAQ,5.44,-3.5,-0.2,21,-68.3,35,15,D-,-,C,19
TARS,Tarsus Pharmaceuticals,MEDICAL,Medical-Biomed/Biotech,169,NASDAQ,17.86,-13.5,-2.78,37,116.1,31,20,D-,-,C+,24
TBPH,Theravance Biopharma Inc,MEDICAL,Medical-Biomed/Biotech,169,NASDAQ,9.15,-0.1,-0.01,482,-59.6,40,22,D-,-,C,21
TCDA,Tricida Inc,MEDICAL,Medical-Biomed/Biotech,169,NASDAQ,10.52,0.2,0.02,190,-36.3,43,99,D-,-,A+,75
TCON,Tracon Pharmaceuticals,MEDICAL,Medical-Biomed/Biotech,169,NASDAQ,2.61,-4.7,-0.13,56,-81.2,27,13,D-,-,B,19
TCRR,Tcr2 Therapeutics Inc,MEDICAL,Medical-Biomed/Biotech,169,NASDAQ,3.26,-8.2,-0.29,362,-35.6,20,2,D-,-,B,11
TCRT,Alaunos Therapeutics Inc,MEDICAL,Medical-Biomed/Biotech,169,NASDAQ,0.98,-7.5,-0.08,1605,-3.8,17,7,D-,-,B-,10
TCRX,Tscan Therapeutics Inc,MEDICAL,Medical-Biomed/Biotech,169,NASDAQ,4.72,0.9,0.04,18,-37.4,2,8,D-,D,E,5
TENX,Tenax Therapeutics Inc,MEDICAL,Medical-Biomed/Biotech,169,NASDAQ,0.74,8.8,0.06,107,-37.6,38,3,D-,-,E,6
TERN,Terns Pharmaceuticals,MEDICAL,Medical-Biomed/Biotech,169,NASDAQ,5.06,-11.5,-0.66,35,-28.8,25,9,D-,-,C,12
TFFP,TFF Pharmaceuticals Inc,MEDICAL,Medical-Biomed/Biotech,169,NASDAQ,5.61,-2.5,-0.15,108,-37.3,18,13,D-,-,C-,12
TGTX,TG Therapeutics Inc,MEDICAL,Medical-Biomed/Biotech,169,NASDAQ,10.98,-6.7,-0.79,1556,-26.7,24,2,D-,D,A-,24
THRX,Theseus Pharmaceuticals,MEDICAL,Medical-Biomed/Biotech,169,NASDAQ,10.22,5,0.49,81,-51.5,6,10,D-,-,B-,12
THTX,Theratechnologies Inc,MEDICAL,Medical-Biomed/Biotech,169,NASDAQ,3.24,0,0,87,-13,23,75,D-,E,B+,53
TIL,Instil Bio Inc,MEDICAL,Medical-Biomed/Biotech,169,NASDAQ,11.64,-4.7,-0.57,213,-47.3,2,12,D-,E,D,7
TIVC,Tivic Health Systems Inc,MEDICAL,Medical-Biomed/Biotech,169,NASDAQ,1.65,-3.5,-0.06,223,-67.1,2,2,D-,E,C+,2
TLSA,Tiziana Life Science Ltd,MEDICAL,Medical-Biomed/Biotech,169,NASDAQ,0.8,-2,-0.02,50,-58.7,2,3,D-,-,C-,4
TNGX,Tango Therapeutics Inc,MEDICAL,Medical-Biomed/Biotech,169,NASDAQ,9.25,0.3,0.03,56,-46.6,34,23,D-,C,C+,32
TNXP,Tonix Pharmaceuticals,MEDICAL,Medical-Biomed/Biotech,169,NASDAQ,0.23,-4.7,-0.01,19318,15.8,44,2,D-,-,E,7
TNYA,Tenaya Therapeutics Inc,MEDICAL,Medical-Biomed/Biotech,169,NASDAQ,12.15,-3.8,-0.48,121,10,8,16,D-,-,E,4
TPST,Tempest Therapeutics,MEDICAL,Medical-Biomed/Biotech,169,NASDAQ,3.76,-4.3,-0.17,7,-77.8,46,1,D-,-,D-,10
TPTX,Turning Point Therap,MEDICAL,Medical-Biomed/Biotech,169,NASDAQ,36.2,-7.2,-2.82,229,-25.9,5,15,D-,E,D+,2
TRDA,Entrada Therapeutics Inc,MEDICAL,Medical-Biomed/Biotech,169,NASDAQ,9.35,-8.7,-0.89,21,-80.4,4,5,D-,-,C,5
TRVI,Trevi Therapeutics Inc,MEDICAL,Medical-Biomed/Biotech,169,NASDAQ,0.68,-2.3,-0.02,181,23.8,26,4,D-,-,D,8
TRVN,Trevena Inc,MEDICAL,Medical-Biomed/Biotech,169,NASDAQ,0.52,-4.2,-0.02,665,-31.6,5,4,D-,E,D,1
TSHA,Taysha Gene Therapies,MEDICAL,Medical-Biomed/Biotech,169,NASDAQ,7.7,-6.1,-0.5,371,191,1,5,D-,-,C-,4
TSVT,2seventy bio Inc,MEDICAL,Medical-Biomed/Biotech,169,NASDAQ,15.99,-8.7,-1.52,335,9.1,15,9,D-,E,B-,9
TTNP,Titan Pharmaceuticals,MEDICAL,Medical-Biomed/Biotech,169,NASDAQ,1.14,-0.4,-0.01,170,-52,44,9,D-,B,C,27
TVTX,Travere Therapeutics Inc,MEDICAL,Medical-Biomed/Biotech,169,NASDAQ,25.85,-2.5,-0.68,204,-32.7,13,89,D-,E,C-,47
TWST,Twist Bioscience Corp,MEDICAL,Medical-Biomed/Biotech,169,NASDAQ,61.25,-1.8,-1.1,471,-28.6,12,7,D-,D,D-,9
TYME,Tyme Technologies Inc,MEDICAL,Medical-Biomed/Biotech,169,NASDAQ,0.36,-4.8,-0.02,651,-45.1,38,2,D-,-,C-,12
TYRA,Tyra Biosciences Inc,MEDICAL,Medical-Biomed/Biotech,169,NASDAQ,12.52,-7.5,-1.02,84,-44.4,2,10,D-,-,E,4
UBX,Unity Biotechnology Inc,MEDICAL,Medical-Biomed/Biotech,169,NASDAQ,1.16,-8.7,-0.11,686,-29.8,38,2,D-,-,C-,12
UNCY,Unicycive Therapeutics,MEDICAL,Medical-Biomed/Biotech,169,NASDAQ,1.35,-3.6,-0.05,102,-47.1,2,4,D-,-,D+,3
UPC,Universe Pharmaceuticals,MEDICAL,Medical-Biomed/Biotech,169,NASDAQ,1.49,4.2,0.06,35,-36.5,61,8,D-,A,C+,34
URGN,Urogen Pharma Ltd,MEDICAL,Medical-Biomed/Biotech,169,NASDAQ,7.38,-5.3,-0.41,52,-54,24,5,D-,D,D+,15
UTHR,United Therapeutics Corp,MEDICAL,Medical-Biomed/Biotech,169,NASDAQ,202.45,-0.3,-0.52,140,-33.1,54,85,D-,A,B,78
VACC,Vaccitech plc Ads,MEDICAL,Medical-Biomed/Biotech,169,NASDAQ,9.34,0,0,11,-53.5,5,15,D-,E,D-,3
VALN,Valneva SE Ads,MEDICAL,Medical-Biomed/Biotech,169,NASDAQ,34.4,-2.9,-1.01,9,-89.1,1,77,D-,E,C,30
VAXX,Vaxxinity Inc Cl A,MEDICAL,Medical-Biomed/Biotech,169,NASDAQ,6.16,-8.3,-0.56,113,-72.3,2,4,D-,-,C,1
VBIV,V B I Vaccines Inc,MEDICAL,Medical-Biomed/Biotech,169,NASDAQ,1.59,-7.7,-0.13,1623,-51.3,20,10,D-,E,E,3
VBLT,Vascular Biogenics Ltd,MEDICAL,Medical-Biomed/Biotech,169,NASDAQ,1.27,-4.9,-0.07,129,-39.6,36,13,D-,E,E,8
VCEL,Vericel Corporation,MEDICAL,Medical-Biomed/Biotech,169,NASDAQ,34.3,-3.9,-1.41,244,-10.2,20,19,D-,C,C,23
VCNX,Vaccinex Inc,MEDICAL,Medical-Biomed/Biotech,169,NASDAQ,1.68,6.7,0.11,1989,66,43,18,D-,-,B+,21
VECT,Vectivbio Holding A G,MEDICAL,Medical-Biomed/Biotech,169,NASDAQ,4.7,-1.5,-0.07,10,-83.3,1,11,D-,-,D+,4
VERA,Vera Therapeutics Cl A,MEDICAL,Medical-Biomed/Biotech,169,NASDAQ,19.32,-3.9,-0.79,26,-44.2,7,97,D-,-,C-,38
VERV,Verve Therapeutics Inc,MEDICAL,Medical-Biomed/Biotech,169,NASDAQ,27.94,-3.6,-1.06,438,-0.4,1,17,D-,-,D,7
VIGL,Vigil Neuroscience Inc,MEDICAL,Medical-Biomed/Biotech,169,NASDAQ,13.8,2.6,0.35,33,-88.7,21,85,D-,-,-,51
VINC,Vincerx Inc,MEDICAL,Medical-Biomed/Biotech,169,NASDAQ,7.43,-6.1,-0.48,138,30.5,2,9,D-,-,B-,8
VIR,Vir Biotechnology Inc,MEDICAL,Medical-Biomed/Biotech,169,NASDAQ,33.07,-6,-2.11,759,-51.2,69,29,D-,D,B-,41
VIRI,Virios Therapeutics Inc,MEDICAL,Medical-Biomed/Biotech,169,NASDAQ,6.79,2.3,0.15,6,-71,6,89,D-,-,B-,44
VIRX,Viracta Therapeutics Inc,MEDICAL,Medical-Biomed/Biotech,169,NASDAQ,2.4,-11.8,-0.32,243,24.9,48,2,D-,E,B-,20
VKTX,Viking Therapeutics Inc,MEDICAL,Medical-Biomed/Biotech,169,NASDAQ,3.57,-6.8,-0.26,794,0.3,12,13,D-,-,D-,9
VLON,Vallon Pharmaceuticals,MEDICAL,Medical-Biomed/Biotech,169,NASDAQ,4.78,-3.5,-0.17,166,-81,7,60,D-,E,B-,31
VNDA,Vanda Pharmaceuticals,MEDICAL,Medical-Biomed/Biotech,169,NASDAQ,14.7,-3.4,-0.51,398,63.1,72,30,D-,C,C,54
VOR,Vor Biopharma Inc,MEDICAL,Medical-Biomed/Biotech,169,NASDAQ,8.05,-6.7,-0.58,33,-51.5,6,7,D-,-,E,3
VRCA,Verrica Pharmaceuticals,MEDICAL,Medical-Biomed/Biotech,169,NASDAQ,8.39,0.5,0.04,35,-25.5,19,16,D-,-,E,12
VRDN,Viridian Therapeutics,MEDICAL,Medical-Biomed/Biotech,169,NASDAQ,18.57,-4.8,-0.94,12,-80.3,25,89,D-,E,B+,63
VRNA,Verona Pharma Plc Ads,MEDICAL,Medical-Biomed/Biotech,169,NASDAQ,6.06,-1.8,-0.11,47,-51.2,54,69,D-,-,B+,55
VRPX,Virpax Pharmaceuticals,MEDICAL,Medical-Biomed/Biotech,169,NASDAQ,2.1,-3.2,-0.07,59,-94.1,10,7,D-,-,D-,3
VRTX,Vertex Pharmaceuticals,MEDICAL,Medical-Biomed/Biotech,169,NASDAQ,253.47,3.2,7.81,2831,105.4,97,94,D-,A,A-,96
VSTM,Verastem Inc,MEDICAL,Medical-Biomed/Biotech,169,NASDAQ,1.44,-8.3,-0.13,741,-32.1,17,13,D-,E,C+,9
VTGN,VistaGen Therapeutics,MEDICAL,Medical-Biomed/Biotech,169,NASDAQ,1.52,-7.1,-0.12,731,-13.1,21,16,D-,D,C,23
VTVT,V T V Therapeutics Cl A,MEDICAL,Medical-Biomed/Biotech,169,NASDAQ,0.77,-0.6,0,66,-78,44,5,D-,-,E,12
VTYX,Ventyx Biosciences Inc,MEDICAL,Medical-Biomed/Biotech,169,NASDAQ,14.29,-10.1,-1.6,46,-59.9,5,20,D-,-,D-,12
VVOS,Vivos Therapeutics Inc,MEDICAL,Medical-Biomed/Biotech,169,NASDAQ,2.49,-3.5,-0.09,176,-93.1,2,13,D-,E,C,11
VXRT,Vaxart Inc,MEDICAL,Medical-Biomed/Biotech,169,NASDAQ,4.91,-5.1,-0.27,1550,-44,12,11,D-,E,C-,3
VYGR,Voyager Therapeutics Inc,MEDICAL,Medical-Biomed/Biotech,169,NASDAQ,2.9,-5.2,-0.16,1221,222.6,4,18,D-,D,B-,14
VYNE,VYNE Therapeutics Inc,MEDICAL,Medical-Biomed/Biotech,169,NASDAQ,0.59,-5.2,-0.03,658,-79.9,38,1,D-,E,E,8
WINT,Windtree Therapeutics,MEDICAL,Medical-Biomed/Biotech,169,NASDAQ,1.23,-6.1,-0.08,177,11.2,18,13,D-,E,D-,10
WVE,Wave Life Sciences,MEDICAL,Medical-Biomed/Biotech,169,NASDAQ,2.25,-4.3,-0.1,470,104.1,46,4,D-,D,D-,17
XBIO,Xenetic Biosciences Inc,MEDICAL,Medical-Biomed/Biotech,169,NASDAQ,1.14,9.6,0.1,608,259.1,43,7,D-,D,C-,21
XBIT,Xbiotech Inc,MEDICAL,Medical-Biomed/Biotech,169,NASDAQ,10.16,-4.4,-0.47,41,-3.9,22,17,D-,E,D-,14
XCUR,Exicure Inc,MEDICAL,Medical-Biomed/Biotech,169,NASDAQ,0.25,19,0.04,35226,388.3,2,1,D-,E,B-,4
XENE,Xenon Pharmaceuticals,MEDICAL,Medical-Biomed/Biotech,169,NASDAQ,29.54,-0.3,-0.1,281,-28.2,7,97,D-,E,B-,51
XERS,Xeris Biopharma Holdings,MEDICAL,Medical-Biomed/Biotech,169,NASDAQ,2.08,-2.6,-0.06,3597,20.3,25,22,D-,E,C-,20
XFOR,X4 Pharmaceuticals Inc,MEDICAL,Medical-Biomed/Biotech,169,NASDAQ,1.94,-5.5,-0.11,148,-84.7,28,2,D-,E,C,12
XLO,Xilio Therapeutics Inc,MEDICAL,Medical-Biomed/Biotech,169,NASDAQ,10.32,-18.5,-2.34,26,-62.6,8,17,D-,-,D+,12
XNCR,Xencor Inc,MEDICAL,Medical-Biomed/Biotech,169,NASDAQ,32.12,-4.1,-1.38,130,-25.4,21,27,D-,D,C+,25
XOMA,Xoma Corp,MEDICAL,Medical-Biomed/Biotech,169,NASDAQ,20.07,-2,-0.41,10,-40.9,8,16,D-,B,C+,28
XRTX,Xortx Therapeutics Inc,MEDICAL,Medical-Biomed/Biotech,169,NASDAQ,1.63,-5.5,-0.1,5,-90.2,17,12,D-,-,C+,13
XTLB,X T L Biopharma Ltd Ads,MEDICAL,Medical-Biomed/Biotech,169,NASDAQ,2.52,-0.4,-0.01,5,-65.9,28,18,D-,-,C-,19
YMAB,Y-mabs Therapeutics Inc,MEDICAL,Medical-Biomed/Biotech,169,NASDAQ,8.67,-13.3,-1.33,460,92.1,38,2,D-,E,B-,17
YMTX,Yumanity Therapeutics,MEDICAL,Medical-Biomed/Biotech,169,NASDAQ,1.98,-9.5,-0.21,91,-5.9,46,1,D-,E,D-,12
ZEAL,Zealand Pharma A/S Ads,MEDICAL,Medical-Biomed/Biotech,169,NASDAQ,19.36,2.1,0.39,1,-66.4,15,13,D-,D,E,14
ZGNX,Zogenix Inc,MEDICAL,Medical-Biomed/Biotech,169,NASDAQ,26.15,-0.9,-0.23,1226,-37.8,20,98,D-,D,A+,72
ZLAB,Zai Lab Limited Ads,MEDICAL,Medical-Biomed/Biotech,169,NASDAQ,53.48,-0.2,-0.11,535,10.3,13,4,D-,D,C,13
ZNTL,Zentalis Pharmaceuticals,MEDICAL,Medical-Biomed/Biotech,169,NASDAQ,57.91,-0.1,-0.04,272,44.5,31,65,D-,-,B-,40
ZOM,Zomedica Corp,MEDICAL,Medical-Biomed/Biotech,169,AMEX,0.32,1,0,6717,-43.7,31,7,D-,-,C+,13
ZYME,Zymeworks inc,MEDICAL,Medical-Biomed/Biotech,169,NYSE,7.75,-7.8,-0.66,1180,33.5,16,1,D-,D,D-,6
ZYNE,Zynerba Pharmaceuticals,MEDICAL,Medical-Biomed/Biotech,169,NASDAQ,2.59,-3,-0.08,685,8.2,39,16,D-,-,D,19
ABT,Abbott Laboratories,MEDICAL,Medical-Diversified,119,NYSE,130.08,2.3,2.88,4697,11.8,79,75,C,A,E,77
AZN,Astrazeneca Plc Ads,MEDICAL,Medical-Diversified,119,NASDAQ,58.99,2.3,1.33,8368,94.2,50,69,C,A,C+,78
DHR,Danaher Corp,MEDICAL,Medical-Diversified,119,NYSE,295.07,2.7,7.78,1857,-9.6,91,72,C,A,E,83
GSK,Glaxosmithkline Plc Adr,MEDICAL,Medical-Diversified,119,NYSE,45.72,1.2,0.53,3557,1.9,70,89,C,A,B-,83
JNJ,Johnson & Johnson,MEDICAL,Medical-Diversified,119,NYSE,172.84,1.1,1.96,4808,-6.9,76,72,C,A,B-,82
LLY,Eli Lilly & Co,MEDICAL,Medical-Diversified,119,NYSE,251.25,1.2,2.97,1760,-18.7,94,86,C,A,C-,92
ABBV,AbbVie Inc,MEDICAL,Medical-Ethical Drugs,104,NYSE,139.17,1.6,2.17,8902,77.4,93,93,C+,A,B+,95
AMPE,Ampio Pharmaceuticals,MEDICAL,Medical-Ethical Drugs,104,AMEX,0.5,-7.7,-0.04,1100,-34.9,27,2,C+,-,D-,13
ASRT,Assertio Holdings Inc,MEDICAL,Medical-Ethical Drugs,104,NASDAQ,2.56,-3,-0.08,665,-35.6,59,99,C+,E,A+,70
BFRI,Biofrontera Inc,MEDICAL,Medical-Ethical Drugs,104,NASDAQ,3.92,-8.6,-0.37,2562,-87.9,7,72,C+,-,A-,39
BHC,Bausch Health Companies,MEDICAL,Medical-Ethical Drugs,104,NYSE,25.15,0.4,0.1,1642,-47.3,58,42,C+,B,B-,53
BMY,Bristol Myers Squibb Co,MEDICAL,Medical-Ethical Drugs,104,NYSE,64.84,-0.5,-0.32,9032,-8.5,93,77,C+,A,B,94
CPIX,Cumberland Pharma Inc,MEDICAL,Medical-Ethical Drugs,104,NASDAQ,3.49,0.9,0.03,26,-99.5,15,93,C+,D,C,45
ENDP,Endo International plc,MEDICAL,Medical-Ethical Drugs,104,NASDAQ,3.18,-1.1,-0.04,2475,-35.7,55,12,C+,-,C-,26
EOLS,Evolus Inc,MEDICAL,Medical-Ethical Drugs,104,NASDAQ,7.73,3.1,0.23,319,-18.9,27,33,C+,E,A+,40
GRFS,Grifols Sa Cl B Ads,MEDICAL,Medical-Ethical Drugs,104,NASDAQ,11.98,-0.3,-0.04,819,13.2,49,24,C+,B,D,35
INM,Inmed Pharmaceuticals,MEDICAL,Medical-Ethical Drugs,104,NASDAQ,1.16,-2.1,-0.03,42,-87.7,15,9,C+,-,D-,9
ISR,Isoray Inc,MEDICAL,Medical-Ethical Drugs,104,AMEX,0.39,2.7,0.01,664,-2,11,7,C+,E,D-,6
JAGX,Jaguar Health Inc,MEDICAL,Medical-Ethical Drugs,104,NASDAQ,0.8,-4.7,-0.04,599,-81.2,46,1,C+,E,C-,14
JAZZ,Jazz Pharmaceuticals Plc,MEDICAL,Medical-Ethical Drugs,104,NASDAQ,140.98,0.1,0.19,361,-13.5,60,42,C+,A,C-,67
KMPH,Kempharm Inc,MEDICAL,Medical-Ethical Drugs,104,NASDAQ,6.68,-6.8,-0.49,646,62.6,34,25,C+,-,C-,23
LEXX,Lexaria Bioscience Corp,MEDICAL,Medical-Ethical Drugs,104,NASDAQ,3.86,-9.1,-0.39,815,130.3,11,20,C+,E,E,11
MIST,Milestone Pharma Inc,MEDICAL,Medical-Ethical Drugs,104,NASDAQ,6.9,5.3,0.35,35,-23.6,50,85,C+,-,D+,60
MRK,Merck & Co Inc,MEDICAL,Medical-Ethical Drugs,104,NYSE,82.12,0.2,0.2,9456,-5.3,86,75,C+,A,B-,88
NVO,Novo Nordisk A/S Adr,MEDICAL,Medical-Ethical Drugs,104,NYSE,106.44,3.7,3.84,1970,54,80,91,C+,A,D-,83
NVS,Novartis Ag Adr,MEDICAL,Medical-Ethical Drugs,104,NYSE,85.97,-2.5,-2.21,3950,81,77,69,C+,A,B-,78
NXGL,Nexgel Inc,MEDICAL,Medical-Ethical Drugs,104,NASDAQ,2.62,-2.6,-0.07,24,-96.7,6,21,C+,E,-,25
PAHC,Phibro Animal Hlth Cl A,MEDICAL,Medical-Ethical Drugs,104,NASDAQ,19.3,0.3,0.06,46,-2.8,55,28,C+,B,C+,46
PCSA,Processa Pharmaceuticals,MEDICAL,Medical-Ethical Drugs,104,NASDAQ,4.05,-3.1,-0.13,15,-61,19,14,C+,-,D-,15
PFE,Pfizer Inc,MEDICAL,Medical-Ethical Drugs,104,NYSE,54.06,1.9,0.99,23514,-31.9,81,95,C+,A,D-,97
PTGX,Protagonist Therapeutics,MEDICAL,Medical-Ethical Drugs,104,NASDAQ,29.55,-2.3,-0.71,456,21,6,55,C+,E,D+,28
SNY,Sanofi,MEDICAL,Medical-Ethical Drugs,104,NASDAQ,52.6,1.9,0.97,973,-25.9,70,72,C+,B,B+,80
SXTC,China Sxt Pharma,MEDICAL,Medical-Ethical Drugs,104,NASDAQ,0.21,-5.3,-0.01,3576,41.5,10,1,C+,E,D,2
TAK,Takeda Pharma Co Ltd Ads,MEDICAL,Medical-Ethical Drugs,104,NYSE,14.6,0.1,0.02,2676,2.4,66,39,C+,B,B-,57
TMBR,Timber Pharmaceuticals,MEDICAL,Medical-Ethical Drugs,104,AMEX,0.34,-0.9,0,308,-80.5,24,2,C+,E,E,5
TXMD,TherapeuticsMD Inc,MEDICAL,Medical-Ethical Drugs,104,NASDAQ,0.29,-6.8,-0.02,3821,-34.6,36,2,C+,E,D-,17
ZTS,Zoetis Inc,MEDICAL,Medical-Ethical Drugs,104,NYSE,201.99,1.6,3.12,1809,30.7,90,79,C+,A,E,80
ABSI,Absci Corp,MEDICAL,Medical-Generic Drugs,153,NASDAQ,7.36,1.7,0.12,379,-72,2,3,D+,D,D-,5
ACRS,Aclaris Therapeutics Inc,MEDICAL,Medical-Generic Drugs,153,NASDAQ,11.4,-1.6,-0.19,319,6.6,14,15,D+,E,D+,14
AMRX,Amneal Pharmaceuticals,MEDICAL,Medical-Generic Drugs,153,NYSE,4.77,3.1,0.15,463,-10.3,63,28,D+,A,C+,49
ANIP,A N I Pharmaceuticals,MEDICAL,Medical-Generic Drugs,153,NASDAQ,38.87,-1.2,-0.48,56,-36.6,48,60,D+,B,D+,47
ARMP,Armata Pharmaceuticals,MEDICAL,Medical-Generic Drugs,153,AMEX,4.9,-2,-0.1,29,-12.4,28,94,D+,D,B+,65
COLL,Collegium Pharmaceutical,MEDICAL,Medical-Generic Drugs,153,NASDAQ,17.99,-0.3,-0.05,102,-30.8,10,25,D+,B,B+,30
CPHI,China Pharma Holdings,MEDICAL,Medical-Generic Drugs,153,AMEX,0.43,1.7,0.01,132,-49.1,20,14,D+,E,C-,10
EGRX,Eagle Pharmaceuticals,MEDICAL,Medical-Generic Drugs,153,NASDAQ,44.91,-2.3,-1.08,43,-37.9,42,42,D+,B,C,44
FIXX,Homology Medicines Inc,MEDICAL,Medical-Generic Drugs,153,NASDAQ,3.76,-3.7,-0.15,458,37.4,35,11,D+,D,B+,29
LCI,Lannett Company Inc,MEDICAL,Medical-Generic Drugs,153,NYSE,1.44,-7.1,-0.11,190,-48.7,8,4,D+,E,D+,2
LRMR,Larimar Therapeutics Inc,MEDICAL,Medical-Generic Drugs,153,NASDAQ,9.4,-2.7,-0.26,52,25.1,20,20,D+,-,B+,26
OGN,Organon & Co,MEDICAL,Medical-Generic Drugs,153,NYSE,33.42,1.3,0.43,1283,-11,36,42,D+,B,D-,40
PRFX,Painreform Ltd,MEDICAL,Medical-Generic Drugs,153,NASDAQ,1.14,-3.8,-0.05,62,-88.9,6,4,D+,-,C,5
PRGO,Perrigo Co Plc,MEDICAL,Medical-Generic Drugs,153,NYSE,37.5,-1.6,-0.62,1357,36,34,28,D+,D,B-,29
QLI,Qilian Intl Hldg Grp,MEDICAL,Medical-Generic Drugs,153,NASDAQ,2.11,0.5,0.01,12,-28.5,72,8,D+,B,E,26
RDY,Dr Reddys Labs Ltd Adr,MEDICAL,Medical-Generic Drugs,153,NYSE,58.63,2.5,1.45,102,35.2,87,32,D+,B,C-,62
TARO,Taro Pharmaceutical Inds,MEDICAL,Medical-Generic Drugs,153,NYSE,48.2,0.9,0.44,13,14.7,27,19,D+,C,C,23
TEVA,Teva Pharmaceutical Ads,MEDICAL,Medical-Generic Drugs,153,NYSE,8.73,0.2,0.02,5853,-24.9,40,27,D+,C,B-,34
VTRS,Viatris Inc,MEDICAL,Medical-Generic Drugs,153,NASDAQ,15.3,1.5,0.23,7891,14.1,28,79,D+,B,B+,70
AIH,Aesthetic Med Intl Hldgs,MEDICAL,Medical-Hospitals,155,NASDAQ,2.95,-0.7,-0.02,24,19.9,48,14,D,D,C,30
CYH,Community Health System,MEDICAL,Medical-Hospitals,155,NYSE,13.03,2.3,0.29,870,11.4,43,81,D,-,B-,56
HCA,H C A Healthcare Inc,MEDICAL,Medical-Hospitals,155,NYSE,241.15,1.6,3.82,811,-24.1,91,85,D,-,D,68
LFST,Lifestance Health Group,MEDICAL,Medical-Hospitals,155,NASDAQ,7.37,-3.8,-0.29,409,-55.7,2,6,D,C,D-,8
SEM,Select Medical Holdings,MEDICAL,Medical-Hospitals,155,NYSE,22.97,-2.3,-0.54,400,-19.3,90,18,D,B,E,47
SGRY,Surgery Partners Inc,MEDICAL,Medical-Hospitals,155,NASDAQ,45.83,2.3,1.03,190,-27.4,60,69,D,D,B,62
SSY,Sunlink Health Systems,MEDICAL,Medical-Hospitals,155,AMEX,1.39,-2.1,-0.03,5,-90.3,69,14,D,C,C-,32
THC,Tenet Healthcare Corp,MEDICAL,Medical-Hospitals,155,NYSE,76.37,2.3,1.73,672,6.1,98,91,D,-,B-,79
TOI,Oncology Institute Inc,MEDICAL,Medical-Hospitals,155,NASDAQ,6.88,0.6,0.04,15,-83.3,23,16,D,-,C,21
UHS,Universal Health Svcs B,MEDICAL,Medical-Hospitals,155,NYSE,132.78,1.8,2.32,285,-36.8,76,48,D,B,D,59
ALR,Alerislife Inc,MEDICAL,Medical-Long-term Care,187,NASDAQ,2.93,-0.3,-0.01,27,-61.5,8,13,E,E,E,1
BKD,Brookdale Senior Living,MEDICAL,Medical-Long-term Care,187,NYSE,5.41,-1.4,-0.08,1225,-31.8,54,29,E,D,E,27
CANO,Cano Health Inc Cl A,MEDICAL,Medical-Long-term Care,187,NYSE,5.84,-2.3,-0.14,2100,-0.3,52,8,E,D,E,20
CMAX,Caremax Inc Cl A,MEDICAL,Medical-Long-term Care,187,NASDAQ,6.51,0.4,0.03,127,-19.1,4,14,E,B,C+,21
ENSG,Ensign Group Inc,MEDICAL,Medical-Long-term Care,187,NASDAQ,74.28,-0.4,-0.29,150,3.2,86,35,E,B,B-,67
NHC,National Healthcare Corp,MEDICAL,Medical-Long-term Care,187,AMEX,64.08,0.5,0.32,32,80.8,62,33,E,C,C+,48
OSH,Oak Street Health Inc,MEDICAL,Medical-Long-term Care,187,NYSE,16.75,-7.4,-1.34,3019,43,1,2,E,D,D,7
PNTG,Pennant Group Inc,MEDICAL,Medical-Long-term Care,187,NASDAQ,15.57,-5.3,-0.88,94,-36.6,58,11,E,B,B,31
SLHG,Skylight Health Grp Inc,MEDICAL,Medical-Long-term Care,187,NASDAQ,1.13,9.2,0.1,237,-38.5,2,1,E,D,D,6
SNDA,Sonida Senior Living Inc,MEDICAL,Medical-Long-term Care,187,NYSE,30.07,0.7,0.21,4,-76,69,65,E,E,C,45
UPH,Uphealth Inc,MEDICAL,Medical-Long-term Care,187,NYSE,2.24,-0.7,-0.02,413,-49.5,33,17,E,-,B,21
ACCD,Accolade Inc,MEDICAL,Medical-Managed Care,69,NASDAQ,19.27,-2.5,-0.49,609,-30.4,32,6,B,D,E,28
ALHC,Alignment Healthcare Inc,MEDICAL,Medical-Managed Care,69,NASDAQ,7.89,2.4,0.19,1157,43.1,8,3,B,-,C,14
AMEH,Apollo Medical Holdings,MEDICAL,Medical-Managed Care,69,NASDAQ,51.36,-3.5,-1.84,189,-35.1,89,93,B,B,C,87
ANTM,Anthem Inc,MEDICAL,Medical-Managed Care,69,NYSE,447.44,1.9,8.54,1144,57,97,91,B,B,D+,92
BHG,Bright Health Group Inc,MEDICAL,Medical-Managed Care,69,NYSE,2.79,-5.3,-0.16,2721,-21.5,2,1,B,D,B,20
CI,Cigna Corp,MEDICAL,Medical-Managed Care,69,NYSE,229.8,1.7,3.77,1473,17.3,86,65,B,C,D,74
CLOV,Clover Health Inv Cl A,MEDICAL,Medical-Managed Care,69,NASDAQ,2.74,-2,-0.06,21201,64.7,47,2,B,D,E,25
CNC,Centene Corp,MEDICAL,Medical-Managed Care,69,NYSE,79.05,2.7,2.1,1673,-34.2,66,91,B,B,A,89
CNVY,Convey Health Sol Hldgs,MEDICAL,Medical-Managed Care,69,NYSE,7.48,-4.6,-0.36,58,-45,33,27,B,D,B+,44
HUM,Humana Inc,MEDICAL,Medical-Managed Care,69,NYSE,404.85,3.6,14.17,1340,62,79,33,B,B,C-,61
MOH,Molina Healthcare Inc,MEDICAL,Medical-Managed Care,69,NYSE,296.96,3.3,9.37,159,-4.4,64,85,B,B,B+,87
MRAI,Marpai Inc Class A,MEDICAL,Medical-Managed Care,69,NASDAQ,2.07,-10.4,-0.24,298,-70,2,6,B,-,C,15
ONEM,1Life Healthcare Inc,MEDICAL,Medical-Managed Care,69,NASDAQ,10.72,-7,-0.81,1997,-5.5,6,4,B,D,E,11
PGNY,Progyny Inc,MEDICAL,Medical-Managed Care,69,NASDAQ,39.33,-3.3,-1.33,551,-2.6,69,19,B,B,D+,63
UNH,Unitedhealth Group Inc,MEDICAL,Medical-Managed Care,69,NYSE,481.25,2.7,12.84,2071,-11.2,94,89,B,B,D,89
ACHC,Acadia Healthcare Inc,MEDICAL,Medical-Outpnt/Hm Care,181,NASDAQ,53.18,0.4,0.2,199,-29.5,51,30,D-,C,B-,42
ADUS,Addus Homecare Corp,MEDICAL,Medical-Outpnt/Hm Care,181,NASDAQ,77.8,-2.8,-2.22,57,7.8,93,25,D-,C,A-,60
AHCO,Adapthealth Corp Cl A,MEDICAL,Medical-Outpnt/Hm Care,181,NASDAQ,17.68,-1.6,-0.3,784,20.9,65,16,D-,D,C+,36
AMED,Amedisys Inc,MEDICAL,Medical-Outpnt/Hm Care,181,NASDAQ,132.96,0.8,1.09,267,1.9,83,13,D-,B,C,40
APR,Apria Inc,MEDICAL,Medical-Outpnt/Hm Care,181,NASDAQ,37.33,0.1,0.03,214,-56.7,83,94,D-,B,B,85
AVAH,Aveanna Healthcare Hldgs,MEDICAL,Medical-Outpnt/Hm Care,181,NASDAQ,5.25,-1.1,-0.06,631,160.2,65,10,D-,C,D,37
CCM,Concord Medical Svcs Ads,MEDICAL,Medical-Outpnt/Hm Care,181,NYSE,1.93,0,0,0,0,15,16,D-,E,B,22
DVA,Davita Inc,MEDICAL,Medical-Outpnt/Hm Care,181,NYSE,111.67,2.4,2.57,332,-38.5,93,52,D-,B,D,67
EHC,Encompass Health Corp,MEDICAL,Medical-Outpnt/Hm Care,181,NYSE,62.84,2.2,1.38,1775,214.1,86,27,D-,B,C+,55
FMS,Fresenius Medical Ads,MEDICAL,Medical-Outpnt/Hm Care,181,NYSE,34.55,0,0,236,-30.4,32,44,D-,B,B-,42
HNGR,Hanger Inc,MEDICAL,Medical-Outpnt/Hm Care,181,NYSE,17.83,0.8,0.14,54,-28.5,84,26,D-,B,B,59
IMAC,Imac Holdings Inc,MEDICAL,Medical-Outpnt/Hm Care,181,NASDAQ,1.3,-0.8,-0.01,41,-77.4,42,28,D-,E,B-,26
LHCG,L H C Group Inc,MEDICAL,Medical-Outpnt/Hm Care,181,NASDAQ,123.16,-1.2,-1.55,179,-14,85,20,D-,C,B+,51
MD,Mednax Inc,MEDICAL,Medical-Outpnt/Hm Care,181,NYSE,24.43,0.9,0.21,231,0.3,58,32,D-,C,D+,38
PIII,P3 Health Partners Cl A,MEDICAL,Medical-Outpnt/Hm Care,181,NASDAQ,5.13,-0.3,-0.02,53,-62.4,39,9,D-,-,A,27
QIPT,Quipt Home Medical,MEDICAL,Medical-Outpnt/Hm Care,181,NASDAQ,5.31,-2,-0.11,25,-48.3,39,35,D-,D,C-,37
RDNT,Radnet Inc,MEDICAL,Medical-Outpnt/Hm Care,181,NASDAQ,26.23,0.4,0.11,165,16.8,64,48,D-,C,C,51
USPH,U S Physical Therapy,MEDICAL,Medical-Outpnt/Hm Care,181,NYSE,95.03,-1.4,-1.36,46,-22.9,75,27,D-,B,C+,52
ABMD,Abiomed Inc,MEDICAL,Medical-Products,168,NASDAQ,307.38,1.9,5.62,456,76.6,88,33,D,A,C+,66
AEMD,Aethlon Medical Inc,MEDICAL,Medical-Products,168,NASDAQ,1.48,-4.5,-0.07,51,-65.5,26,10,D,E,E,7
AFIB,Acutus Medical Inc,MEDICAL,Medical-Products,168,NASDAQ,2.25,-7.3,-0.18,322,9,18,1,D,-,D+,5
AGRX,Agile Therapeutics Inc,MEDICAL,Medical-Products,168,NASDAQ,0.37,-3.3,-0.01,501,-67.7,20,1,D,E,D-,4
AHPI,Allied Healthcare Prods,MEDICAL,Medical-Products,168,NASDAQ,3.49,-3.6,-0.13,32,-98.3,23,14,D,C,B-,19
ALC,Alcon Inc,MEDICAL,Medical-Products,168,NYSE,79.04,1.1,0.86,750,18,89,65,D,C,E,71
ALGN,Align Technology Inc,MEDICAL,Medical-Products,168,NASDAQ,508.43,-0.1,-0.51,1210,135.5,94,25,D,A,C+,71
ANGO,Angiodynamics Inc,MEDICAL,Medical-Products,168,NASDAQ,20.94,-1.7,-0.37,209,-2.2,8,28,D,D,E,18
AORT,Artivion Inc,MEDICAL,Medical-Products,168,NYSE,17.25,-3,-0.53,83,-28.4,35,20,D,C,D-,25
APEN,Apollo Endosurgery Inc,MEDICAL,Medical-Products,168,NASDAQ,5.38,-3.8,-0.22,340,66.4,12,25,D,D,E,18
APYX,Apyx Medical Corporation,MEDICAL,Medical-Products,168,NASDAQ,10.79,-2.1,-0.24,49,-2.1,23,72,D,D,D-,40
ATEC,Alphatec Holdings Inc,MEDICAL,Medical-Products,168,NASDAQ,10.11,-2.1,-0.22,262,-57.6,9,20,D,D,C+,21
ATRI,Atrion Corporation,MEDICAL,Medical-Products,168,NASDAQ,616,0,-0.1,1,-72.5,64,35,D,B,B-,59
ATRS,Antares Pharma Inc,MEDICAL,Medical-Products,168,NASDAQ,3.45,0.9,0.03,434,-13.4,42,29,D,A,C+,44
AVGR,Avinger Inc,MEDICAL,Medical-Products,168,NASDAQ,0.31,-4.4,-0.01,457,-72.3,40,2,D,E,D-,6
AWH,Aspira Womens Health Inc,MEDICAL,Medical-Products,168,NASDAQ,1.16,-6.9,-0.09,233,-81.3,5,1,D,E,D-,3
AXDX,Accelerate Diagnostics,MEDICAL,Medical-Products,168,NASDAQ,3.12,-2.6,-0.08,189,-44.2,32,6,D,E,B-,11
AXGN,Axogen Inc,MEDICAL,Medical-Products,168,NASDAQ,8.38,-2.6,-0.23,122,-61,18,8,D,D,C+,13
AZYO,Aziyo Biologics Inc Cl A,MEDICAL,Medical-Products,168,NASDAQ,5.84,-3.3,-0.2,3,-79.5,25,20,D,-,D+,13
BAX,Baxter International Inc,MEDICAL,Medical-Products,168,NYSE,85.65,0.8,0.69,2203,50.3,85,81,D,B,D+,75
BBLG,Bone Biologics Corp,MEDICAL,Medical-Products,168,NASDAQ,2.13,-0.2,-0.01,44,-97.3,15,4,D,-,D-,5
BIMI,BIMI International Med,MEDICAL,Medical-Products,168,NASDAQ,0.33,-18.7,-0.07,1896,-9.8,28,4,D,D,C-,16
BIOB,Bio Rad Labs Inc Cl B,MEDICAL,Medical-Products,168,NYSE,609,0,0,0,0,96,30,D,B,E,55
BLFS,Biolife Solutions Inc,MEDICAL,Medical-Products,168,NASDAQ,29.25,-3.6,-1.08,305,-5,8,18,D,C,C+,25
BNGO,Bionano Genomics Inc,MEDICAL,Medical-Products,168,NASDAQ,2.23,-4.7,-0.11,7646,-1.1,35,2,D,E,D,13
BSGM,Biosig Technologies Inc,MEDICAL,Medical-Products,168,NASDAQ,1.77,-4.8,-0.09,62,-68.5,43,10,D,-,D,18
BSX,Boston Scientific Corp,MEDICAL,Medical-Products,168,NYSE,41.56,-4.4,-1.94,21337,244.2,71,75,D,B,C+,77
BVS,Bioventus Inc Cl A,MEDICAL,Medical-Products,168,NASDAQ,12.5,-3.8,-0.49,49,-67.6,57,25,D,A,C+,55
CDNA,Caredx Inc,MEDICAL,Medical-Products,168,NASDAQ,41.53,-1.2,-0.49,240,-44.3,36,16,D,B,C-,33
CEMI,Chembio Diagnostics Inc,MEDICAL,Medical-Products,168,NASDAQ,0.95,-7.5,-0.08,546,-54.4,35,2,D,E,D+,13
CFMS,Conformis Inc,MEDICAL,Medical-Products,168,NASDAQ,0.62,-1.9,-0.01,533,-56.1,51,10,D,E,E,17
CHEK,Check Cap Ltd,MEDICAL,Medical-Products,168,NASDAQ,0.6,1.5,0.01,457,-54.7,44,7,D,-,E,12
CNMD,Conmed Corp,MEDICAL,Medical-Products,168,NYSE,138.35,-0.7,-0.98,137,-14.3,74,72,D,B,B-,71
CNTG,Centogene N.V,MEDICAL,Medical-Products,168,NASDAQ,4.75,5.6,0.25,2,-90.6,8,6,D,D,E,3
COO,Cooper Companies Inc,MEDICAL,Medical-Products,168,NYSE,398.26,0.4,1.59,148,-44.6,70,52,D,A,B,67
CSII,Cardiovascular Systems,MEDICAL,Medical-Products,168,NASDAQ,17.1,-2.6,-0.46,437,32.6,13,6,D,D,B-,12
CTSO,Cytosorbents Corporation,MEDICAL,Medical-Products,168,NASDAQ,3.79,-3.1,-0.12,145,-31.1,6,9,D,D,C+,7
DCTH,Delcath Systems Inc,MEDICAL,Medical-Products,168,NASDAQ,7.32,5.6,0.39,49,-52.3,37,13,D,E,C,19
DFFN,Diffusion Pharmaceutical,MEDICAL,Medical-Products,168,NASDAQ,0.29,-2.9,-0.01,499,-61.4,20,8,D,-,C,9
DRIO,Dariohealth Corp,MEDICAL,Medical-Products,168,NASDAQ,8.44,-3.8,-0.33,66,-44.6,35,7,D,D,D,19
DXCM,Dexcom Inc,MEDICAL,Medical-Products,168,NASDAQ,435.8,0.2,0.76,493,-23.1,75,32,D,A,C-,57
EAR,Eargo Inc,MEDICAL,Medical-Products,168,NASDAQ,5,-2.9,-0.15,610,-84.3,9,1,D,D,D+,5
EKSO,Ekso Bionics Holdings,MEDICAL,Medical-Products,168,NASDAQ,2.56,0.4,0.01,15,-80.9,24,8,D,E,E,2
ESTA,Establishment Labs Hldgs,MEDICAL,Medical-Products,168,NASDAQ,54.14,-0.5,-0.26,80,-7.9,10,23,D,D,C,23
EW,Edwards Lifesciences,MEDICAL,Medical-Products,168,NYSE,112.88,4.2,4.51,2388,28.6,75,79,D,A,D-,74
EYES,Second Sight Medical,MEDICAL,Medical-Products,168,NASDAQ,1.41,-3.1,-0.05,124,-77,35,6,D,E,D-,9
FNA,Paragon 28 Inc,MEDICAL,Medical-Products,168,NYSE,15.23,-1.1,-0.18,99,-38.6,17,22,D,C,E,24
GBS,GBS Inc,MEDICAL,Medical-Products,168,NASDAQ,0.9,-12.3,-0.13,302,-72.6,13,2,D,D,D-,4
GKOS,Glaukos Corporation,MEDICAL,Medical-Products,168,NYSE,53,-2.5,-1.36,181,-43.1,14,42,D,D,C+,32
GMED,Globus Medical Inc Cl A,MEDICAL,Medical-Products,168,NYSE,67.03,0.2,0.17,214,-35.5,74,35,D,B,D+,59
HBIO,Harvard Bioscience Inc,MEDICAL,Medical-Products,168,NASDAQ,6.09,1.8,0.11,111,0.1,83,33,D,C,B,60
HSDT,Helius Medical Tech,MEDICAL,Medical-Products,168,NASDAQ,3.8,-6.4,-0.26,15,-25.4,36,1,D,E,E,1
HSKA,Heska Corporation,MEDICAL,Medical-Products,168,NASDAQ,135.01,-2.6,-3.63,58,45.4,63,16,D,B,C+,35
IART,Integra Lifesciences Hld,MEDICAL,Medical-Products,168,NASDAQ,65.35,1.6,1.02,221,-3.7,84,33,D,B,C,61
ICCC,Immucell Corp,MEDICAL,Medical-Products,168,NASDAQ,8,-0.7,-0.06,7,-33.5,69,26,D,D,C+,44
ICUI,I C U Medical Inc,MEDICAL,Medical-Products,168,NASDAQ,211.11,-1.1,-2.39,82,-5.2,64,65,D,C,C+,60
IGAP,Integrity Applications,MEDICAL,Medical-Products,168,NASDAQ,3.43,3.7,0.12,0,-91.2,10,28,D,E,-,23
INGN,Inogen Inc,MEDICAL,Medical-Products,168,NASDAQ,29.6,-0.8,-0.23,97,-42.8,68,13,D,D,B,38
INSP,Inspire Medical Systems,MEDICAL,Medical-Products,168,NYSE,220.78,-0.9,-1.91,157,-17.4,30,52,D,D,B,49
ITGR,Integer Holdings Corp,MEDICAL,Medical-Products,168,NYSE,78.75,-0.5,-0.4,55,-45.2,86,32,D,C,B+,68
KIDS,Orthopediatrics Corp,MEDICAL,Medical-Products,168,NASDAQ,46.26,-1.6,-0.74,60,5.4,43,22,D,D,D,31
KRMD,Repro Med Systems,MEDICAL,Medical-Products,168,NASDAQ,3.11,0,0,31,-70.3,8,39,D,E,C+,22
LFMD,Lifemd Inc,MEDICAL,Medical-Products,168,NASDAQ,3.6,-6.5,-0.25,121,-59.2,18,9,D,-,C,8
LHDX,Lucira Health Inc,MEDICAL,Medical-Products,168,NASDAQ,5.25,-2.2,-0.12,28,-88.7,6,18,D,-,B-,9
LIVN,Livanova Plc,MEDICAL,Medical-Products,168,NASDAQ,73.56,-2.4,-1.84,155,-29.3,70,52,D,C,C+,60
LMAT,Lemaitre Vascular Inc,MEDICAL,Medical-Products,168,NASDAQ,42.15,-1.1,-0.49,58,-0.9,80,25,D,B,B-,52
LNTH,Lantheus Holdings Inc,MEDICAL,Medical-Products,168,NASDAQ,26.11,0.8,0.2,151,-39.4,54,90,D,C,B+,74
LUCD,Lucid Diagnostics Inc,MEDICAL,Medical-Products,168,NASDAQ,3.37,-1.2,-0.04,96,-56.5,2,2,D,-,E,2
LUNG,Pulmonx Corporation,MEDICAL,Medical-Products,168,NASDAQ,25.04,-2.5,-0.65,226,-20.1,7,13,D,E,D,11
MDT,Medtronic Plc,MEDICAL,Medical-Products,168,NYSE,103.26,-0.3,-0.33,7459,36.1,78,27,D,B,E,49
MDXG,Mimedx Group Inc,MEDICAL,Medical-Products,168,NASDAQ,4.67,-5.5,-0.27,224,-41.9,49,11,D,E,B-,22
MLSS,Milestone Scientific Inc,MEDICAL,Medical-Products,168,AMEX,1.33,-2.6,-0.04,95,-50.5,20,13,D,D,D-,14
MMSI,Merit Medical Systems,MEDICAL,Medical-Products,168,NASDAQ,55.66,-0.3,-0.16,124,-32,90,31,D,C,B,63
MODD,Modular Medical Inc,MEDICAL,Medical-Products,168,NASDAQ,11,0.9,0.1,0,-63.3,2,1,D,-,-,0
MOVE,Movano Inc,MEDICAL,Medical-Products,168,NASDAQ,2.42,-7.8,-0.2,6,-88.1,11,13,D,-,D+,9
NAOV,Nanovibronix Inc,MEDICAL,Medical-Products,168,NASDAQ,0.81,-2.4,-0.02,166,-60.9,16,14,D,E,D+,12
NARI,Inari Medical Inc,MEDICAL,Medical-Products,168,NASDAQ,73.09,-2.1,-1.58,128,-52.9,30,22,D,B,B,36
NEOG,Neogen Corp,MEDICAL,Medical-Products,168,NASDAQ,36.08,-1,-0.38,229,-31.2,53,27,D,B,E,35
NEPH,Nephros Inc,MEDICAL,Medical-Products,168,NASDAQ,4.86,1.5,0.07,13,-15.8,22,13,D,E,E,12
NMRD,Nemaura Medical Inc,MEDICAL,Medical-Products,168,NASDAQ,3.99,-2.2,-0.09,4,-82.9,2,18,D,-,D-,5
NPCE,Neuropace Inc,MEDICAL,Medical-Products,168,NASDAQ,7.97,-5.3,-0.45,28,-41.2,5,5,D,-,E,1
NSPR,InspireMD Inc,MEDICAL,Medical-Products,168,NASDAQ,2.68,-7.9,-0.23,29,-61.5,31,13,D,E,D+,12
NURO,Neurometrix Inc,MEDICAL,Medical-Products,168,NASDAQ,4.44,-4.5,-0.21,94,-94,4,28,D,E,C,8
NUVA,Nuvasive Inc,MEDICAL,Medical-Products,168,NASDAQ,50.91,-2.9,-1.53,269,-36.3,48,32,D,C,C+,37
NUWE,Nuwellis Inc,MEDICAL,Medical-Products,168,NASDAQ,1.13,-4.2,-0.05,112,-33.6,46,3,D,E,D,10
NVCN,Neovasc Inc,MEDICAL,Medical-Products,168,NASDAQ,0.43,-0.1,0,131,-62.1,49,7,D,-,E,12
NVCR,Novocure Limited,MEDICAL,Medical-Products,168,NASDAQ,73.93,3,2.14,648,15.2,8,9,D,C,C,11
NVNO,Envveno Medical Corp,MEDICAL,Medical-Products,168,NASDAQ,5.41,-1.7,-0.1,30,-40.5,51,18,D,E,E,22
NYXH,Nyxoah SA,MEDICAL,Medical-Products,168,NASDAQ,19.97,-0.5,-0.1,0,-86.2,1,19,D,E,C,15
OFIX,Orthofix Medical Inc,MEDICAL,Medical-Products,168,NASDAQ,30.15,-1.1,-0.35,56,-7.7,34,22,D,C,B,33
ORGO,Organogenesis Hldgs Cl A,MEDICAL,Medical-Products,168,NASDAQ,7.22,-2.5,-0.19,377,-13.5,34,11,D,B,D+,30
OSUR,Orasure Technologies Inc,MEDICAL,Medical-Products,168,NASDAQ,9.27,3.2,0.29,381,-46.4,23,23,D,C,B+,32
OWLT,Owlet Inc Cl A,MEDICAL,Medical-Products,168,NYSE,1.97,0.3,0.01,263,5.2,2,2,D,D,D-,4
PAVM,Pavmed Inc,MEDICAL,Medical-Products,168,NASDAQ,1.64,-7.6,-0.14,1218,-24,23,5,D,-,D+,8
PDEX,Pro Dex Inc,MEDICAL,Medical-Products,168,NASDAQ,25.81,5.1,1.26,7,-10.4,64,31,D,B,D+,51
PEN,Penumbra Inc,MEDICAL,Medical-Products,168,NYSE,223.25,-2.1,-4.91,134,19.6,69,27,D,C,C,49
POAI,Predictive Oncology Inc,MEDICAL,Medical-Products,168,NASDAQ,0.84,-4,-0.03,234,-58.9,51,19,D,E,D,21
PODD,Insulet Corp,MEDICAL,Medical-Products,168,NASDAQ,253.28,2.1,5.2,748,70,25,29,D,D,C-,40
QDEL,Quidel Corp,MEDICAL,Medical-Products,168,NASDAQ,102.19,-0.1,-0.13,418,-42.7,66,19,D,A,C-,42
QGEN,Qiagen Nv,MEDICAL,Medical-Products,168,NYSE,49.8,-0.3,-0.14,393,-22,78,42,D,A,D+,66
QTNT,Quotient Ltd,MEDICAL,Medical-Products,168,NASDAQ,1.49,-4.8,-0.08,566,-17.4,16,9,D,-,C+,5
QTRX,Quanterix Corporation,MEDICAL,Medical-Products,168,NASDAQ,31.76,-1.3,-0.41,160,-27.8,16,11,D,D,C-,13
RCEL,Avita Medical Inc,MEDICAL,Medical-Products,168,NASDAQ,9.61,-2.3,-0.23,47,-27.8,12,9,D,D,E,8
RGEN,Repligen Corp,MEDICAL,Medical-Products,168,NASDAQ,204.62,0.9,1.73,137,-56.6,99,26,D,A,C-,68
RMD,Resmed Inc,MEDICAL,Medical-Products,168,NYSE,236.93,2.1,4.77,553,85.5,83,60,D,A,B-,75
RMTI,Rockwell Medical Inc,MEDICAL,Medical-Products,168,NASDAQ,0.4,-2.8,-0.01,301,-85.8,35,11,D,E,C-,13
RSLS,ReShape Lifesciences Inc,MEDICAL,Medical-Products,168,NASDAQ,1.21,-5.9,-0.08,119,-70.2,37,1,D,D,C-,9
RWLK,Rewalk Robotics Ltd,MEDICAL,Medical-Products,168,NASDAQ,1.13,-2.2,-0.03,321,-67.1,48,20,D,E,D,24
RXST,Rxsight Inc,MEDICAL,Medical-Products,168,NASDAQ,11.72,5.9,0.65,52,-22.5,12,21,D,-,A-,26
SENS,Senseonics Holdings Inc,MEDICAL,Medical-Products,168,AMEX,2.81,3.9,0.11,9021,12.1,23,39,D,E,C+,30
SIEN,Sientra Inc,MEDICAL,Medical-Products,168,NASDAQ,2.73,-5.5,-0.16,783,70.2,55,7,D,E,D-,23
SILK,Silk Road Medical Inc,MEDICAL,Medical-Products,168,NASDAQ,30.99,-5.4,-1.78,247,1.6,19,11,D,E,D-,15
SINT,Sintx Technologies Inc,MEDICAL,Medical-Products,168,NASDAQ,0.53,-1.9,-0.01,23,-94,40,3,D,E,D-,14
SLNO,Soleno Therapeutics Inc,MEDICAL,Medical-Products,168,NASDAQ,0.35,-4.4,-0.02,169,-35.7,27,3,D,-,D-,6
SMLR,Semler Scientific Inc,MEDICAL,Medical-Products,168,NASDAQ,79.82,1.9,1.47,83,120.4,89,19,D,B,E,51
SMTI,Sanara Medtech Inc,MEDICAL,Medical-Products,168,NASDAQ,24.66,7.4,1.69,21,16.8,17,17,D,D,D-,19
SNN,Smith & Nephew Plc Ads,MEDICAL,Medical-Products,168,NYSE,34.24,0.4,0.12,371,-33.7,83,32,D,B,D,60
SNOA,Sonoma Pharmaceuticals,MEDICAL,Medical-Products,168,NASDAQ,3.65,-3.6,-0.14,8,-88,11,11,D,E,C,4
SRDX,Surmodics Inc,MEDICAL,Medical-Products,168,NASDAQ,45.25,-0.4,-0.17,25,-7.7,27,29,D,C,C,29
SRGA,Surgalign Holdings Inc,MEDICAL,Medical-Products,168,NASDAQ,0.65,-6.9,-0.05,940,-61,26,10,D,E,E,2
STAA,Staar Surgical Co,MEDICAL,Medical-Products,168,NASDAQ,73.86,-0.4,-0.3,433,80.8,97,14,D,B,D+,58
SYK,Stryker Corp,MEDICAL,Medical-Products,168,NYSE,254.89,2.5,6.29,1107,16.4,57,48,D,A,E,56
TCMD,Tactile Systems Tech,MEDICAL,Medical-Products,168,NASDAQ,15.14,-3.1,-0.49,112,-34.6,30,3,D,D,C-,14
TELA,Tela Bio Inc,MEDICAL,Medical-Products,168,NASDAQ,11.95,0.9,0.11,3,-82.2,19,30,D,D,D,26
TFX,Teleflex Incorporated,MEDICAL,Medical-Products,168,NYSE,308.56,-0.3,-0.94,336,39.3,90,24,D,B,D+,55
TMDX,Transmedics Group Inc,MEDICAL,Medical-Products,168,NASDAQ,15.32,-2.7,-0.43,56,-58.3,7,13,D,E,D-,4
TNDM,Tandem Diabetes Care Inc,MEDICAL,Medical-Products,168,NASDAQ,120.74,0.5,0.64,237,-53.1,69,85,D,C,B+,77
TRIB,Trinity Biotech Plc Adr,MEDICAL,Medical-Products,168,NASDAQ,1.18,0,0,61,-45.3,5,6,D,E,E,1
TXG,10x Genomics Inc Cl A,MEDICAL,Medical-Products,168,NASDAQ,97.07,-2.4,-2.39,550,-27.6,49,11,D,D,C+,30
UG,United Guardian Inc,MEDICAL,Medical-Products,168,NASDAQ,18.64,0.5,0.09,21,85.1,74,95,D,A,B+,91
UTMD,Utah Medical Products,MEDICAL,Medical-Products,168,NASDAQ,91.04,-1.6,-1.47,13,48.6,72,65,D,B,B-,64
VAPO,Vapotherm Inc,MEDICAL,Medical-Products,168,NYSE,16.27,-1,-0.17,63,-62.8,9,16,D,D,B-,20
VERU,Veru Inc,MEDICAL,Medical-Products,168,NASDAQ,5.31,-4,-0.22,974,-22,10,16,D,D,B,20
VIVO,Meridian Bioscience Inc,MEDICAL,Medical-Products,168,NASDAQ,22.1,2.7,0.58,612,59,70,84,D,A,B,79
VNRX,Volitionrx Limited,MEDICAL,Medical-Products,168,AMEX,2.63,-4.4,-0.12,135,17.3,18,20,D,E,E,13
XENT,Intersect ENT Inc,MEDICAL,Medical-Products,168,NASDAQ,27.3,0,0,215,61.2,20,87,D,D,B,57
XTNT,Xtant Medical Hldgs Inc,MEDICAL,Medical-Products,168,AMEX,0.61,2.2,0.01,46,-43,51,5,D,-,D-,8
ZBH,Zimmer Biomet Hldgs Inc,MEDICAL,Medical-Products,168,NYSE,121.98,-1.6,-2.02,1882,54.2,57,24,D,B,E,32
ZSAN,Zosano Pharma Corp,MEDICAL,Medical-Products,168,NASDAQ,0.44,-4.6,-0.02,554,-60.3,41,13,D,E,D,17
ZYXI,Zynex Inc,MEDICAL,Medical-Products,168,NASDAQ,7.31,-7.5,-0.59,160,-28.9,86,13,D,A,D+,56