Symbol,Name,Sector,Industry Name,Ind Group Rank,Exchange,Current Price,Price % Chg,Price $ Chg,Volume (1000s),Vol % Chg vs 50-Day,EPS Rating,RS Rating,Ind Group RS,SMR Rating,A/D Rating,Comp Rating
AAA,A A F First Priority CLO,MISC,Finance-ETF / ETN,102,ARCA,25,0,0,0,-98,0,65,C+,-,E,0
AAAU,Goldman Sachs Physic Gld,MISC,Finance-ETF / ETN,102,ARCA,17.95,0.2,0.04,289,39.2,0,65,C+,-,E,0
AADR,Advisorshrs Dor Wr ADR,MISC,Finance-ETF / ETN,102,NASDAQ,63.7,0.3,0.2,2,-18.8,0,52,C+,-,D,0
AAXJ,Ishares Msci Asia Ex Jpn,MISC,Finance-ETF / ETN,102,NASDAQ,82,0,-0.03,845,-24,0,35,C+,-,D+,0
ABEQ,Absolute Core Strategy,MISC,Finance-ETF / ETN,102,ARCA,28.65,0.8,0.22,1,-76.5,0,77,C+,-,B+,0
ACES,Alps Clean Energy ETF,MISC,Finance-ETF / ETN,102,ARCA,52.69,-2.4,-1.29,37,-62.8,0,17,C+,-,D+,0
ACIO,Aptus Collared IncomeOpp,MISC,Finance-ETF / ETN,102,BATS,32.13,1.1,0.34,37,-39.5,0,79,C+,-,C+,0
ACSI,American Customer Satis,MISC,Finance-ETF / ETN,102,BATS,50.18,0,0,0,-45.5,0,69,C+,-,E,0
ACTV,Leadershares Activist Ld,MISC,Finance-ETF / ETN,102,ARCA,35.25,-0.1,-0.05,5,-34.7,0,44,C+,-,B-,0
ACVF,American Consrv Value,MISC,Finance-ETF / ETN,102,ARCA,34.07,0.7,0.23,3,-59.9,0,79,C+,-,C+,0
ACWF,iShares MSCI Glb Mulfac,MISC,Finance-ETF / ETN,102,ARCA,37.63,1,0.36,6,-62.1,0,60,C+,-,C-,0
ACWI,Ishares Msci Acwi,MISC,Finance-ETF / ETN,102,NASDAQ,102.55,0.8,0.8,2054,-57.1,0,69,C+,-,D-,0
ACWV,Ishares MSCI Globl MinVF,MISC,Finance-ETF / ETN,102,BATS,104.32,0.7,0.72,224,6.5,0,69,C+,-,D-,0
ACWX,Ishares Msci Acwi Ex Us,MISC,Finance-ETF / ETN,102,NASDAQ,54.9,0.5,0.29,2274,-9.2,0,52,C+,-,E,0
ADFI,Anfield Dynamic Fxd Inc,MISC,Finance-ETF / ETN,102,BATS,9.39,0.3,0.03,3,-24.9,0,48,C+,-,C-,0
ADIV,Smartetfs Asia Pac Dv Bd,MISC,Finance-ETF / ETN,102,ARCA,16.3,0.4,0.07,0,-29.9,0,65,C+,-,C+,0
ADME,Aptus Drawdown Mngd Eq,MISC,Finance-ETF / ETN,102,BATS,42.14,0.7,0.3,18,-60.6,0,79,C+,-,D,0
ADRE,Invesco Bldrs Emg Mkts50,MISC,Finance-ETF / ETN,102,NASDAQ,46.95,-0.6,-0.27,14,-13.3,0,31,C+,-,C-,0
AEMB,American Cent Emrg MkrBd,MISC,Finance-ETF / ETN,102,ARCA,46.85,0,0,0,0,0,42,C+,-,E,0
AESR,Anfield US Eqty Sct Rota,MISC,Finance-ETF / ETN,102,BATS,13.34,1,0.13,4,-80.6,0,52,C+,-,B-,0
AFIF,Anfield Universal Fx Inc,MISC,Finance-ETF / ETN,102,BATS,9.48,0.3,0.03,3,-86.7,0,52,C+,-,D+,0
AFK,Vaneck Africa Index ETF,MISC,Finance-ETF / ETN,102,ARCA,20.83,0.2,0.04,7,-40.3,0,52,C+,-,C,0
AFLG,First Tr Active Fct LgCp,MISC,Finance-ETF / ETN,102,ARCA,26.89,1.3,0.33,0,-37.8,0,75,C+,-,C-,0
AFMC,First Tr Active Fct MdCp,MISC,Finance-ETF / ETN,102,ARCA,24.84,0,0,0,0,0,55,C+,-,C+,0
AFSM,First Tr Active Fct Smcp,MISC,Finance-ETF / ETN,102,ARCA,25.19,-0.4,-0.11,2,406.3,0,48,C+,-,C,0
AFTY,Pacer CSOP Ftse Chn A50,MISC,Finance-ETF / ETN,102,ARCA,19.83,0.3,0.06,1,16.7,0,33,C+,-,D-,0
AGG,Ishares Core U.S. Agg,MISC,Finance-ETF / ETN,102,ARCA,111.69,0.1,0.1,6841,2.4,0,52,C+,-,D-,0
AGGY,Wisdomtree YldEnhUs,MISC,Finance-ETF / ETN,102,ARCA,50.3,0.1,0.06,194,44.4,0,48,C+,-,C-,0
AGNG,Global X Aging Populatn,MISC,Finance-ETF / ETN,102,NASDAQ,26.99,0.5,0.13,3,-52.5,0,35,C+,-,C+,0
AGOV,Gavekal Asia Pac Govmnt,MISC,Finance-ETF / ETN,102,ARCA,96.47,0,0,0,0,0,52,C+,-,C+,0
AGOX,Adaptive Alpha Opprtunty,MISC,Finance-ETF / ETN,102,ARCA,24.25,-0.2,-0.04,47,-19.2,0,60,C+,-,A-,0
AGQ,Proshrs Ultra Silver,MISC,Finance-ETF / ETN,102,ARCA,32.43,0.2,0.07,807,0.8,0,22,C+,-,E,0
AGT,Ishares Msci Ar&Glbl Exp,MISC,Finance-ETF / ETN,102,BATS,26.33,-1.8,-0.47,0,-90.6,0,65,C+,-,C-,0
AGZ,Ishares Agency Bond ETF,MISC,Finance-ETF / ETN,102,ARCA,115.99,0.1,0.11,46,25.2,0,55,C+,-,C,0
AGZD,Wisdomtree IntRtHdUs,MISC,Finance-ETF / ETN,102,NASDAQ,46.55,0,0,18,-66.9,0,60,C+,-,C-,0
AHHX,Adaptive High Income Etf,MISC,Finance-ETF / ETN,102,ARCA,9.91,-0.1,-0.01,9,-68.9,0,48,C+,-,E,0
AHYB,American Cent Sel Hi Yld,MISC,Finance-ETF / ETN,102,ARCA,49.03,0.2,0.1,0,-94.9,0,55,C+,-,E,0
AIA,Ishares Asia 50 Etf,MISC,Finance-ETF / ETN,102,NASDAQ,77.92,0.2,0.13,114,47.4,0,33,C+,-,B-,0
AIEQ,The AI Powered Equity,MISC,Finance-ETF / ETN,102,ARCA,37.27,0,-0.01,11,-52.1,0,35,C+,-,C-,0
AIIQ,AI Powered Intl Equity,MISC,Finance-ETF / ETN,102,ARCA,30.36,0,0,0,0,0,35,C+,-,D-,0
AILG,Alpha Intel Lg Cap Gr,MISC,Finance-ETF / ETN,102,ARCA,21.93,0,0,0,0,0,28,C+,-,-,0
AILV,Alpha Intel Lg Cp Val,MISC,Finance-ETF / ETN,102,ARCA,26.27,0,0,0,0,0,75,C+,-,-,0
AIQ,Global X Art Intel Tech,MISC,Finance-ETF / ETN,102,NASDAQ,28.92,-0.5,-0.15,18,-34,0,48,C+,-,E,0
AIRR,First Tr Rba Am Ind Rena,MISC,Finance-ETF / ETN,102,NASDAQ,40.71,-1.5,-0.64,55,42.5,0,65,C+,-,C+,0
AIVI,WisdomTree IntlAIEnhVlFd,MISC,Finance-ETF / ETN,102,ARCA,42.61,0.6,0.26,5,-52,0,65,C+,-,C+,0
AIVL,WisdomTree U.S.AIEnhVlFd,MISC,Finance-ETF / ETN,102,ARCA,99.76,0.8,0.84,11,-2,0,77,C+,-,C-,0
ALFA,Alphaclone Alt Alpha Etf,MISC,Finance-ETF / ETN,102,BATS,68.95,-2.1,-1.51,8,145.2,0,27,C+,-,D+,0
ALTL,Pacer Lunt LgCap Altrntr,MISC,Finance-ETF / ETN,102,ARCA,45.1,1.2,0.52,118,-13.4,0,86,C+,-,D-,0
ALTS,Proshrs Morn Str Alt Sol,MISC,Finance-ETF / ETN,102,BATS,38.32,0,0,0,0,0,55,C+,-,E,0
ALTY,Global X Alternative Inc,MISC,Finance-ETF / ETN,102,NASDAQ,13.15,-0.6,-0.08,67,236.4,0,65,C+,-,D-,0
AMAX,RH Hedged Multi AssetInc,MISC,Finance-ETF / ETN,102,ARCA,9.27,0.4,0.04,66,66.4,0,42,C+,-,D-,0
AMER,Emles Made in America,MISC,Finance-ETF / ETN,102,BATS,28.62,0.3,0.09,0,-58.7,0,37,C+,-,C+,0
AMJ,J P Morgan Alerian Mlp,MISC,Finance-ETF / ETN,102,ARCA,20.55,1,0.2,688,-10.7,0,89,C+,-,C,0
AMLP,Alerian M L P Etf,MISC,Finance-ETF / ETN,102,ARCA,37.8,1.1,0.43,2740,26.2,0,89,C+,-,B-,0
AMNA,Etracs AlerianMdstrmEngy,MISC,Finance-ETF / ETN,102,ARCA,35.56,0,0,0,0,0,84,C+,-,B,0
AMND,Etracs AlerianEngy HiDiv,MISC,Finance-ETF / ETN,102,ARCA,36.49,0,0,0,0,0,85,C+,-,A+,0
AMOM,Qraft AI-Enh USLrgCapMom,MISC,Finance-ETF / ETN,102,ARCA,30.64,0,0,8,-7.6,0,27,C+,-,E,0
AMTR,Etracs Alerian MdEnTRIdx,MISC,Finance-ETF / ETN,102,ARCA,43.44,0,0,0,0,0,91,C+,-,C+,0
AMUB,Etracs Alerian Mlp Idx B,MISC,Finance-ETF / ETN,102,ARCA,12.89,0.4,0.05,8,64.3,0,89,C+,-,B,0
AMZA,Infracap M L P Etf,MISC,Finance-ETF / ETN,102,ARCA,30.15,0.8,0.23,80,-11.2,0,92,C+,-,C+,0
ANEW,Proshares Msci Trnsfrmnl,MISC,Finance-ETF / ETN,102,ARCA,41.15,-0.1,-0.03,5,105.2,0,33,C+,-,C+,0
ANGL,Vaneck Fall Angel HiYdBd,MISC,Finance-ETF / ETN,102,NASDAQ,31.66,0.1,0.04,2751,46.5,0,52,C+,-,D-,0
AOA,Ishares Core Aggrsv Aloc,MISC,Finance-ETF / ETN,102,ARCA,70.85,0.6,0.41,94,-29.3,0,65,C+,-,E,0
AOK,Ishares Core Consrv Aloc,MISC,Finance-ETF / ETN,102,ARCA,39.03,0.1,0.02,119,-56.7,0,55,C+,-,D-,0
AOM,Ishares Core Mod Alloc,MISC,Finance-ETF / ETN,102,ARCA,44.43,0.4,0.16,197,-10.6,0,60,C+,-,C,0
AOR,Ishares Core Growth Aloc,MISC,Finance-ETF / ETN,102,ARCA,55.66,0.6,0.31,107,-65.1,0,60,C+,-,D+,0
APRZ,TrueShares Struc Oc Aprl,MISC,Finance-ETF / ETN,102,BATS,27.34,0,0,0,0,0,72,C+,-,E,0
APXH,Apex HealthCare ETF,MISC,Finance-ETF / ETN,102,BATS,9.42,1.5,0.14,1,-85.5,0,37,C+,-,C,0
AQGX,AI Quality Growth Etf,MISC,Finance-ETF / ETN,102,ARCA,15.4,0,0,11,12.5,0,30,C+,-,B-,0
AQWA,Global X Clean Water ETF,MISC,Finance-ETF / ETN,102,NASDAQ,15.78,0.5,0.07,2,-58.9,0,48,C+,-,C-,0
ARB,Altshares Merger Arbtg,MISC,Finance-ETF / ETN,102,ARCA,26.26,0.2,0.04,3,-66.3,0,72,C+,-,D-,0
ARCM,Arrow Reserve Cap Mgmt,MISC,Finance-ETF / ETN,102,BATS,99.67,0,0,0,0,0,65,C+,-,B-,0
ARGT,Global X Msci Argentna,MISC,Finance-ETF / ETN,102,ARCA,30.68,-1.8,-0.55,0,-87.8,0,60,C+,-,C-,0
ARKF,Ark Fintech Innovation,MISC,Finance-ETF / ETN,102,ARCA,31.29,-6.5,-2.17,2069,14.2,0,14,C+,-,D-,0
ARKG,Ark Genomic Revolution,MISC,Finance-ETF / ETN,102,BATS,49.24,-3,-1.52,2030,-48.6,0,13,C+,-,E,0
ARKK,A R K Innovation Etf,MISC,Finance-ETF / ETN,102,ARCA,73.01,-5.3,-4.09,28075,69.3,0,14,C+,-,D-,0
ARKQ,ARK Autonomous Tech&Robo,MISC,Finance-ETF / ETN,102,BATS,65.21,-2,-1.35,397,-24.4,0,22,C+,-,E,0
ARKW,ARK Next Generation Int,MISC,Finance-ETF / ETN,102,ARCA,91.96,-5.3,-5.11,1201,-12.6,0,14,C+,-,B-,0
ARKX,ARK Space Explor & Innov,MISC,Finance-ETF / ETN,102,BATS,16.38,-0.9,-0.15,198,-29.9,0,25,C+,-,C+,0
ARMR,Armor Us Equity Index,MISC,Finance-ETF / ETN,102,ARCA,25.58,0.7,0.18,5,-72.6,0,72,C+,-,D,0
ASEA,Global X Ftse Southeast,MISC,Finance-ETF / ETN,102,ARCA,15.22,0.7,0.1,17,4.9,0,75,C+,-,B-,0
ASET,Flexshrs Real Asts Alloc,MISC,Finance-ETF / ETN,102,NASDAQ,34.02,0.9,0.32,1,-80.7,0,75,C+,-,B-,0
ASHR,X Harv Csi 300 China A,MISC,Finance-ETF / ETN,102,ARCA,36.54,0.1,0.05,1370,-59.5,0,39,C+,-,D,0
ASHS,X Harv Csi 500 Chn SmCp,MISC,Finance-ETF / ETN,102,ARCA,37.87,0.3,0.13,21,103.5,0,60,C+,-,D-,0
ASHX,X Msci China A Incl Eqty,MISC,Finance-ETF / ETN,102,ARCA,27.87,0,0,0,0,0,39,C+,-,C+,0
ASPY,ASYMshrs ASYMetrc S&P500,MISC,Finance-ETF / ETN,102,ARCA,28.45,0.2,0.06,3,-60.1,0,77,C+,-,D+,0
ATFV,Alger 35 Etf,MISC,Finance-ETF / ETN,102,ARCA,18.47,0.1,0.03,2,-30.7,0,31,C+,-,C+,0
ATMP,Barclays Etn+Sel MLP,MISC,Finance-ETF / ETN,102,BATS,17.67,1.1,0.19,32,-11.9,0,90,C+,-,B+,0
AUGZ,Trueshrs Strcd Outcm Aug,MISC,Finance-ETF / ETN,102,BATS,32.52,0,0,0,0,0,79,C+,-,E,0
AUSF,Glbl X Adaptive US Fact,MISC,Finance-ETF / ETN,102,ARCA,31.08,1,0.32,0,-89.3,0,77,C+,-,E,0
AVDE,Avantis International Eq,MISC,Finance-ETF / ETN,102,ARCA,62.77,1,0.61,95,-26.2,0,60,C+,-,D,0
AVDG,AVDR US LargeCap ESG ETF,MISC,Finance-ETF / ETN,102,BATS,30.48,0.2,0.05,0,-45.5,0,77,C+,-,B+,0
AVDR,AVDR US LargeCap Leading,MISC,Finance-ETF / ETN,102,BATS,29.7,1.2,0.36,8,85.1,0,60,C+,-,C-,0
AVDV,Avantis Intl Sml Cap Val,MISC,Finance-ETF / ETN,102,ARCA,63.86,1.2,0.73,140,-18.5,0,55,C+,-,C-,0
AVEM,Avantis Emerging Mkts Eq,MISC,Finance-ETF / ETN,102,ARCA,63.33,0,-0.03,76,-27.9,0,48,C+,-,B-,0
AVES,Avantis Emg Markets Valu,MISC,Finance-ETF / ETN,102,ARCA,50.71,0.2,0.12,17,-33.7,0,69,C+,-,D+,0
AVIG,Avantis Core Fixed Incm,MISC,Finance-ETF / ETN,102,ARCA,47.65,0.2,0.09,19,40.1,0,48,C+,-,D+,0
AVIV,Avantis Intl LgCap Value,MISC,Finance-ETF / ETN,102,ARCA,52.11,0.9,0.45,7,-3.4,0,72,C+,-,C-,0
AVLV,Avantis U.S. Large CpVal,MISC,Finance-ETF / ETN,102,ARCA,53.81,0.7,0.38,43,20.6,0,72,C+,-,C-,0
AVMU,Avantis Core Mun Fx Inc,MISC,Finance-ETF / ETN,102,ARCA,48.87,0.2,0.12,4,-3.9,0,55,C+,-,D,0
AVRE,Avantis Real Estate ETF,MISC,Finance-ETF / ETN,102,ARCA,51.97,1.2,0.59,12,14.6,0,69,C+,-,E,0
AVSC,Avantis U.S. Small Cp Eq,MISC,Finance-ETF / ETN,102,ARCA,46.86,-1,-0.49,0,-96.3,0,44,C+,-,-,0
AVSF,Avantis Short-Term FxInc,MISC,Finance-ETF / ETN,102,ARCA,48.9,0.1,0.03,15,60.2,0,55,C+,-,D,0
AVUS,Avantis US Equity Etf,MISC,Finance-ETF / ETN,102,ARCA,77.54,0.7,0.55,97,-24.9,0,77,C+,-,E,0
AVUV,Avantis US Small Cap Val,MISC,Finance-ETF / ETN,102,ARCA,78.49,-0.2,-0.19,375,36.6,0,83,C+,-,D+,0
AWAY,Etfmg Travel Tech Etf,MISC,Finance-ETF / ETN,102,ARCA,23.54,-0.9,-0.22,144,-43.9,0,30,C+,-,D-,0
AWTM,National InvSvcsUltShDur,MISC,Finance-ETF / ETN,102,ARCA,49.37,-0.1,-0.03,1,26.6,0,60,C+,-,A,0
AWYX,ETFMG 2x Dly Trvl Tech,MISC,Finance-ETF / ETN,102,ARCA,5.53,0.2,0.01,0,-72.5,0,16,C+,-,C+,0
AZAA,Allianzim US LgCpBf10Apr,MISC,Finance-ETF / ETN,102,ARCA,29.05,0,0,0,0,0,77,C+,-,E,0
AZAJ,Allianzim USLgCpBf10 Jan,MISC,Finance-ETF / ETN,102,ARCA,27.64,0.9,0.24,6,-79.2,0,72,C+,-,B+,0
AZAL,Allianzim US LgCpBf10Jul,MISC,Finance-ETF / ETN,102,ARCA,28.94,0.6,0.17,0,-99,0,72,C+,-,D-,0
AZAO,Allianzim UsLC Bf 10 Oct,MISC,Finance-ETF / ETN,102,ARCA,29.94,0.3,0.09,1,17.3,0,77,C+,-,C+,0
AZBA,Allianzim US LgCpBf20Apr,MISC,Finance-ETF / ETN,102,ARCA,26.93,0,0,0,0,0,72,C+,-,E,0
AZBJ,Allianzim USLgCpBf20 Jan,MISC,Finance-ETF / ETN,102,ARCA,26.3,0.4,0.1,11,-74.6,0,69,C+,-,C,0
AZBL,Allianzim US LgCpBf20Jul,MISC,Finance-ETF / ETN,102,ARCA,27.04,0.3,0.09,2,-90.1,0,69,C+,-,D,0
AZBO,Allianzim UsLC Bf 20 Oct,MISC,Finance-ETF / ETN,102,ARCA,27.45,0,0,0,0,0,72,C+,-,B,0
BAB,Invesco Taxable Mun Bond,MISC,Finance-ETF / ETN,102,ARCA,32.01,0.3,0.08,142,-48.5,0,48,C+,-,B,0
BAD,B A D Etf,MISC,Finance-ETF / ETN,102,ARCA,14.04,-0.9,-0.12,0,-96.3,0,42,C+,-,-,0
BAL,Ipath Sr B Blom Cotton,MISC,Finance-ETF / ETN,102,ARCA,71.4,-1.4,-1,3,-29.7,0,97,C+,-,B-,0
BALT,Innovator Defnd Wlth Sld,MISC,Finance-ETF / ETN,102,BATS,25.82,0,-0.01,23,-60.1,0,65,C+,-,B,0
BAPR,Innovator US Eqt Bf-Apr,MISC,Finance-ETF / ETN,102,BATS,33.16,0.2,0.08,0,-96.7,0,77,C+,-,B-,0
BAR,GraniteShares Gold Trust,MISC,Finance-ETF / ETN,102,ARCA,17.91,0.2,0.03,198,-22.1,0,65,C+,-,C-,0
BATT,Amplify Lith & Btry Tech,MISC,Finance-ETF / ETN,102,ARCA,16.64,-1,-0.17,244,60.7,0,37,C+,-,D-,0
BAUG,Innovator US Eqt Bf-Aug,MISC,Finance-ETF / ETN,102,BATS,32.75,0.5,0.16,3,-22.9,0,75,C+,-,C,0
BBAX,J P Morgan BetaBldDvAsia,MISC,Finance-ETF / ETN,102,BATS,52.48,0.5,0.26,168,-35.7,0,35,C+,-,D-,0
BBC,Virtus LifeSci Bio Cli,MISC,Finance-ETF / ETN,102,ARCA,29.08,-4.8,-1.46,3,11.7,0,14,C+,-,D-,0
BBCA,J P Morgan BetabldCanada,MISC,Finance-ETF / ETN,102,BATS,67.88,0.7,0.44,93,-50.9,0,83,C+,-,C,0
BBEU,J P Morgan BetaBuild Eur,MISC,Finance-ETF / ETN,102,BATS,58.82,0.8,0.45,151,-65.7,0,69,C+,-,D+,0
BBH,Vaneck Biotech Etf,MISC,Finance-ETF / ETN,102,NASDAQ,167.79,-0.1,-0.22,21,-5.7,0,29,C+,-,E,0
BBIN,JPMorgan BetaBld Int Eq,MISC,Finance-ETF / ETN,102,BATS,58.41,0.8,0.48,40,-70.3,0,52,C+,-,D-,0
BBJP,J P Morgan BetaBldr Jpn,MISC,Finance-ETF / ETN,102,BATS,53.6,1.6,0.82,295,-39.6,0,37,C+,-,E,0
BBMC,J P Mrgn Betabld US MdCp,MISC,Finance-ETF / ETN,102,ARCA,84.55,-0.4,-0.37,0,-94.5,0,42,C+,-,C+,0
BBP,Virtus LifeSci Bio Prod,MISC,Finance-ETF / ETN,102,ARCA,42.89,-2.2,-0.98,3,171.2,0,25,C+,-,B,0
BBRE,Jp Mrgn BtBldr Msci USRt,MISC,Finance-ETF / ETN,102,BATS,104.03,1.2,1.28,27,-51.8,0,83,C+,-,E,0
BBSA,JP Morgan Beta 1.5 Yr Us,MISC,Finance-ETF / ETN,102,BATS,50.19,0,0.02,4,-48.6,0,52,C+,-,D-,0
BBSC,J P Mrgn Betabld US SdCp,MISC,Finance-ETF / ETN,102,ARCA,59.84,-1,-0.63,0,-96.1,0,35,C+,-,B-,0
BBUS,JPMorgan BetaBldrs US Eq,MISC,Finance-ETF / ETN,102,BATS,82.69,0.8,0.63,102,66.5,0,77,C+,-,D+,0
BCD,Aberdeen BlomCmdlgDtStr,MISC,Finance-ETF / ETN,102,ARCA,33.58,0.6,0.21,237,243.4,0,85,C+,-,A+,0
BCI,Aberdeen Blom Cm Strat,MISC,Finance-ETF / ETN,102,ARCA,25.46,0.9,0.24,316,-4.1,0,48,C+,-,A-,0
BCIM,Abrdn Blom Ind MtlsStrK1,MISC,Finance-ETF / ETN,102,ARCA,26.84,0,0,0,0,0,83,C+,-,D+,0
BCM,Ipath Pure Beta Bd Cmdty,MISC,Finance-ETF / ETN,102,ARCA,42.15,0.4,0.19,3,-17.2,0,91,C+,-,B+,0
BDCX,Etracs Q P 1.5x Lv WFBdc,MISC,Finance-ETF / ETN,102,ARCA,40.69,0.5,0.2,59,274.2,0,86,C+,-,C+,0
BDCZ,ETRACS W F Bus DvlpCoIdx,MISC,Finance-ETF / ETN,102,ARCA,20.28,0.1,0.02,1,-68.6,0,83,C+,-,B-,0
BDEC,Innovator U.S. Eq Bf-Dec,MISC,Finance-ETF / ETN,102,BATS,34.42,0.5,0.16,36,13.6,0,77,C+,-,D,0
BDRY,Breakwave Dry Bulk Ship,MISC,Finance-ETF / ETN,102,ARCA,22.35,4,0.85,330,70.1,0,91,C+,-,D-,0
BECO,Blackrock Futr Clim&Sust,MISC,Finance-ETF / ETN,102,ARCA,23.22,0,0,0,0,0,37,C+,-,E,0
BEDZ,AdvisorShares Hotel Etf,MISC,Finance-ETF / ETN,102,ARCA,23.95,-1.6,-0.39,8,-18.3,0,52,C+,-,B+,0
BERZ,Microsectors Fang&In -3x,MISC,Finance-ETF / ETN,102,ARCA,23.33,3.5,0.78,18,24.3,0,75,C+,-,B-,0
BETZ,Roundhill Sports Btg Igm,MISC,Finance-ETF / ETN,102,ARCA,21.98,-1.6,-0.37,146,-8.4,0,21,C+,-,D,0
BFEB,Innovator US Eqt Bf-Feb,MISC,Finance-ETF / ETN,102,BATS,32.58,0.6,0.21,111,290.6,0,81,C+,-,A-,0
BFIT,Global X Health&Wellness,MISC,Finance-ETF / ETN,102,NASDAQ,26.3,0.6,0.16,2,-54.8,0,37,C+,-,D-,0
BFOR,Barron's 400 ETF,MISC,Finance-ETF / ETN,102,ARCA,59.84,-0.1,-0.08,0,-85.3,0,69,C+,-,B,0
BFTR,BlackRock Future Inovatr,MISC,Finance-ETF / ETN,102,ARCA,35.5,-1.9,-0.67,1,-52.2,0,18,C+,-,E,0
BGLD,FT Cboe Vest Gld StdQBfr,MISC,Finance-ETF / ETN,102,BATS,18.92,0.5,0.1,0,-97.3,0,52,C+,-,B+,0
BGRN,Ishares Global Green Bnd,MISC,Finance-ETF / ETN,102,NASDAQ,53.18,-0.2,-0.08,24,0,0,48,C+,-,C+,0
BIB,Proshrs Ultra Nsdq Bioth,MISC,Finance-ETF / ETN,102,NASDAQ,62.75,-2.3,-1.48,24,-48.5,0,17,C+,-,D,0
BIBL,Inspire 100 ETF,MISC,Finance-ETF / ETN,102,ARCA,36.4,0.9,0.34,74,19.5,0,28,C+,-,B-,0
BICK,First Tr Bick Idx,MISC,Finance-ETF / ETN,102,NASDAQ,30.53,0.2,0.06,0,-80.8,0,26,C+,-,B-,0
BIDS,Amplify Digital & Onl Tr,MISC,Finance-ETF / ETN,102,ARCA,21.52,-2.3,-0.5,0,150,0,24,C+,-,D-,0
BIGY,Defiance Nxt Gen BigData,MISC,Finance-ETF / ETN,102,ARCA,20.06,-2,-0.42,0,-94.3,0,22,C+,-,E,0
BIL,Spdr Blom1-3MntTbill Etf,MISC,Finance-ETF / ETN,102,ARCA,91.42,0,0,1947,4.2,0,65,C+,-,C-,0
BILS,Spdr Blom 3-12 Mn Tbill,MISC,Finance-ETF / ETN,102,ARCA,99.93,0,0,0,0,0,65,C+,-,E,0
BIS,Proshrs Ultsht Nsdq Biot,MISC,Finance-ETF / ETN,102,NASDAQ,25.03,2.4,0.58,18,-7.6,0,96,C+,-,B+,0
BITO,Proshares Bitcoin Strgy,MISC,Finance-ETF / ETN,102,ARCA,23.52,-2.9,-0.69,3399,-51.7,0,12,C+,-,C+,0
BITQ,Bitwise Crypto Ind Innov,MISC,Finance-ETF / ETN,102,ARCA,15.36,-6.5,-1.06,149,-17.5,0,15,C+,-,D-,0
BITS,Global X Blockchain&Btcn,MISC,Finance-ETF / ETN,102,NASDAQ,15.45,-4.1,-0.66,7,-43.9,0,11,C+,-,E,0
BIV,Vanguard Intrmed-Term Bd,MISC,Finance-ETF / ETN,102,ARCA,85.69,0.1,0.08,799,-17.4,0,44,C+,-,D,0
BIZD,Vaneck Bdc Income Etf,MISC,Finance-ETF / ETN,102,ARCA,17.78,0.1,0.01,191,-17.6,0,84,C+,-,B,0
BJAN,Innovator US Eqt Bf-Jan,MISC,Finance-ETF / ETN,102,BATS,36.44,0.7,0.25,31,-56.4,0,72,C+,-,C+,0
BJK,Vaneck Gaming Etf,MISC,Finance-ETF / ETN,102,NASDAQ,42.62,-0.6,-0.25,15,-40.6,0,29,C+,-,C-,0
BJUL,Innovator US Eqt Bf-Jul,MISC,Finance-ETF / ETN,102,BATS,32.93,0.5,0.16,7,-72.3,0,75,C+,-,C+,0
BJUN,Innovator US Eqt Bf-Jun,MISC,Finance-ETF / ETN,102,BATS,34.2,0.4,0.15,3,-69.7,0,77,C+,-,D,0
BKAG,BNY Mellon Core Bond ETF,MISC,Finance-ETF / ETN,102,ARCA,48.19,0.4,0.18,8,-78.5,0,52,C+,-,C-,0
BKCH,Global X Blockchain ETF,MISC,Finance-ETF / ETN,102,NASDAQ,16.36,-5.5,-0.95,105,-40.2,0,15,C+,-,E,0
BKCI,BNY Mellon Concntrd Intl,MISC,Finance-ETF / ETN,102,ARCA,49.05,1.1,0.52,1,-70,0,42,C+,-,-,0
BKEM,BNY Mellon Emg Mkts Eq,MISC,Finance-ETF / ETN,102,ARCA,68.75,-0.4,-0.28,0,-81.6,0,42,C+,-,D+,0
BKES,BNY Mellon SustGlbEmgMkt,MISC,Finance-ETF / ETN,102,ARCA,47.31,2.7,1.22,0,-85.3,0,39,C+,-,-,0
BKF,Ishares Msci Bric Etf,MISC,Finance-ETF / ETN,102,ARCA,44.91,-0.6,-0.25,9,-46.9,0,31,C+,-,D-,0
BKHY,BNY Mellon High Yld Bt,MISC,Finance-ETF / ETN,102,ARCA,53.73,0.1,0.03,5,-42.7,0,44,C+,-,E,0
BKIE,BNY Mellon Intl Equity,MISC,Finance-ETF / ETN,102,ARCA,73.09,0.9,0.62,2,-73,0,60,C+,-,C+,0
BKIS,BNY Mellon Sust Intl Eqt,MISC,Finance-ETF / ETN,102,ARCA,48.23,0,0,0,0,0,48,C+,-,-,0
BKLC,BNY Mellon US Lg Cp CrEq,MISC,Finance-ETF / ETN,102,ARCA,85.97,1,0.84,156,369.2,0,79,C+,-,D-,0
BKLN,Invesco Senior Loan,MISC,Finance-ETF / ETN,102,ARCA,22.04,0.1,0.03,7527,0.3,0,60,C+,-,E,0
BKMC,BNY Mellon US MidCapCore,MISC,Finance-ETF / ETN,102,ARCA,89.55,0.2,0.21,4,-41.3,0,65,C+,-,B-,0
BKSB,BNY Mellon Sh Dur CorpBd,MISC,Finance-ETF / ETN,102,ARCA,49.9,0.1,0.05,0,-93.7,0,52,C+,-,E,0
BKSE,BNY Mellon US Sm Cp CrEq,MISC,Finance-ETF / ETN,102,ARCA,88.78,-0.8,-0.75,7,-53.6,0,39,C+,-,D-,0
BKUI,BNY Mellon Ultra Sht Inc,MISC,Finance-ETF / ETN,102,ARCA,49.66,0,0,0,0,0,60,C+,-,E,0
BKUS,BNY Mellon Sust US Eqty,MISC,Finance-ETF / ETN,102,ARCA,47.52,0,0,0,0,0,42,C+,-,-,0
BLCN,Siren Nasdaq Nex Gen Eco,MISC,Finance-ETF / ETN,102,NASDAQ,38.65,-0.6,-0.23,100,73.4,0,25,C+,-,E,0
BLDG,Cambria Global Real Est,MISC,Finance-ETF / ETN,102,BATS,30.74,0.5,0.16,0,-85.1,0,48,C+,-,B-,0
BLES,Inspire Global Hope,MISC,Finance-ETF / ETN,102,ARCA,36.3,0.7,0.26,11,-32,0,42,C+,-,C+,0
BLHY,Virtus Newfleet Hg Yd Bd,MISC,Finance-ETF / ETN,102,ARCA,23.9,0,0,0,0,0,52,C+,-,E,0
BLKC,Invesco Aler GlxyBlckUrs,MISC,Finance-ETF / ETN,102,BATS,20.35,0,0,0,0,0,21,C+,-,E,0
BLOK,Amplify Transfrmtnl Data,MISC,Finance-ETF / ETN,102,ARCA,32.63,-3.7,-1.24,323,-48.5,0,17,C+,-,E,0
BLV,Vanguard Long-Term Bond,MISC,Finance-ETF / ETN,102,ARCA,98.34,0.2,0.19,331,-32.8,0,44,C+,-,D+,0
BMAR,Innovator US Eqt Bf-Mar,MISC,Finance-ETF / ETN,102,BATS,34.53,0.2,0.06,3,-49.1,0,81,C+,-,C-,0
BMAY,Innovator US Eqt Bf-May,MISC,Finance-ETF / ETN,102,BATS,32.69,0.3,0.09,0,-96,0,77,C+,-,C+,0
BMED,BlackRock Future Health,MISC,Finance-ETF / ETN,102,ARCA,25.39,0,0.01,1,-60.4,0,27,C+,-,E,0
BND,Vanguard Total Bond Mkt,MISC,Finance-ETF / ETN,102,NASDAQ,82.93,0.1,0.11,6248,7.7,0,48,C+,-,E,0
BNDC,Flexshrs Core Select Bd,MISC,Finance-ETF / ETN,102,NYSE,25.53,0.2,0.04,7,-71.1,0,48,C+,-,D,0
BNDD,Quadratic Deflation Etf,MISC,Finance-ETF / ETN,102,ARCA,25.61,0.3,0.08,111,-45.6,0,69,C+,-,D-,0
BNDW,Vanguard Total World Bd,MISC,Finance-ETF / ETN,102,NASDAQ,77.04,0.1,0.12,35,-13.4,0,48,C+,-,E,0
BNDX,Vanguard Total Intl Bond,MISC,Finance-ETF / ETN,102,NASDAQ,54.38,0.1,0.06,2199,-15.1,0,44,C+,-,E,0
BNE,Blue Horizon New Energy,MISC,Finance-ETF / ETN,102,ARCA,25.4,-0.3,-0.07,0,-60.6,0,27,C+,-,D+,0
BNGE,First Tr SNtwrk Str&Gm,MISC,Finance-ETF / ETN,102,ARCA,25.66,-1.1,-0.28,1,-38.3,0,1,C+,-,-,0
BNKD,Micsec Us BigBnk3XInvLev,MISC,Finance-ETF / ETN,102,ARCA,8.25,-0.4,-0.03,34,-32.1,0,15,C+,-,C+,0
BNKU,MicroSec US BnkIdx 3XLev,MISC,Finance-ETF / ETN,102,ARCA,63.44,0.4,0.26,183,-23.6,0,96,C+,-,B-,0
BNO,United States Brent Oil,MISC,Finance-ETF / ETN,102,ARCA,24.24,0.2,0.05,1361,22.6,0,96,C+,-,B-,0
BNOV,Innovator U.S. Eq Bf-Nov,MISC,Finance-ETF / ETN,102,BATS,32.23,0.6,0.18,2,-88.5,0,69,C+,-,B-,0
BOAT,Sonicshares Glb Shipping,MISC,Finance-ETF / ETN,102,ARCA,30.59,0.9,0.27,22,60.3,0,92,C+,-,C-,0
BOB,Merlyn.AI BestofBr CrMom,MISC,Finance-ETF / ETN,102,BATS,25.86,0.3,0.09,18,790.1,0,52,C+,-,C+,0
BOCT,Innovator U.S. Eq Bf-Oct,MISC,Finance-ETF / ETN,102,BATS,33.94,0,0.01,3,-83.1,0,79,C+,-,C,0
BOIL,Proshrs Ultra Bloom Natg,MISC,Finance-ETF / ETN,102,ARCA,55.89,20.7,9.57,5517,105.9,0,94,C+,-,B-,0
BOND,Pimco Active Bond Etf,MISC,Finance-ETF / ETN,102,ARCA,107.14,0.3,0.34,246,-3.5,0,48,C+,-,D-,0
BOSS,Global X Founder Run Co,MISC,Finance-ETF / ETN,102,BATS,30.22,-1.1,-0.35,2,-23.9,0,31,C+,-,C,0
BOTZ,Global X Robo Art Intel,MISC,Finance-ETF / ETN,102,NASDAQ,30.32,0.6,0.17,680,22.1,0,27,C+,-,E,0
BOUT,Innovator IBD Brkout Opp,MISC,Finance-ETF / ETN,102,ARCA,35.87,0.3,0.1,12,35.3,0,69,C+,-,D-,0
BRF,Vaneck Brazil Sm Cp Etf,MISC,Finance-ETF / ETN,102,ARCA,17.47,-1.8,-0.31,12,-10.8,0,39,C+,-,C,0
BRZU,Direxion Brazil Bull 2X,MISC,Finance-ETF / ETN,102,ARCA,85.46,-1.3,-1.09,93,-51.5,0,65,C+,-,C,0
BSBE,Invesco Blt 2022 Usd Emg,MISC,Finance-ETF / ETN,102,NASDAQ,25.45,0,0,17,145.1,0,60,C+,-,C,0
BSCE,Invesco Blt 2023 Usd Emg,MISC,Finance-ETF / ETN,102,NASDAQ,25.69,0.1,0.02,10,102.7,0,55,C+,-,C+,0
BSCM,Invesco Blt 2022 Corp Bd,MISC,Finance-ETF / ETN,102,NASDAQ,21.35,0,0,404,-18.1,0,60,C+,-,C+,0
BSCN,Invesco Blt 2023 Corp Bd,MISC,Finance-ETF / ETN,102,NASDAQ,21.34,0,0.01,477,13.8,0,55,C+,-,D+,0
BSCO,Invesco Blt 2024 Corp Bd,MISC,Finance-ETF / ETN,102,NASDAQ,21.58,0,0.01,338,-31.6,0,52,C+,-,E,0
BSCP,Invesco Blt 2025 Corp Bd,MISC,Finance-ETF / ETN,102,NASDAQ,21.59,0.1,0.03,220,-4.5,0,52,C+,-,D-,0
BSCQ,Invesco Blt 2026 Corp Bd,MISC,Finance-ETF / ETN,102,NASDAQ,20.77,0.2,0.04,74,-66.2,0,48,C+,-,C-,0
BSCR,Invesco Blt 2027 Corp Bd,MISC,Finance-ETF / ETN,102,NASDAQ,21.11,0.2,0.05,229,149.1,0,48,C+,-,D-,0
BSCS,Invesco Blt 2028 Corp Bd,MISC,Finance-ETF / ETN,102,NASDAQ,22.16,0.2,0.03,33,-28.1,0,48,C+,-,C+,0
BSCT,Invesco Blt 2029 Corp Bd,MISC,Finance-ETF / ETN,102,NASDAQ,20.41,0,0,20,-59.1,0,48,C+,-,E,0
BSCU,Invesco Bltshrs2030 CpBd,MISC,Finance-ETF / ETN,102,NASDAQ,18.82,0.1,0.01,72,65.8,0,48,C+,-,D+,0
BSCV,Invesco Bltshr 2031CorBd,MISC,Finance-ETF / ETN,102,NASDAQ,19,0.2,0.04,3,-79.4,0,44,C+,-,C+,0
BSDE,Invesco Blt 2024 Usd Emg,MISC,Finance-ETF / ETN,102,NASDAQ,25.62,0.1,0.02,1,-48.9,0,55,C+,-,C+,0
BSEA,ETFMG BrkwvSeaDecarbTech,MISC,Finance-ETF / ETN,102,ARCA,22.16,0.2,0.04,0,-72.5,0,25,C+,-,D-,0
BSEP,Innovator U.S. Eq Bf-Sep,MISC,Finance-ETF / ETN,102,BATS,32.75,0.7,0.23,7,-70.5,0,75,C+,-,C+,0
BSJM,Invesco Blt 2022 Hi Yld,MISC,Finance-ETF / ETN,102,NASDAQ,23.1,0,0.01,182,-53.2,0,60,C+,-,C,0
BSJN,Invesco Blt 2023 Hi Yld,MISC,Finance-ETF / ETN,102,NASDAQ,24.95,0,0.01,452,6.4,0,55,C+,-,B-,0
BSJO,Invesco Blt 2024 Hi Yld,MISC,Finance-ETF / ETN,102,NASDAQ,24.5,0.1,0.02,206,-16.2,0,55,C+,-,B+,0
BSJP,Invesco Blt 2025 Hi Yld,MISC,Finance-ETF / ETN,102,NASDAQ,24.22,0,-0.01,319,90.4,0,60,C+,-,D+,0
BSJQ,Invesco Blt 2026 Hi Yld,MISC,Finance-ETF / ETN,102,NASDAQ,25.14,0,0.01,95,-33.5,0,55,C+,-,A,0
BSJR,Invesco Blt 2027 Hi Yld,MISC,Finance-ETF / ETN,102,NASDAQ,24.82,0.2,0.04,5,-70.4,0,52,C+,-,B-,0
BSJS,Invesco Bltshr2028 HiYld,MISC,Finance-ETF / ETN,102,NASDAQ,24.59,0.3,0.07,1,-79.5,0,48,C+,-,D-,0
BSJT,Invesco Bltsh2029HiYiCor,MISC,Finance-ETF / ETN,102,NASDAQ,23.87,0.2,0.05,2,-50.6,0,48,C+,-,D+,0
BSMM,Invesco Blt 2022 Mun Bd,MISC,Finance-ETF / ETN,102,NASDAQ,25.32,-0.1,-0.02,13,-5,0,65,C+,-,C-,0
BSMN,Invesco Blt 2023 Mun Bd,MISC,Finance-ETF / ETN,102,NASDAQ,25.43,0.1,0.03,19,115.9,0,60,C+,-,B,0
BSMO,Invesco Blt 2024 Mun Bd,MISC,Finance-ETF / ETN,102,NASDAQ,25.33,-0.1,-0.02,12,55.4,0,55,C+,-,E,0
BSMP,Invesco Blt 2025 Mun Bd,MISC,Finance-ETF / ETN,102,NASDAQ,25.46,0.2,0.05,18,179.3,0,55,C+,-,E,0
BSMQ,Invesco Blt 2026 Mun Bd,MISC,Finance-ETF / ETN,102,NASDAQ,25.21,0.3,0.08,12,149.4,0,52,C+,-,E,0
BSMR,Invesco Blt 2027 Mun Bd,MISC,Finance-ETF / ETN,102,NASDAQ,25.15,0.3,0.08,7,133.6,0,52,C+,-,D+,0
BSMS,Invesco Blt 2028 Mun Bd,MISC,Finance-ETF / ETN,102,NASDAQ,25.54,0.4,0.11,12,516.1,0,52,C+,-,E,0
BSMT,Invesco Blt 2029 Mun Bd,MISC,Finance-ETF / ETN,102,NASDAQ,25.46,0.3,0.09,9,155.4,0,52,C+,-,E,0
BSMU,Invesco Bltshrs2030 Mncp,MISC,Finance-ETF / ETN,102,NASDAQ,24.8,0.5,0.12,1,-71.9,0,52,C+,-,E,0
BSMV,Invesco Bltshr 2031MunBd,MISC,Finance-ETF / ETN,102,NASDAQ,24.16,0.6,0.16,2,-62.8,0,55,C+,-,E,0
BSV,Vanguard Short-Term Bond,MISC,Finance-ETF / ETN,102,ARCA,79.99,0.1,0.07,6229,102.7,0,52,C+,-,E,0
BTAL,Agfiq US Mkt Neu Antibt,MISC,Finance-ETF / ETN,102,ARCA,18.55,0.9,0.16,37,-61.3,0,83,C+,-,B-,0
BTCR,Volt Crypto Ind Rev&Tech,MISC,Finance-ETF / ETN,102,ARCA,11.2,-5,-0.59,4,-71.8,0,9,C+,-,E,0
BTEC,Principal Healthcare Inv,MISC,Finance-ETF / ETN,102,NASDAQ,39.47,-0.5,-0.22,4,-66.9,0,17,C+,-,E,0
BTEK,BlackRock Future Tech,MISC,Finance-ETF / ETN,102,ARCA,27.84,-1.4,-0.38,1,-87.1,0,22,C+,-,D-,0
BTF,Valkyrie Bitcoin Stratgy,MISC,Finance-ETF / ETN,102,NASDAQ,14.57,-2.9,-0.44,370,-41.7,0,14,C+,-,C+,0
BTHM,Blackrock Future USTheme,MISC,Finance-ETF / ETN,102,ARCA,24.51,1.6,0.38,2,24,0,48,C+,-,-,0
BUDX,Cannabis Growth ETF,MISC,Finance-ETF / ETN,102,NYSE,11.81,3.6,0.41,0,-52.8,0,13,C+,-,C+,0
BUFD,FT Cboe Vest Fd Deep Bfr,MISC,Finance-ETF / ETN,102,BATS,21.18,0.6,0.13,53,-63.9,0,69,C+,-,D-,0
BUFF,Innov Ldrd U.S. Eq Pr Bf,MISC,Finance-ETF / ETN,102,BATS,35.73,0.1,0.05,12,41.9,0,75,C+,-,D,0
BUFG,FT Cboe Vest BuffAlocGrw,MISC,Finance-ETF / ETN,102,BATS,19.97,0.5,0.1,59,-42.2,0,60,C+,-,E,0
BUFR,FT Cboe Vest Fund of Buf,MISC,Finance-ETF / ETN,102,BATS,23.79,0.3,0.08,290,31.6,0,75,C+,-,D,0
BUFT,FT Cboe Vest BuffAlocDef,MISC,Finance-ETF / ETN,102,BATS,20.07,0.2,0.03,10,-80.8,0,65,C+,-,E,0
BUG,Global X Cybersecurity,MISC,Finance-ETF / ETN,102,NASDAQ,28.52,-1.2,-0.36,185,-38.4,0,48,C+,-,D,0
BUL,Pacer US Cash Cows Gr,MISC,Finance-ETF / ETN,102,ARCA,40.32,1.5,0.6,5,-66.2,0,75,C+,-,D-,0
BULZ,Microsectors Fang&In 3x,MISC,Finance-ETF / ETN,102,ARCA,18.1,-4.3,-0.82,1955,48,0,18,C+,-,E,0
BUYZ,Franklin Disruptive Com,MISC,Finance-ETF / ETN,102,BATS,32.73,-3.4,-1.16,4,-37,0,15,C+,-,D+,0
BUZZ,Vaneck Social Sentiment,MISC,Finance-ETF / ETN,102,ARCA,19.4,-2.8,-0.56,15,-69.2,0,23,C+,-,E,0
BWX,Spdr Blom Intl Trsy Bd,MISC,Finance-ETF / ETN,102,ARCA,27.71,0.4,0.11,311,-19.8,0,42,C+,-,D-,0
BWZ,Spdr Blom St Intl Tr Bd,MISC,Finance-ETF / ETN,102,ARCA,30.32,0.4,0.12,39,-22.7,0,48,C+,-,C+,0
BYLD,Ishares Yld Optimized Bd,MISC,Finance-ETF / ETN,102,ARCA,24.48,0,-0.01,31,71.1,0,52,C+,-,D-,0
BYTE,Roundhill IO Digi Infra,MISC,Finance-ETF / ETN,102,ARCA,13.95,-0.1,-0.02,0,-73.4,0,42,C+,-,C+,0
BZQ,Proshrs UlSt MSCI Bzl Cp,MISC,Finance-ETF / ETN,102,ARCA,13.8,1.5,0.21,71,-28,0,23,C+,-,B-,0
CACG,Clearbridge AllCpGrwtEsg,MISC,Finance-ETF / ETN,102,NASDAQ,46.5,0.3,0.15,5,-28.8,0,44,C+,-,D-,0
CALF,Pacer Us SmCp CshCws 100,MISC,Finance-ETF / ETN,102,BATS,41.14,-0.4,-0.15,124,-31.6,0,60,C+,-,D-,0
CANE,Teucrium Sugar Fund,MISC,Finance-ETF / ETN,102,ARCA,8.8,-2.2,-0.2,48,-17.5,0,81,C+,-,D+,0
CAPE,Barclays Etn+ShillerCape,MISC,Finance-ETF / ETN,102,ARCA,22.2,1.2,0.26,165,100.3,0,81,C+,-,D+,0
CARZ,First Tr SNtwrk Ft Veh,MISC,Finance-ETF / ETN,102,NASDAQ,60.82,1.8,1.08,8,-63.4,0,60,C+,-,B-,0
CATH,Global X S&P 500 Cat Val,MISC,Finance-ETF / ETN,102,NASDAQ,56.44,0.9,0.52,23,-31.1,0,79,C+,-,D,0
CBLS,Changebridge Cap LgShtEq,MISC,Finance-ETF / ETN,102,ARCA,23.63,0,0,0,0,0,35,C+,-,D,0
CBON,Vaneck China Bond Etf,MISC,Finance-ETF / ETN,102,ARCA,24.83,0.2,0.06,38,-32,0,72,C+,-,B,0
CBSE,Changebridge Cap Sust Eq,MISC,Finance-ETF / ETN,102,ARCA,25.4,0,0,0,0,0,31,C+,-,C,0
CBTG,Cabot Growth ETF,MISC,Finance-ETF / ETN,102,BATS,14.75,0,0,0,0,0,13,C+,-,C+,0
CCOR,Core Alternative Etf,MISC,Finance-ETF / ETN,102,ARCA,31.29,0.2,0.07,78,81.4,0,81,C+,-,B-,0
CCRV,Ishares CmdCurveCarryStg,MISC,Finance-ETF / ETN,102,ARCA,24.03,-0.3,-0.08,0,-74.3,0,42,C+,-,B,0
CDC,Victory Shares US Eq In,MISC,Finance-ETF / ETN,102,NASDAQ,71.01,1.1,0.74,158,84.2,0,86,C+,-,B-,0
CDL,Victory Shares US LgCpDv,MISC,Finance-ETF / ETN,102,NASDAQ,62.26,1.1,0.66,28,91.7,0,86,C+,-,B,0
CEFA,Glbl X S&PCatholicValDev,MISC,Finance-ETF / ETN,102,NASDAQ,30.63,0,0,0,0,0,44,C+,-,B-,0
CEFD,Etracs M P1.5xLClosedEnd,MISC,Finance-ETF / ETN,102,ARCA,29.89,0.6,0.19,4,22.4,0,39,C+,-,C+,0
CEFS,Saba Closed-End Funds,MISC,Finance-ETF / ETN,102,BATS,20.6,0.5,0.11,21,2,0,52,C+,-,D-,0
CEMB,Ishares JPM EM Corp Bd,MISC,Finance-ETF / ETN,102,BATS,49.91,0.3,0.13,72,-13.4,0,48,C+,-,E,0
CEW,Wisdomtree Emg Curr,MISC,Finance-ETF / ETN,102,ARCA,17.49,0,0,0,0,0,52,C+,-,C-,0
CEY,Victory Shares Emg MktDv,MISC,Finance-ETF / ETN,102,NASDAQ,23.93,0,-0.01,0,-83,0,72,C+,-,D+,0
CFA,Victory Shares US 500 Vl,MISC,Finance-ETF / ETN,102,NASDAQ,74.43,0.8,0.57,83,279.4,0,75,C+,-,C+,0
CFCV,Clearbridge FocusVal Esg,MISC,Finance-ETF / ETN,102,BATS,34.51,0,0,0,0,0,60,C+,-,A+,0
CFO,Victory Shares US 500 En,MISC,Finance-ETF / ETN,102,NASDAQ,74.49,0.9,0.66,55,106.7,0,75,C+,-,B,0
CGW,Invesco S&P Glb Wtr,MISC,Finance-ETF / ETN,102,ARCA,54.45,0.6,0.31,45,-48.5,0,55,C+,-,E,0
CHAD,Direxion Csi300 Chn Br1X,MISC,Finance-ETF / ETN,102,ARCA,17.34,-0.2,-0.03,92,471.6,0,72,C+,-,B+,0
CHAU,Direxion Dly Csi300 Chna,MISC,Finance-ETF / ETN,102,ARCA,34.98,0.6,0.21,17,-63.5,0,29,C+,-,E,0
CHB,Global X China Bio Innov,MISC,Finance-ETF / ETN,102,NASDAQ,12.16,1.1,0.14,1,70.3,0,18,C+,-,D-,0
CHGX,Chang Fin US LgCp Fossil,MISC,Finance-ETF / ETN,102,ARCA,32.43,0.3,0.08,9,-65,0,60,C+,-,B-,0
CHIC,Global X Msci Chi Comm,MISC,Finance-ETF / ETN,102,ARCA,19.1,-0.8,-0.15,0,-80.5,0,26,C+,-,C,0
CHIE,Global X Msci China En,MISC,Finance-ETF / ETN,102,ARCA,12.18,1,0.13,2,-88.1,0,92,C+,-,D-,0
CHIH,Global X Msci Ch Hlthcre,MISC,Finance-ETF / ETN,102,ARCA,19.1,0,0,0,0,0,18,C+,-,E,0
CHII,Global X Msci China Inds,MISC,Finance-ETF / ETN,102,ARCA,16.25,0,0,0,0,0,55,C+,-,D,0
CHIK,Glbl X Msci Ch Info Tech,MISC,Finance-ETF / ETN,102,ARCA,24.59,-0.4,-0.11,4,-54.4,0,23,C+,-,C,0
CHIM,Global X Msci China Mtrl,MISC,Finance-ETF / ETN,102,ARCA,23.04,0,0,2,-65.9,0,39,C+,-,B-,0
CHIQ,Global XMsciChinaCnDisc,MISC,Finance-ETF / ETN,102,ARCA,24.24,-1.3,-0.32,337,76.2,0,22,C+,-,E,0
CHIR,Glbl X Msci Ch Real Esta,MISC,Finance-ETF / ETN,102,ARCA,12.1,2.1,0.25,8,-35.4,0,33,C+,-,D-,0
CHIS,Glbl X Msci Ch Consmr St,MISC,Finance-ETF / ETN,102,ARCA,26.87,0,0,0,0,0,31,C+,-,D-,0
CHIU,Glbl X Msci Ch Utilities,MISC,Finance-ETF / ETN,102,ARCA,17.92,0,0,0,0,0,69,C+,-,E,0
CHIX,Global X Msci China Fin,MISC,Finance-ETF / ETN,102,ARCA,14.82,0.1,0.02,21,-81,0,65,C+,-,B-,0
CHLD,Lifegoal Children Invest,MISC,Finance-ETF / ETN,102,ARCA,9.65,0.5,0.05,0,-44.9,0,52,C+,-,E,0
CHNA,Loncar China Biopharma,MISC,Finance-ETF / ETN,102,NASDAQ,22.17,-2.2,-0.49,0,-80.5,0,14,C+,-,D-,0
CIBR,First Tr Nasdaq Cybrsec,MISC,Finance-ETF / ETN,102,NASDAQ,47.68,-0.3,-0.14,761,-11.3,0,55,C+,-,B-,0
CID,Victory Shares Intl Div,MISC,Finance-ETF / ETN,102,NASDAQ,33.55,0.6,0.2,0,-69.4,0,77,C+,-,B-,0
CIL,Victory Shares Intl Vl,MISC,Finance-ETF / ETN,102,NASDAQ,44.13,1,0.44,0,-85.3,0,48,C+,-,C-,0
CIZ,Victory Shares Dev En Vl,MISC,Finance-ETF / ETN,102,NASDAQ,33.28,0,0,0,0,0,55,C+,-,D-,0
CLDL,Direxion Dly CldCompBull,MISC,Finance-ETF / ETN,102,ARCA,16.01,-4.5,-0.75,35,37.4,0,13,C+,-,C+,0
CLDS,Direxion Dly CldCompBear,MISC,Finance-ETF / ETN,102,ARCA,25.87,5.4,1.32,6,27.2,0,97,C+,-,C+,0
CLIX,Proshrs Lg Online/Sh Sto,MISC,Finance-ETF / ETN,102,ARCA,50.49,-3.8,-2.01,2,-53.7,0,17,C+,-,D,0
CLMA,Iclima Glb Decarbn TrnLd,MISC,Finance-ETF / ETN,102,ARCA,17.66,0,0,0,0,0,26,C+,-,E,0
CLNR,IQ Cleaner Transport Etf,MISC,Finance-ETF / ETN,102,ARCA,24.29,0.7,0.18,1,258.1,0,42,C+,-,C+,0
CLOU,Global X Cloud Computing,MISC,Finance-ETF / ETN,102,NASDAQ,22.95,-2.5,-0.59,653,-27.1,0,25,C+,-,C,0
CLRG,IQ Chaikin U S Large Cap,MISC,Finance-ETF / ETN,102,NASDAQ,34.76,2,0.67,1,228.5,0,75,C+,-,E,0
CLSA,Cabana Trg Ldg Sc Aggrsv,MISC,Finance-ETF / ETN,102,ARCA,24.03,0.7,0.16,40,-81.7,0,39,C+,-,B,0
CLSC,Cabana Trg Ldg Sc Conser,MISC,Finance-ETF / ETN,102,ARCA,23.46,0.4,0.09,9,-83.6,0,37,C+,-,B,0
CLSM,Cabana Trg Ldg Sc Modera,MISC,Finance-ETF / ETN,102,ARCA,24.49,0.7,0.18,59,-80.4,0,44,C+,-,B-,0
CLTL,Invesco Trsy Collat,MISC,Finance-ETF / ETN,102,ARCA,105.59,0,0.01,5,-65.5,0,65,C+,-,A+,0
CMBS,Ishares C M B S Etf,MISC,Finance-ETF / ETN,102,ARCA,52.17,-0.1,-0.04,99,-16.5,0,48,C+,-,C-,0
CMDY,Ishrs Blom Roll Sel CmSt,MISC,Finance-ETF / ETN,102,ARCA,54.62,1.2,0.66,76,60,0,60,C+,-,A,0
CMF,Ishares California Muni,MISC,Finance-ETF / ETN,102,ARCA,60.68,0.2,0.12,114,-25.4,0,52,C+,-,E,0
CN,X Msci All China Equity,MISC,Finance-ETF / ETN,102,ARCA,37.13,0,-0.01,4,-27.3,0,28,C+,-,D,0
CNBS,Amplify Seymour Cannabis,MISC,Finance-ETF / ETN,102,ARCA,12.29,-2.5,-0.31,43,-39.9,0,13,C+,-,E,0
CNCR,Loncar Cancer Immunother,MISC,Finance-ETF / ETN,102,NASDAQ,18.99,-3.9,-0.77,135,1758.9,0,15,C+,-,C+,0
CNRG,Spdr S&P Kensho Cln Pwr,MISC,Finance-ETF / ETN,102,ARCA,78.45,-2.2,-1.73,11,-55.4,0,19,C+,-,E,0
CNXT,Vaneck Chinext Etf,MISC,Finance-ETF / ETN,102,ARCA,42.75,0.2,0.08,3,-68.7,0,25,C+,-,D+,0
CNYA,Ishares Msci China A,MISC,Finance-ETF / ETN,102,BATS,40.29,0.3,0.11,84,-56.2,0,39,C+,-,D,0
COM,Direxion Auspice Brd Cm,MISC,Finance-ETF / ETN,102,ARCA,30.43,-0.4,-0.11,181,156.1,0,69,C+,-,B-,0
COMB,Graniteshrs Blom Cmd Brd,MISC,Finance-ETF / ETN,102,ARCA,28.41,1.1,0.3,103,82.3,0,60,C+,-,B,0
COMT,Ishares GSCI Com Dyn Rol,MISC,Finance-ETF / ETN,102,NASDAQ,33.64,0.1,0.04,1043,52.5,0,65,C+,-,B,0
COPX,Global X Copper Miners,MISC,Finance-ETF / ETN,102,ARCA,38.47,0.9,0.34,241,-48.5,0,79,C+,-,C+,0
CORN,Teucrium Commod Tr Corn,MISC,Finance-ETF / ETN,102,ARCA,22.55,-1.5,-0.34,132,6.9,0,89,C+,-,B,0
CORP,Pimco I G Corp Bd Idx Fd,MISC,Finance-ETF / ETN,102,ARCA,109.41,0,-0.02,27,-52.5,0,48,C+,-,D-,0
COW,Ipath Sr B Blom Livestk,MISC,Finance-ETF / ETN,102,ARCA,39.94,1.3,0.52,13,39.3,0,83,C+,-,B-,0
COWZ,Pacer US Cash Cows 100,MISC,Finance-ETF / ETN,102,BATS,48.18,0.5,0.24,778,76.4,0,89,C+,-,B,0
CPER,U S Copper Index Fd,MISC,Finance-ETF / ETN,102,ARCA,27.34,1.1,0.3,55,-56.3,0,79,C+,-,C,0
CPI,Indexiq Real Return,MISC,Finance-ETF / ETN,102,ARCA,27.43,0.3,0.09,0,-99.3,0,65,C+,-,E,0
CQQQ,Invesco China Tech,MISC,Finance-ETF / ETN,102,ARCA,58.81,-1.9,-1.13,177,-30.9,0,23,C+,-,B,0
CRAK,Vaneck Oil Refiners Etf,MISC,Finance-ETF / ETN,102,ARCA,28.85,0,-0.01,3,-22.2,0,69,C+,-,B-,0
CRBN,Ishares Msci Acwi Low Cb,MISC,Finance-ETF / ETN,102,ARCA,168.07,0.7,1.23,16,-33.1,0,69,C+,-,B-,0
CROC,Proshrs UItsh Australian,MISC,Finance-ETF / ETN,102,ARCA,50.14,0,0,0,0,0,86,C+,-,C-,0
CRPT,First Tr SkybridgeCrypto,MISC,Finance-ETF / ETN,102,ARCA,12.92,-7.1,-0.99,90,21.3,0,16,C+,-,D+,0
CRUZ,Defiance Hotel Arlin&Cr,MISC,Finance-ETF / ETN,102,ARCA,21.55,-0.1,-0.02,34,-22.9,0,42,C+,-,D-,0
CSA,Victory Shares US Sml Cp,MISC,Finance-ETF / ETN,102,NASDAQ,64.29,-0.6,-0.41,1,99.7,0,69,C+,-,D-,0
CSB,Victory Shares US Sm Cp,MISC,Finance-ETF / ETN,102,NASDAQ,59.31,-0.6,-0.35,25,29.7,0,72,C+,-,B-,0
CSD,Invesco S&P Spin-Off,MISC,Finance-ETF / ETN,102,ARCA,60.46,-0.3,-0.19,0,-63.3,0,44,C+,-,D+,0
CSF,Victory Shares US Dis En,MISC,Finance-ETF / ETN,102,NASDAQ,60.09,-0.4,-0.22,6,-52,0,65,C+,-,E,0
CSM,Proshrs Lrg Cap Core Pls,MISC,Finance-ETF / ETN,102,BATS,54.26,0.8,0.42,23,20.1,0,84,C+,-,D+,0
CSML,IQ Chaikin U.S. SmallCap,MISC,Finance-ETF / ETN,102,NASDAQ,34.47,-0.8,-0.26,7,87.4,0,60,C+,-,D+,0
CTEC,Global X CleanTech ETF,MISC,Finance-ETF / ETN,102,NASDAQ,14.7,-1,-0.15,25,-77.8,0,17,C+,-,C-,0
CTEX,Proshrs S&PKenshoClntech,MISC,Finance-ETF / ETN,102,ARCA,31.58,0,0,0,0,0,19,C+,-,C+,0
CTRU,Ark Transparency Etf,MISC,Finance-ETF / ETN,102,BATS,16.87,-1.7,-0.3,19,-63.3,0,30,C+,-,-,0
CUBS,Asian Growth Cubs ETF,MISC,Finance-ETF / ETN,102,ARCA,25.56,-0.1,-0.02,4,529.5,0,55,C+,-,C+,0
CURE,Direxion Hlthcr Bl 3X,MISC,Finance-ETF / ETN,102,ARCA,122.54,4.2,4.96,99,0.1,0,85,C+,-,E,0
CUT,Invesco Msci GlbTimb,MISC,Finance-ETF / ETN,102,ARCA,36.74,0.1,0.05,2,-77.8,0,65,C+,-,D+,0
CVAR,Cultivar Etf,MISC,Finance-ETF / ETN,102,BATS,25.75,-0.3,-0.07,10,-66.3,0,75,C+,-,-,0
CVY,Invesco Multi-Asset Incm,MISC,Finance-ETF / ETN,102,ARCA,25.01,0.2,0.06,8,6.3,0,81,C+,-,B,0
CWB,Spdr Bloomberg Conv Sec,MISC,Finance-ETF / ETN,102,ARCA,76.88,-0.5,-0.41,1186,3.1,0,32,C+,-,D-,0
CWC,Clockwise Capital Innov,MISC,Finance-ETF / ETN,102,ARCA,27.07,0,0,0,0,0,1,C+,-,-,0
CWEB,Direxion Csi China Bul2x,MISC,Finance-ETF / ETN,102,ARCA,12.24,-5.4,-0.7,2361,-16.7,0,6,C+,-,D,0
CWI,Spdr Msci Acwi Ex-Us Etf,MISC,Finance-ETF / ETN,102,ARCA,29,0.5,0.14,641,4.2,0,52,C+,-,E,0
CWS,Advisorshrs Focused Eqty,MISC,Finance-ETF / ETN,102,ARCA,48.99,0,0,0,0,0,75,C+,-,D,0
CXSE,Wisdomtree Ch exStOw Ent,MISC,Finance-ETF / ETN,102,NASDAQ,48.01,-0.9,-0.43,74,-53.7,0,24,C+,-,E,0
CYA,Simplify Tail Risk Strgy,MISC,Finance-ETF / ETN,102,ARCA,23.01,0,0.01,41,-20.6,0,37,C+,-,B-,0
CYB,Wisdomtree Chinese Yuan,MISC,Finance-ETF / ETN,102,ARCA,26.8,-0.1,-0.04,0,-90.7,0,48,C+,-,D+,0
CZA,Invesco Mid-Cap,MISC,Finance-ETF / ETN,102,ARCA,92.4,0.6,0.57,10,133.4,0,75,C+,-,D+,0
DALI,First Tr Dor Wr DALI 1,MISC,Finance-ETF / ETN,102,NASDAQ,25.17,0.1,0.02,4,-80.1,0,65,C+,-,D-,0
DALT,Anfield Diversified Alt,MISC,Finance-ETF / ETN,102,BATS,9.94,0.1,0.01,5,-65.6,0,42,C+,-,C-,0
DAPP,Vaneck Dig Transfm Etf,MISC,Finance-ETF / ETN,102,NASDAQ,13.22,-7.5,-1.07,246,168,0,7,C+,-,C,0
DAPR,Ft Cboe Vest US EqtyBfr,MISC,Finance-ETF / ETN,102,BATS,31.39,0.2,0.06,23,-2.4,0,72,C+,-,C+,0
DAT,Proshrs Big DataRefiners,MISC,Finance-ETF / ETN,102,ARCA,33.51,-2.3,-0.78,0,-70,0,24,C+,-,C+,0
DAUG,Ft Cboe Vest USEqDeepBfr,MISC,Finance-ETF / ETN,102,BATS,34.96,0.3,0.12,18,116.7,0,69,C+,-,D+,0
DAX,Global X DAX Germany,MISC,Finance-ETF / ETN,102,NASDAQ,31.65,0.1,0.03,9,-51,0,48,C+,-,B-,0
DBA,Invesco Db Agriculture,MISC,Finance-ETF / ETN,102,ARCA,20.43,-0.2,-0.04,2048,113.9,0,87,C+,-,B-,0
DBAW,X Msci AllWd Us Hed Eqt,MISC,Finance-ETF / ETN,102,ARCA,33.37,0.5,0.17,32,148.9,0,65,C+,-,D-,0
DBB,Invesco Db Base Metals,MISC,Finance-ETF / ETN,102,ARCA,23.02,-0.5,-0.13,435,66.9,0,91,C+,-,C+,0
DBC,Invesco Db Commdty Idx,MISC,Finance-ETF / ETN,102,ARCA,22.6,0.4,0.09,4673,55.9,0,92,C+,-,B-,0
DBE,Invesco Db Energy Fund,MISC,Finance-ETF / ETN,102,ARCA,19.69,1,0.19,305,151.6,0,95,C+,-,A,0
DBEF,X MSCI EAFE Hedged Eqt,MISC,Finance-ETF / ETN,102,ARCA,38.58,0.6,0.21,522,-15.1,0,72,C+,-,E,0
DBEH,Imgp Dbi Hedge strg Etf,MISC,Finance-ETF / ETN,102,ARCA,26.67,0.1,0.03,3,-11.8,0,25,C+,-,C+,0
DBEM,X Msci Emg Mkts Hdg Eqt,MISC,Finance-ETF / ETN,102,ARCA,26.52,0,-0.01,12,50.6,0,42,C+,-,D+,0
DBEU,X Msci Europe Hedged Eqt,MISC,Finance-ETF / ETN,102,ARCA,35.97,0.4,0.13,132,-20.3,0,81,C+,-,B,0
DBEZ,X Msci Euro Hedged Eqt,MISC,Finance-ETF / ETN,102,ARCA,39.21,0,0,0,0,0,75,C+,-,B,0
DBGR,X Msci Germany Hdg Eqt,MISC,Finance-ETF / ETN,102,ARCA,32.18,-0.2,-0.06,1,40.3,0,69,C+,-,D+,0
DBJA,Innovator DblStckr9BfJan,MISC,Finance-ETF / ETN,102,BATS,27.6,0.4,0.12,47,827.6,0,69,C+,-,D-,0
DBJP,X MSCI Japan Hedged Eqt,MISC,Finance-ETF / ETN,102,ARCA,48.75,1.2,0.58,12,-13.6,0,55,C+,-,C-,0
DBLV,Advisorshrs Dblline VlEq,MISC,Finance-ETF / ETN,102,ARCA,99.5,0.7,0.73,0,-68.9,0,79,C+,-,D,0
DBMF,Imgp DbiMgd FtrsStgy Etf,MISC,Finance-ETF / ETN,102,ARCA,26.23,1.2,0.32,10,-55.4,0,37,C+,-,C+,0
DBO,Invesco Db Oil Fund,MISC,Finance-ETF / ETN,102,ARCA,15.17,0.2,0.03,2255,34.1,0,94,C+,-,C,0
DBOC,Innovator Dbl Stckr 9Buf,MISC,Finance-ETF / ETN,102,BATS,29.77,0.2,0.07,4,61.3,0,75,C+,-,E,0
DBP,Invesco Db Prec Metals,MISC,Finance-ETF / ETN,102,ARCA,48.24,0.5,0.26,60,591.9,0,52,C+,-,D,0
DBS,Invesco Db Silver Fund,MISC,Finance-ETF / ETN,102,ARCA,31.29,0,0,0,0,0,33,C+,-,D+,0
DBV,Invesco Db G10 Currncy,MISC,Finance-ETF / ETN,102,ARCA,24.83,-0.3,-0.08,0,-96.5,0,60,C+,-,C-,0
DDEC,Ft Cboe Vest USEqDeepBfr,MISC,Finance-ETF / ETN,102,BATS,32.44,0.5,0.18,42,-12.9,0,69,C+,-,C-,0
DDG,Proshrs Short Oil & Gas,MISC,Finance-ETF / ETN,102,ARCA,12.2,-0.3,-0.04,4,-45.4,0,18,C+,-,D,0
DDIV,Ft Tr Dor Wr Mom & Div,MISC,Finance-ETF / ETN,102,NASDAQ,33.37,1,0.32,4,-82.2,0,84,C+,-,C+,0
DDLS,Wisdomtree Dy Cr Intl SC,MISC,Finance-ETF / ETN,102,BATS,34.52,1,0.34,7,10.2,0,60,C+,-,C-,0
DDM,Proshrs Ultra Dow 30,MISC,Finance-ETF / ETN,102,ARCA,76.87,1.4,1.05,520,11.5,0,83,C+,-,E,0
DDWM,Wisdomtree Dy Cr Hd Intl,MISC,Finance-ETF / ETN,102,BATS,31.32,0.7,0.21,70,225,0,75,C+,-,C-,0
DECZ,TrueShrs Strcd Outcm Dec,MISC,Finance-ETF / ETN,102,BATS,29.56,0.4,0.13,0,-89.7,0,77,C+,-,B+,0
DEED,First Trust TCW Secu Pl,MISC,Finance-ETF / ETN,102,ARCA,25.35,0.3,0.07,68,-26.4,0,55,C+,-,E,0
DEEF,X Ftse DevEx US Multfact,MISC,Finance-ETF / ETN,102,ARCA,30.92,1.2,0.36,0,-97,0,44,C+,-,D+,0
DEEP,Roundhill Acqs Deep Val,MISC,Finance-ETF / ETN,102,ARCA,34.34,-0.9,-0.3,9,-21.1,0,65,C+,-,C,0
DEF,Invesco Defensive Eq,MISC,Finance-ETF / ETN,102,ARCA,69.93,1.1,0.75,25,-34.4,0,79,C+,-,E,0
DEIF,Sterling CapDivMulti-Mgr,MISC,Finance-ETF / ETN,102,ARCA,24.78,0,0,0,0,0,65,C+,-,-,0
DEM,Wisdomtree Emg Mk Hi Div,MISC,Finance-ETF / ETN,102,ARCA,45.57,0.1,0.05,246,-2.5,0,79,C+,-,D-,0
DEMZ,Democratic LgCp Core Etf,MISC,Finance-ETF / ETN,102,NASDAQ,27.71,0.7,0.2,4,-37.5,0,72,C+,-,D-,0
DES,Wisdomtree US SmCp Div,MISC,Finance-ETF / ETN,102,ARCA,31.7,-0.2,-0.08,114,-22.2,0,72,C+,-,C-,0
DEUS,X Russell US Multifactor,MISC,Finance-ETF / ETN,102,ARCA,45.86,0.6,0.29,4,-62.9,0,75,C+,-,D-,0
DEW,Wisdomtree Glbl Hi DivFd,MISC,Finance-ETF / ETN,102,ARCA,51.27,0.8,0.39,7,107.6,0,84,C+,-,A-,0
DFAC,Dimensional US Core Eq 2,MISC,Finance-ETF / ETN,102,ARCA,27.82,0.6,0.17,855,-10.8,0,69,C+,-,C+,0
DFAE,Dimensional Emerg CrEqMk,MISC,Finance-ETF / ETN,102,ARCA,27.54,0.1,0.04,201,-24.1,0,55,C+,-,C+,0
DFAI,Dimensional Int Cr EqMkt,MISC,Finance-ETF / ETN,102,ARCA,29.27,0.9,0.26,422,-1.3,0,65,C+,-,C+,0
DFAS,Dimensional US Small Cap,MISC,Finance-ETF / ETN,102,ARCA,55.71,-0.4,-0.25,247,34.5,0,42,C+,-,C+,0
DFAT,Dimensional US Targtd Vl,MISC,Finance-ETF / ETN,102,ARCA,46.12,-0.2,-0.07,237,-28,0,65,C+,-,C+,0
DFAU,Dimensional US Cr Eq Mkt,MISC,Finance-ETF / ETN,102,ARCA,31.77,0.7,0.24,313,-17.6,0,77,C+,-,C+,0
DFAX,Dimensional Wd ExUSCrEq2,MISC,Finance-ETF / ETN,102,ARCA,25.96,0.7,0.19,342,-30.8,0,48,C+,-,D-,0
DFCF,Dimensional Cr Fxd Inc,MISC,Finance-ETF / ETN,102,ARCA,48.91,0.1,0.06,62,-33.5,0,55,C+,-,D,0
DFE,Wisdomtree Euro Smlcp Dv,MISC,Finance-ETF / ETN,102,ARCA,71.87,0.8,0.58,33,46.5,0,55,C+,-,C-,0
DFEB,Ft Cboe Vest UsEqDeepFeb,MISC,Finance-ETF / ETN,102,BATS,35.25,0,0.01,10,-68.4,0,75,C+,-,D,0
DFEN,Direxion Dly A&D Bull 3X,MISC,Finance-ETF / ETN,102,ARCA,18.62,2,0.36,1094,-26,0,33,C+,-,D-,0
DFHY,Donoghue ForlinesTacHiYd,MISC,Finance-ETF / ETN,102,BATS,24.23,0.2,0.04,5,-78.7,0,52,C+,-,D-,0
DFIP,Dimensional Infl Pro Sec,MISC,Finance-ETF / ETN,102,ARCA,48.37,0.1,0.05,61,-1,0,52,C+,-,C+,0
DFIV,Dimensional Intl Value,MISC,Finance-ETF / ETN,102,ARCA,34.66,0.9,0.32,351,31.4,0,72,C+,-,C,0
DFJ,Wisdomtree Jpn Smlcp Div,MISC,Finance-ETF / ETN,102,ARCA,70.72,1.8,1.23,22,18.6,0,39,C+,-,D+,0
DFND,Siren Divcon DividendDef,MISC,Finance-ETF / ETN,102,BATS,38.57,-0.2,-0.09,3,-21.9,0,65,C+,-,D-,0
DFNL,Davis Select Financial,MISC,Finance-ETF / ETN,102,BATS,32.21,0.4,0.14,14,-64.3,0,85,C+,-,A,0
DFNM,Dimensional Natl Mun Bd,MISC,Finance-ETF / ETN,102,ARCA,49.55,0.1,0.03,13,-21,0,60,C+,-,D-,0
DFNV,Donoghue ForlinesRskMgIn,MISC,Finance-ETF / ETN,102,BATS,26.54,-0.4,-0.12,1,-81.6,0,35,C+,-,E,0
DFRA,Donoghue ForlinesYdEnhRe,MISC,Finance-ETF / ETN,102,BATS,26.67,0.1,0.03,1,-98.6,0,85,C+,-,-,0
DFSD,Dimensional Sht-DurFxInc,MISC,Finance-ETF / ETN,102,ARCA,49.44,0.1,0.06,42,-85.1,0,60,C+,-,E,0
DFUS,Dimensional U.S. Equity,MISC,Finance-ETF / ETN,102,ARCA,49.56,0.8,0.42,166,25.4,0,69,C+,-,C+,0
DGL,Invesco Db Gold Fund,MISC,Finance-ETF / ETN,102,ARCA,51.67,0.5,0.26,1,-86.4,0,60,C+,-,B-,0
DGP,Db Gold Double Long Etn,MISC,Finance-ETF / ETN,102,ARCA,38.43,0.8,0.31,3,-41.7,0,55,C+,-,D,0
DGRE,Wisdomtree Emg Mk Qa Div,MISC,Finance-ETF / ETN,102,NASDAQ,27.87,0.2,0.05,13,-32.1,0,48,C+,-,B,0
DGRO,Ishares Core Dividend Gr,MISC,Finance-ETF / ETN,102,ARCA,54.63,1,0.53,2737,45.2,0,83,C+,-,E,0
DGRS,Wisdomtree US SmCp Qa Dv,MISC,Finance-ETF / ETN,102,NASDAQ,45.27,-0.5,-0.24,27,45.1,0,65,C+,-,D+,0
DGRW,Wisdomtree US Qlty Dv Gr,MISC,Finance-ETF / ETN,102,NASDAQ,64.7,1.1,0.73,1446,250.9,0,83,C+,-,D-,0
DGS,Wisdomtree Emg Mk Sm Cap,MISC,Finance-ETF / ETN,102,ARCA,52.93,0.2,0.09,136,-31.1,0,72,C+,-,E,0
DGT,SPDR Global Dow ETF,MISC,Finance-ETF / ETN,102,ARCA,116.95,0.8,0.87,16,374.5,0,81,C+,-,B-,0
DGZ,Db Gold Short Etn,MISC,Finance-ETF / ETN,102,ARCA,10.13,-0.5,-0.05,1,-39.9,0,60,C+,-,B-,0
DHS,Wisdomtree US High Div,MISC,Finance-ETF / ETN,102,ARCA,86.16,0.7,0.59,51,48.8,0,87,C+,-,A,0
DIA,Spdr Dow Jones Etf Tr,MISC,Finance-ETF / ETN,102,ARCA,356.42,0.7,2.48,7527,10.3,0,75,C+,-,E,0
DIAL,Columbia Div Fx Inc Allo,MISC,Finance-ETF / ETN,102,ARCA,20.68,0.4,0.08,271,-7.9,0,48,C+,-,B-,0
DIG,Proshrs Ultra Oil & Gas,MISC,Finance-ETF / ETN,102,ARCA,112.81,0.4,0.47,52,-25.6,0,99,C+,-,B+,0
DIM,Wisdomtree Intl Midcp Dv,MISC,Finance-ETF / ETN,102,ARCA,66.81,0.9,0.58,2,-43.9,0,52,C+,-,D,0
DINT,Davis Select Intl Etf,MISC,Finance-ETF / ETN,102,BATS,19.32,-1.4,-0.27,19,-77.5,0,32,C+,-,B-,0
DIV,Global X SuperdividendUS,MISC,Finance-ETF / ETN,102,ARCA,20.78,0.4,0.08,184,-9.5,0,81,C+,-,D-,0
DIVA,Agfiq Hedged Div Incm Fd,MISC,Finance-ETF / ETN,102,ARCA,25.7,0.7,0.18,95,50905.9,0,83,C+,-,A,0
DIVB,Ishares US Div & Buyback,MISC,Finance-ETF / ETN,102,BATS,42.73,1,0.42,173,113.3,0,85,C+,-,D+,0
DIVO,Amplify Cwp Enh Div Inc,MISC,Finance-ETF / ETN,102,ARCA,37.78,1,0.38,273,17.8,0,79,C+,-,E,0
DIVS,Smartetfs Divid Builder,MISC,Finance-ETF / ETN,102,ARCA,25.96,0.6,0.17,1,-74.1,0,69,C+,-,C+,0
DIVZ,Trueshares Low Vl Eq Inc,MISC,Finance-ETF / ETN,102,ARCA,30.26,0.6,0.19,1,-70,0,83,C+,-,B+,0
DJAN,FT Cboe Vest U.S. Eq DB,MISC,Finance-ETF / ETN,102,BATS,32.8,0.2,0.07,135,438.5,0,77,C+,-,B,0
DJCB,Etracs Blom Cmd Idx TR,MISC,Finance-ETF / ETN,102,ARCA,20.91,1.1,0.23,0,-70.3,0,91,C+,-,B-,0
DJD,Invesco Dw Jn IndAvg,MISC,Finance-ETF / ETN,102,ARCA,46.07,0.4,0.19,12,-52.5,0,81,C+,-,C+,0
DJP,Ipath Blom Cmd-Idx TR,MISC,Finance-ETF / ETN,102,ARCA,32.34,1.2,0.39,305,-40.5,0,91,C+,-,A+,0
DJUL,FT Cboe Vest USEqDeepBfr,MISC,Finance-ETF / ETN,102,BATS,33.36,0.1,0.04,10,138.2,0,72,C+,-,D+,0
DJUN,FT Cboe Vest USEqDeepBfr,MISC,Finance-ETF / ETN,102,BATS,34.31,0.3,0.09,1,-88.8,0,72,C+,-,C,0
DLN,Wisdomtree US LgCp Div,MISC,Finance-ETF / ETN,102,ARCA,66.06,1,0.64,316,88.4,0,85,C+,-,D,0
DLS,Wisdomtree Intl Smlcp Dv,MISC,Finance-ETF / ETN,102,ARCA,71.94,1,0.72,34,-36.8,0,48,C+,-,E,0
DMAR,Ft Cboe Vest USEqDeepBfr,MISC,Finance-ETF / ETN,102,BATS,31.89,0.3,0.08,1,-89.1,0,75,C+,-,B-,0
DMAT,Global X Disruptve Mtrls,MISC,Finance-ETF / ETN,102,NASDAQ,23.82,0,0,0,0,0,1,C+,-,-,0
DMAY,Ft Cboe Vest USEq DB-May,MISC,Finance-ETF / ETN,102,BATS,34.52,0.1,0.04,6,-44.8,0,72,C+,-,C,0
DMCY,Democracy Intl Fund Etf,MISC,Finance-ETF / ETN,102,ARCA,25.4,0,0,0,0,0,52,C+,-,C+,0
DMDV,AAM S&P Dev Mkts HiDivVl,MISC,Finance-ETF / ETN,102,ARCA,23.98,0,0,0,0,0,60,C+,-,E,0
DMRE,Deltashares S&PEm100Mngd,MISC,Finance-ETF / ETN,102,ARCA,51.42,0,0,0,0,0,35,C+,-,E,0
DMRI,Deltashares S&P Intl Mng,MISC,Finance-ETF / ETN,102,ARCA,50.77,0,0,0,0,0,48,C+,-,E,0
DMRL,Deltashares S&P 500 Mngd,MISC,Finance-ETF / ETN,102,ARCA,77.04,0.8,0.59,0,-83.7,0,77,C+,-,E,0
DMRM,Deltashares S&P 400 Mngd,MISC,Finance-ETF / ETN,102,ARCA,57.41,0,0,0,-76.4,0,48,C+,-,E,0
DMRS,Deltashares S&P 600 Mngd,MISC,Finance-ETF / ETN,102,ARCA,55.24,-0.5,-0.26,0,-82.2,0,52,C+,-,D+,0
DMXF,Ishares Esg Adv MsciEafe,MISC,Finance-ETF / ETN,102,NASDAQ,65.82,1.2,0.79,27,9.3,0,48,C+,-,B-,0
DNL,Wisdomtree Gl X Us Qa Dv,MISC,Finance-ETF / ETN,102,ARCA,41.85,0.7,0.31,80,0.6,0,69,C+,-,D,0
DNOV,FT Cboe Vest US Equity,MISC,Finance-ETF / ETN,102,BATS,34.78,0.1,0.05,30,-48.9,0,69,C+,-,C-,0
DOCT,Ft Cboe Vest US Eq DBOct,MISC,Finance-ETF / ETN,102,BATS,32.67,0.1,0.04,0,-97.3,0,72,C+,-,B+,0
DOG,Proshrs Short Dow 30,MISC,Finance-ETF / ETN,102,ARCA,32.18,-0.7,-0.23,1794,54.1,0,44,C+,-,B,0
DOL,Wisdomtree Intl Lrgcp Dv,MISC,Finance-ETF / ETN,102,ARCA,50.27,0.8,0.42,24,30.6,0,72,C+,-,D+,0
DON,Wisdomtree US MidCap Div,MISC,Finance-ETF / ETN,102,ARCA,43.83,0.5,0.2,163,-9.3,0,79,C+,-,B-,0
DOZR,Direxion DlyUSInfraBul2x,MISC,Finance-ETF / ETN,102,ARCA,26.77,0.2,0.05,4,172.6,0,55,C+,-,E,0
DPST,Direxion Reg Bnk Bull 3X,MISC,Finance-ETF / ETN,102,ARCA,52.22,-0.7,-0.38,390,-49,0,93,C+,-,D-,0
DRIP,Direxion S&P O&G Bear 2X,MISC,Finance-ETF / ETN,102,ARCA,3.77,-1.4,-0.06,12545,36.4,0,9,C+,-,C-,0
DRIV,Global X Aut & Elec Veh,MISC,Finance-ETF / ETN,102,NASDAQ,28.71,0.2,0.06,298,-47.8,0,65,C+,-,E,0
DRN,Direxion Rel Est Bull 3X,MISC,Finance-ETF / ETN,102,ARCA,23.83,3.9,0.89,253,39.7,0,87,C+,-,D-,0
DRSK,Aptus Defined Risk ETF,MISC,Finance-ETF / ETN,102,BATS,28.62,0.3,0.1,164,1.8,0,48,C+,-,E,0
DRV,Direxion Rel Est Bear 3X,MISC,Finance-ETF / ETN,102,ARCA,39.74,-4.1,-1.68,55,16.3,0,25,C+,-,A-,0
DRW,Wisdomtree Gl X Us Rl Es,MISC,Finance-ETF / ETN,102,ARCA,24.08,0.8,0.19,31,267.3,0,39,C+,-,D-,0
DSCF,Discipline Fund Etf,MISC,Finance-ETF / ETN,102,ARCA,24.45,0.5,0.13,8,-28.7,0,48,C+,-,C+,0
DSEP,FT Cboe Vest US Eq DBSep,MISC,Finance-ETF / ETN,102,BATS,32.76,0.2,0.08,2,-58.2,0,69,C+,-,D+,0
DSI,Ishares Kld 400 Social,MISC,Finance-ETF / ETN,102,ARCA,88.42,1.1,0.98,162,-36.9,0,77,C+,-,E,0
DSJA,Innovator DoubleStckrJan,MISC,Finance-ETF / ETN,102,BATS,28.99,1,0.28,4,178.3,0,69,C+,-,C,0
DSOC,Innovator Double Stacker,MISC,Finance-ETF / ETN,102,BATS,32.51,1,0.31,0,-56.4,0,77,C+,-,E,0
DSPC,De Spac Etf,MISC,Finance-ETF / ETN,102,NASDAQ,14.26,-2.7,-0.39,1,-73.8,0,13,C+,-,D,0
DSTL,Distillate US Fndt StbVl,MISC,Finance-ETF / ETN,102,ARCA,45.2,1.1,0.47,54,-37.7,0,84,C+,-,D,0
DSTX,Distillate Int Fund StVl,MISC,Finance-ETF / ETN,102,ARCA,25.05,0.5,0.11,0,-94.2,0,42,C+,-,E,0
DTD,Wisdomtree US Total Div,MISC,Finance-ETF / ETN,102,ARCA,64.75,0.9,0.55,29,-21.1,0,84,C+,-,D+,0
DTEC,ALPS Disruptive Techno,MISC,Finance-ETF / ETN,102,ARCA,43.18,-0.9,-0.41,16,-23.2,0,31,C+,-,E,0
DTH,Wisdomtree Intl Hi Dv Fd,MISC,Finance-ETF / ETN,102,ARCA,40.25,0.5,0.21,19,41.3,0,75,C+,-,C+,0
DTOX,Amplify Cleaner Living,MISC,Finance-ETF / ETN,102,ARCA,18.03,0,0,0,0,0,18,C+,-,C+,0
DUDE,Merlyn.AI Sctrsurfer Mom,MISC,Finance-ETF / ETN,102,BATS,26.91,0.6,0.17,60,29.5,0,42,C+,-,B-,0
DUG,Proshrs Ultsht Oil & Gas,MISC,Finance-ETF / ETN,102,ARCA,30.25,-0.2,-0.07,73,-12.2,0,8,C+,-,D-,0
DURA,Vaneck MrnstrDurDiv Etf,MISC,Finance-ETF / ETN,102,BATS,32.21,0.7,0.21,26,135.5,0,77,C+,-,C,0
DUSA,Davis Select US Equity,MISC,Finance-ETF / ETN,102,BATS,35.05,1.1,0.39,29,11.3,0,72,C+,-,C,0
DUSL,Direxion Dly Indus Bul3X,MISC,Finance-ETF / ETN,102,ARCA,42.76,2.1,0.86,14,-66.5,0,77,C+,-,E,0
DUST,Direxion Dly GldMnr Br2X,MISC,Finance-ETF / ETN,102,ARCA,19.79,-1.6,-0.32,1485,-21.6,0,75,C+,-,B,0
DVLU,FT Dorsey Wright Mom&Val,MISC,Finance-ETF / ETN,102,NASDAQ,25.35,0.6,0.15,7,-33.5,0,85,C+,-,C+,0
DVOL,FT Dorsy Wrght Mom&LwVol,MISC,Finance-ETF / ETN,102,NASDAQ,28.53,1.5,0.43,20,5.9,0,69,C+,-,E,0
DVY,Ishares Select Dividend,MISC,Finance-ETF / ETN,102,NASDAQ,126.07,1,1.24,799,-21.1,0,85,C+,-,D+,0
DVYA,Ishares Asia/Pac Div Etf,MISC,Finance-ETF / ETN,102,ARCA,38.92,0.9,0.33,33,88.3,0,55,C+,-,B-,0
DVYE,Ishares Emg Mkt Div Etf,MISC,Finance-ETF / ETN,102,ARCA,38.85,0.3,0.1,61,-39.4,0,65,C+,-,C,0
DWAS,Invesco Dwa SmCp Momem,MISC,Finance-ETF / ETN,102,NASDAQ,80.17,-0.6,-0.46,46,-31.5,0,33,C+,-,C,0
DWAT,Arrow Inv Trt Ar Dwa Tac,MISC,Finance-ETF / ETN,102,NASDAQ,11,0,0,0,0,0,75,C+,-,A-,0
DWAW,Advisorshrs DrWr FSM All,MISC,Finance-ETF / ETN,102,NASDAQ,34.18,1,0.33,6,-25.6,0,32,C+,-,B-,0
DWCR,Arrow Dwa Country Rotat,MISC,Finance-ETF / ETN,102,NASDAQ,33.79,0,0,0,0,0,44,C+,-,E,0
DWEQ,Advisorshrs Dor Wr Alpha,MISC,Finance-ETF / ETN,102,NASDAQ,24.03,1,0.24,13,-33.7,0,25,C+,-,C,0
DWLD,Davis Select Worldwide,MISC,Finance-ETF / ETN,102,BATS,30.02,0.1,0.02,33,-43.4,0,39,C+,-,D+,0
DWM,Wisdomtree Intl Eq Fund,MISC,Finance-ETF / ETN,102,ARCA,54.61,0.8,0.42,33,37,0,69,C+,-,C+,0
DWMC,Advisorshrs Dor Wr Micro,MISC,Finance-ETF / ETN,102,NASDAQ,34.51,-0.6,-0.2,0,-79.2,0,42,C+,-,B,0
DWMF,Wisdomtree Int Mulfac Fd,MISC,Finance-ETF / ETN,102,ARCA,25.75,0.4,0.11,0,-92.5,0,55,C+,-,C,0
DWPP,First Tr Dor Wrt Ppl Ptf,MISC,Finance-ETF / ETN,102,NASDAQ,33.82,5.9,1.87,0,-89.8,0,55,C+,-,D-,0
DWSH,Advisorshrs Dor Wr Short,MISC,Finance-ETF / ETN,102,NASDAQ,8.53,0.9,0.08,21,-72.6,0,39,C+,-,D-,0
DWUS,Advisorshrs DrWr FSM US,MISC,Finance-ETF / ETN,102,NASDAQ,38.37,1.4,0.52,12,444.5,0,65,C+,-,B-,0
DWX,Spdr S&P Intl Dividend,MISC,Finance-ETF / ETN,102,ARCA,39.37,0.2,0.06,173,198.9,0,69,C+,-,C+,0
DXD,Proshrs Ultsht Dow 30,MISC,Finance-ETF / ETN,102,ARCA,41.83,-1.4,-0.6,801,44.5,0,35,C+,-,B+,0
DXGE,Wisdomtree Germany Hedge,MISC,Finance-ETF / ETN,102,NASDAQ,36.2,-0.2,-0.08,2,-3.2,0,75,C+,-,B,0
DXJ,Wisdomtree Japan Hedg Eq,MISC,Finance-ETF / ETN,102,ARCA,63.05,1.3,0.79,177,-57.7,0,75,C+,-,C-,0
DXJS,Wisdomtree Japan Hedg Sm,MISC,Finance-ETF / ETN,102,NASDAQ,42.5,1.1,0.46,0,-80.4,0,48,C+,-,E,0
DYLD,Leadershares Dynamic Yd,MISC,Finance-ETF / ETN,102,ARCA,24.36,0.4,0.1,11,-0.2,0,48,C+,-,D-,0
DYNF,BlackRock US Eq Fact Rot,MISC,Finance-ETF / ETN,102,ARCA,35.44,1,0.34,63,118.3,0,48,C+,-,E,0
DZZ,Db Gold Double Short Etn,MISC,Finance-ETF / ETN,102,ARCA,2.72,-1.4,-0.04,1,-91.9,0,60,C+,-,C-,0
EAFD,Simplify DevExUSPlusDwns,MISC,Finance-ETF / ETN,102,ARCA,24.52,0.6,0.15,71,-91.7,0,52,C+,-,-,0
EAGG,Ishares Esg Aware USAgBd,MISC,Finance-ETF / ETN,102,ARCA,53.76,0.1,0.05,109,-27.4,0,52,C+,-,C-,0
EAOA,Ishares Esg Aware Aggrsv,MISC,Finance-ETF / ETN,102,BATS,33.11,0,0,0,0,0,60,C+,-,E,0
EAOK,Ishares Esg Aware Consrv,MISC,Finance-ETF / ETN,102,BATS,27.18,0,0,0,0,0,55,C+,-,E,0
EAOM,Ishares EsgAwareModAlloc,MISC,Finance-ETF / ETN,102,BATS,28.39,0.4,0.1,0,-91.7,0,55,C+,-,E,0
EAOR,Ishares Esg AwareGrwAllo,MISC,Finance-ETF / ETN,102,BATS,30.77,0.4,0.12,18,466.3,0,60,C+,-,D+,0
EAPR,Innov Emg Mkt Pw Bf Apr,MISC,Finance-ETF / ETN,102,ARCA,24.53,0,0.01,0,-86,0,55,C+,-,D-,0
EASG,X Msci Eafe Esg Ldrs Eqt,MISC,Finance-ETF / ETN,102,ARCA,30.59,1,0.29,7,-24.7,0,52,C+,-,C-,0
EATV,Vegtech Plant-basdIn&Clm,MISC,Finance-ETF / ETN,102,ARCA,22.04,-1.2,-0.26,1,-71.7,0,33,C+,-,-,0
EATZ,AdvisorShares Restaurant,MISC,Finance-ETF / ETN,102,ARCA,22.45,-0.6,-0.14,2,-22.9,0,44,C+,-,C+,0
EBIZ,Global X E-commerce ETF,MISC,Finance-ETF / ETN,102,NASDAQ,24.77,-2.3,-0.58,40,83.6,0,22,C+,-,D+,0
EBLU,Ecofin Global Water Esg,MISC,Finance-ETF / ETN,102,ARCA,45.19,0.4,0.2,4,-54.9,0,55,C+,-,E,0
EBND,Spdr Blom Emrg Local Bd,MISC,Finance-ETF / ETN,102,ARCA,24.42,0.3,0.09,160,-58.9,0,42,C+,-,D+,0
ECH,Ishares Msci Chile Etf,MISC,Finance-ETF / ETN,102,BATS,25.76,-2.3,-0.62,525,-37.8,0,44,C+,-,D,0
ECLN,First Trust EIP Crb Im,MISC,Finance-ETF / ETN,102,ARCA,24.23,0.5,0.11,1,-71.2,0,69,C+,-,E,0
ECNS,Ishares Msci China Sm Cp,MISC,Finance-ETF / ETN,102,ARCA,45.87,-0.8,-0.35,5,-54.7,0,29,C+,-,D,0
ECON,Columbia Emg Mkt Consumr,MISC,Finance-ETF / ETN,102,ARCA,24.05,-0.5,-0.12,80,120.4,0,33,C+,-,E,0
ECOW,Pacer Eg Mkts CshCws 100,MISC,Finance-ETF / ETN,102,NASDAQ,24.76,-0.3,-0.08,1,-81.6,0,65,C+,-,C,0
ECOZ,Trueshares Esg ActiveOpp,MISC,Finance-ETF / ETN,102,ARCA,38.22,0,0,0,0,0,52,C+,-,C+,0
EDC,Direxion Emg Mkt Bull 3X,MISC,Finance-ETF / ETN,102,ARCA,73.92,-0.1,-0.05,52,-28.1,0,25,C+,-,D-,0
EDEN,Ishares Msci Denmark Etf,MISC,Finance-ETF / ETN,102,BATS,103.88,2.2,2.25,3,-82,0,42,C+,-,C,0
EDIV,Spdr S&P Emg Mkts Divdnd,MISC,Finance-ETF / ETN,102,ARCA,30.95,0,0.01,28,9.7,0,79,C+,-,C-,0
EDOC,Global X Telmed&Digi Hlt,MISC,Finance-ETF / ETN,102,NASDAQ,14.69,-0.3,-0.05,42,-82.2,0,22,C+,-,E,0
EDOG,ALPS Emg Sector Div Dogs,MISC,Finance-ETF / ETN,102,ARCA,24.6,0.1,0.03,7,50.5,0,75,C+,-,C-,0
EDOW,First Trust Dw 30 Eq Wgt,MISC,Finance-ETF / ETN,102,ARCA,31.62,0.6,0.17,27,-32.5,0,77,C+,-,C-,0
EDUT,Global X Education ETF,MISC,Finance-ETF / ETN,102,NASDAQ,8.12,-0.6,-0.05,2,-34.8,0,14,C+,-,D-,0
EDV,Vanguard Extd Duration,MISC,Finance-ETF / ETN,102,ARCA,133.21,0.3,0.45,128,-26,0,48,C+,-,C,0
EDZ,Direxion Emg Mkt Br 3X,MISC,Finance-ETF / ETN,102,ARCA,9.18,-0.1,-0.01,205,-17.3,0,79,C+,-,B,0
EEH,El Spec Lg Cp US Sec Mom,MISC,Finance-ETF / ETN,102,ARCA,33.51,0,0,0,0,0,79,C+,-,A+,0
EELV,Invesco S&P EmgMkt LwVol,MISC,Finance-ETF / ETN,102,ARCA,25.49,0,0,91,35,0,81,C+,-,B-,0
EEM,Ishares Msci Emrg Mkts,MISC,Finance-ETF / ETN,102,ARCA,49.1,-0.1,-0.04,30802,-17.4,0,42,C+,-,D-,0
EEMA,Ishares Msci Emg Mk Asia,MISC,Finance-ETF / ETN,102,NASDAQ,80.93,0,0.02,70,-14.5,0,37,C+,-,D-,0
EEMD,A A M S&P Emg Mkt Hi Div,MISC,Finance-ETF / ETN,102,ARCA,22.13,-0.3,-0.07,2,79.2,0,60,C+,-,B-,0
EEMO,Invesco S&P EmgMkt Momnt,MISC,Finance-ETF / ETN,102,ARCA,17.41,0.1,0.01,1,-60.9,0,35,C+,-,B-,0
EEMS,Ishares Msci Emg Mkt S C,MISC,Finance-ETF / ETN,102,ARCA,58.69,0.3,0.17,14,-69.7,0,55,C+,-,C+,0
EEMV,Ishares MSCI EmMkt MinVF,MISC,Finance-ETF / ETN,102,BATS,62.68,0.3,0.18,96,-51.1,0,60,C+,-,E,0
EEMX,Spdr Msci EmMktFosFlRvFr,MISC,Finance-ETF / ETN,102,ARCA,73.54,-0.3,-0.22,6,-62.5,0,42,C+,-,D+,0
EERN,Drivewealth Power Saver,MISC,Finance-ETF / ETN,102,ARCA,23.31,0,0,0,0,0,39,C+,-,C+,0
EES,Wisdomtree US SmCp Fd,MISC,Finance-ETF / ETN,102,ARCA,48.15,-0.7,-0.33,354,534.1,0,69,C+,-,C-,0
EET,Proshrs Ultra Msci Emrg,MISC,Finance-ETF / ETN,102,ARCA,85.76,0,0,0,0,0,31,C+,-,D-,0
EEV,Proshrs Ultsht Msci Emrg,MISC,Finance-ETF / ETN,102,ARCA,16.99,0.9,0.15,14,-28.1,0,77,C+,-,D,0
EFA,Ishares Msci Eafe Etf,MISC,Finance-ETF / ETN,102,ARCA,77.11,0.7,0.57,28123,7.3,0,52,C+,-,E,0
EFAD,Proshrs Msci Eafe Div Gr,MISC,Finance-ETF / ETN,102,BATS,42.39,0.7,0.28,18,100.3,0,35,C+,-,E,0
EFAS,Global X Msci SupDv Eafe,MISC,Finance-ETF / ETN,102,NASDAQ,16.15,1.2,0.2,1,-76.8,0,72,C+,-,C-,0
EFAV,Ishares MSCI EAFE Min VF,MISC,Finance-ETF / ETN,102,BATS,73.95,0.9,0.67,814,21.2,0,48,C+,-,D-,0
EFAX,Spdr Msci Eafe FosFlRsv,MISC,Finance-ETF / ETN,102,ARCA,81.45,0.9,0.7,21,69.2,0,48,C+,-,D,0
EFG,Ishares Msci Growth Etf,MISC,Finance-ETF / ETN,102,BATS,101.65,1,1.05,1110,0.6,0,39,C+,-,D,0
EFIV,Spdr S&P 500 Esg Etf,MISC,Finance-ETF / ETN,102,ARCA,43.82,1.1,0.49,14,-74,0,83,C+,-,D+,0
EFIX,First Trst TCW EmMt Debt,MISC,Finance-ETF / ETN,102,ARCA,18.39,0,0,0,0,0,42,C+,-,E,0
EFNL,Ishares Msci Finland Etf,MISC,Finance-ETF / ETN,102,BATS,45.97,0,0.01,1,-87.6,0,44,C+,-,B,0
EFO,Proshrs Ultra Msci Eafe,MISC,Finance-ETF / ETN,102,ARCA,50.1,1.6,0.79,4,6,0,52,C+,-,D,0
EFU,Proshrs Ultsht Msci Eafe,MISC,Finance-ETF / ETN,102,ARCA,10.38,-0.9,-0.09,0,-85.5,0,69,C+,-,C-,0
EFV,Ishares Msci Eafe Value,MISC,Finance-ETF / ETN,102,BATS,52.39,0.8,0.42,3484,-0.6,0,69,C+,-,D-,0
EFZ,Proshrs Short Msci Eafe,MISC,Finance-ETF / ETN,102,ARCA,18.12,-0.8,-0.14,54,-40.1,0,60,C+,-,B,0
EGIS,2ndvote Society Defended,MISC,Finance-ETF / ETN,102,BATS,34.22,1.3,0.43,2,-60.1,0,77,C+,-,D-,0
EGPT,Vaneck Egypt Index Etf,MISC,Finance-ETF / ETN,102,ARCA,26.47,1.1,0.29,18,276,0,65,C+,-,D+,0
EIDO,Ishares Msci Indonesia,MISC,Finance-ETF / ETN,102,ARCA,23.16,-0.2,-0.04,500,-2.6,0,77,C+,-,E,0
EINC,Vaneck Energy Income Etf,MISC,Finance-ETF / ETN,102,ARCA,58.82,0.2,0.14,2,-20.4,0,87,C+,-,B+,0
EIRL,Ishares Msci Ireland Etf,MISC,Finance-ETF / ETN,102,ARCA,56.98,1.5,0.86,3,-76.5,0,60,C+,-,D+,0
EIS,Ishares Msci Israel Etf,MISC,Finance-ETF / ETN,102,ARCA,74.51,0.2,0.17,83,64.8,0,77,C+,-,D-,0
EJAN,Innov Emg Mkt Pw Bf Jan,MISC,Finance-ETF / ETN,102,ARCA,29.58,0.2,0.05,15,-63.4,0,55,C+,-,D-,0
EJUL,Innov Emg Mkt Pw Bf Jul,MISC,Finance-ETF / ETN,102,ARCA,25.8,0.1,0.02,8,-10.3,0,55,C+,-,D,0
EKAR,Capt Link Gbl Gr EnTr/Th,MISC,Finance-ETF / ETN,102,ARCA,39.74,0.1,0.05,1,17.3,0,44,C+,-,D,0
ELD,Wisdomtree Emg Mk Loc Db,MISC,Finance-ETF / ETN,102,ARCA,30.06,0.3,0.1,18,-26.4,0,39,C+,-,B+,0
ELQD,Ishares Esg Adv InvGrdCp,MISC,Finance-ETF / ETN,102,ARCA,95.45,0.3,0.26,0,671.4,0,48,C+,-,A+,0
EMB,Ishares Emrg Mkt USD Bd,MISC,Finance-ETF / ETN,102,NASDAQ,105.72,0.4,0.44,6151,14.7,0,44,C+,-,E,0
EMBD,Global X Emerging MktsBd,MISC,Finance-ETF / ETN,102,ARCA,25.24,0.2,0.05,1,-91.1,0,42,C+,-,E,0
EMBH,ishares Int Rt Hd Emr Mr,MISC,Finance-ETF / ETN,102,ARCA,23.22,0,0,0,0,0,55,C+,-,B+,0
EMCB,Wisdomtree Emg Mk Crp Bd,MISC,Finance-ETF / ETN,102,NASDAQ,72.08,0.1,0.06,0,-92.6,0,44,C+,-,D-,0
EMCR,Xtrackers EmgMktCbRd&Clm,MISC,Finance-ETF / ETN,102,ARCA,32.73,-0.3,-0.08,0,-55.9,0,55,C+,-,D-,0
EMDV,Proshrs Msci Emrg Div Gr,MISC,Finance-ETF / ETN,102,BATS,57.79,0.2,0.11,1,-44.9,0,60,C+,-,B-,0
EMFM,Global X MsciNxtEmg&Fron,MISC,Finance-ETF / ETN,102,ARCA,21.04,0,0,8,226.7,0,77,C+,-,B-,0
EMGD,Simplify EmrgMktEqPlsDwn,MISC,Finance-ETF / ETN,102,ARCA,24.97,0.2,0.05,1,-75.8,0,52,C+,-,-,0
EMGF,Ishares MSCI Em Mkts Mf,MISC,Finance-ETF / ETN,102,BATS,50.97,-0.1,-0.04,37,-45.7,0,55,C+,-,D+,0
EMHC,Spdr Blom Emrg Mk Usd Bd,MISC,Finance-ETF / ETN,102,ARCA,28.83,0.4,0.11,11,81.8,0,44,C+,-,B-,0
EMHY,Ishares Jp Morgan EmHiYi,MISC,Finance-ETF / ETN,102,BATS,42.08,0.4,0.17,133,-8.3,0,42,C+,-,D,0
EMIF,Ishares S&P Emg Mkt Infr,MISC,Finance-ETF / ETN,102,NASDAQ,24,-0.2,-0.06,2,-57.6,0,69,C+,-,B-,0
EMLC,Vaneck J P Mor EmLoclCur,MISC,Finance-ETF / ETN,102,ARCA,28.78,0.3,0.1,680,-54.5,0,42,C+,-,C,0
EMLP,First Tr N Amer Ener Inf,MISC,Finance-ETF / ETN,102,ARCA,25.85,1,0.25,266,-15.3,0,81,C+,-,B-,0
EMMF,Wisdomtree Emg Mkts MfFd,MISC,Finance-ETF / ETN,102,ARCA,24.93,0,0,0,0,0,52,C+,-,C-,0
EMNT,Pimco Enh St Mt Act Esg,MISC,Finance-ETF / ETN,102,ARCA,99.98,0,0.02,3,-81.3,0,60,C+,-,E,0
EMQQ,E T C T Emg Mkt Int Ecom,MISC,Finance-ETF / ETN,102,ARCA,40.12,-2.1,-0.88,260,-13.2,0,19,C+,-,D-,0
EMSG,X Msci EmgMk Esg Ld Eqty,MISC,Finance-ETF / ETN,102,ARCA,31.28,-0.1,-0.03,0,-86,0,39,C+,-,C+,0
EMSH,Proshrs Sht Trm USD Emg,MISC,Finance-ETF / ETN,102,BATS,70.77,0,0,0,0,0,52,C+,-,E,0
EMTL,Spdr Dblline Emg Mkt Fx,MISC,Finance-ETF / ETN,102,BATS,47.3,0.4,0.18,4,-53.6,0,39,C+,-,E,0
EMTY,Proshrs Decl of Retail,MISC,Finance-ETF / ETN,102,ARCA,15.38,0.5,0.08,9,-5.1,0,39,C+,-,B-,0
EMXC,Ishares MSCI EmgMktexChn,MISC,Finance-ETF / ETN,102,NASDAQ,61.1,0.3,0.18,422,4.5,0,65,C+,-,C+,0
EMXF,Ishares Esg Adv Msci Em,MISC,Finance-ETF / ETN,102,NASDAQ,43.09,-0.1,-0.03,3,-68.1,0,52,C+,-,B+,0
ENFR,Alerian Energy Infrastrc,MISC,Finance-ETF / ETN,102,ARCA,20.91,0.8,0.17,32,7.9,0,86,C+,-,B-,0
ENOR,Ishares Msci Norway Etf,MISC,Finance-ETF / ETN,102,BATS,29.38,1.2,0.36,6,-83.2,0,69,C+,-,C-,0
ENTR,ERShares Entrepreneurs,MISC,Finance-ETF / ETN,102,ARCA,13.12,0.8,0.1,8,-23.9,0,8,C+,-,E,0
ENZL,Ishares Msci New Zealand,MISC,Finance-ETF / ETN,102,NASDAQ,53.96,1.5,0.78,5,-69.4,0,26,C+,-,E,0
EOCT,Innov Emg Mkt Pwr Bf Oct,MISC,Finance-ETF / ETN,102,ARCA,25.03,0,0,0,0,0,60,C+,-,E,0
EOPS,Emles Alpha Opportunitis,MISC,Finance-ETF / ETN,102,BATS,21.25,0,0,0,0,0,22,C+,-,A-,0
EPHE,Ishares Msci Philippines,MISC,Finance-ETF / ETN,102,ARCA,32.7,1.3,0.41,121,-25.7,0,81,C+,-,D-,0
EPI,Wisdomtree India Earn Fd,MISC,Finance-ETF / ETN,102,ARCA,37.67,0.7,0.28,621,9.5,0,85,C+,-,D-,0
EPOL,Ishares Msci Poland Etf,MISC,Finance-ETF / ETN,102,ARCA,21.26,2.2,0.45,92,-65.2,0,55,C+,-,C,0
EPP,Ishares Msci Pac Ex-Japn,MISC,Finance-ETF / ETN,102,ARCA,46.26,0.5,0.21,321,-27.8,0,33,C+,-,E,0
EPRE,First Trust Tcw Esg PrEq,MISC,Finance-ETF / ETN,102,ARCA,19.89,0.9,0.17,0,-72.5,0,39,C+,-,E,0
EPRF,Innovator S&P Inv Grd Pf,MISC,Finance-ETF / ETN,102,BATS,22.87,-0.4,-0.1,20,-36.1,0,44,C+,-,D,0
EPS,Wisdomtree US LgCp Fd,MISC,Finance-ETF / ETN,102,ARCA,49.21,1,0.47,24,-77.9,0,81,C+,-,D-,0
EPU,Ishares Msci Peru Etf,MISC,Finance-ETF / ETN,102,ARCA,32.06,-0.3,-0.11,160,120.3,0,81,C+,-,C,0
EPV,Proshrs Ultshrt Ftse Eur,MISC,Finance-ETF / ETN,102,ARCA,11.35,-1.4,-0.16,12,-62.7,0,42,C+,-,B-,0
EQAL,Invesco Russell1000 Eq,MISC,Finance-ETF / ETN,102,ARCA,45.56,0.2,0.1,56,-35.9,0,69,C+,-,B+,0
EQL,ALPS Equal Sector Weight,MISC,Finance-ETF / ETN,102,ARCA,107.68,0.7,0.73,1,-59.2,0,83,C+,-,E,0
EQOP,Natixis US Equity Opp,MISC,Finance-ETF / ETN,102,ARCA,33,0,0,0,0,0,75,C+,-,E,0
EQRR,Proshrs Eqts For Risn Rt,MISC,Finance-ETF / ETN,102,NASDAQ,53.95,0.7,0.35,13,-1.1,0,89,C+,-,D+,0
EQUL,IQ Engender Equality Etf,MISC,Finance-ETF / ETN,102,ARCA,24.38,0,0,0,0,0,48,C+,-,C+,0
EQWL,Invesco S&P 100 Eql Wght,MISC,Finance-ETF / ETN,102,ARCA,85.33,0.4,0.33,2,-72.8,0,83,C+,-,B-,0
ERM,EquityCompass Risk Mnger,MISC,Finance-ETF / ETN,102,ARCA,25.63,0,0,0,0,0,77,C+,-,B-,0
ERSX,ERShares NextGen Entrep,MISC,Finance-ETF / ETN,102,ARCA,16.07,1,0.16,4,74.2,0,15,C+,-,E,0
ERTH,Invesco MSCI Sust Future,MISC,Finance-ETF / ETN,102,ARCA,59.63,-0.5,-0.27,13,-58,0,26,C+,-,D-,0
ERUS,Ishares Msci Russia Etf,MISC,Finance-ETF / ETN,102,ARCA,39.59,0.6,0.24,323,54.3,0,33,C+,-,D-,0
ERX,Direxion Energy Bull 2X,MISC,Finance-ETF / ETN,102,ARCA,44.88,1.1,0.49,6034,39.7,0,99,C+,-,A-,0
ERY,Direxion Energy Bear 2X,MISC,Finance-ETF / ETN,102,ARCA,7.08,-0.9,-0.07,2049,6.3,0,8,C+,-,D,0
ESCR,X Blom Us Inv GrdCrpEsg,MISC,Finance-ETF / ETN,102,BATS,21.21,0,0,0,0,0,48,C+,-,B-,0
ESEB,X JPM Esg Emg Mkt Sovgn,MISC,Finance-ETF / ETN,102,BATS,20.39,0.5,0.09,2,-29.2,0,42,C+,-,D,0
ESG,Flexshrs Stoxx Us EsgSlc,MISC,Finance-ETF / ETN,102,BATS,111.92,0.8,0.87,5,-40.3,0,79,C+,-,D,0
ESGA,American Century Sust Eq,MISC,Finance-ETF / ETN,102,ARCA,57.65,1,0.56,3,-57.9,0,79,C+,-,C+,0
ESGB,IQ Mackay ESG Cr Pls Bd,MISC,Finance-ETF / ETN,102,ARCA,24.29,0,0,0,0,0,52,C+,-,C+,0
ESGD,iShares ESG Aw MSCI EAFE,MISC,Finance-ETF / ETN,102,NASDAQ,77.76,0.6,0.5,1125,77.9,0,55,C+,-,D-,0
ESGE,iShares ESG Awr MSCI EM,MISC,Finance-ETF / ETN,102,NASDAQ,40.11,0.1,0.03,2396,4.9,0,39,C+,-,E,0
ESGG,Flexshrs Stoxx GlbEsgSlc,MISC,Finance-ETF / ETN,102,BATS,147.06,1.1,1.61,0,-75.4,0,75,C+,-,D,0
ESGN,Columbia Sust Intl Eqty,MISC,Finance-ETF / ETN,102,ARCA,27.2,0,0,0,0,0,60,C+,-,D,0
ESGS,Columbia Sust US Eq Inc,MISC,Finance-ETF / ETN,102,ARCA,38.6,-0.1,-0.02,0,-97.2,0,85,C+,-,B+,0
ESGU,Ishares ESG Awr MSCI USA,MISC,Finance-ETF / ETN,102,NASDAQ,102.96,0.8,0.83,1097,-10.9,0,75,C+,-,E,0
ESGV,Vanguard Esg US Stock,MISC,Finance-ETF / ETN,102,BATS,82.59,0.8,0.64,286,-16.6,0,72,C+,-,C,0
ESGY,American Century Sust Gr,MISC,Finance-ETF / ETN,102,ARCA,42.38,0,0,0,0,0,60,C+,-,E,0
ESHY,X JPM Esg Usd HiYldCrpBd,MISC,Finance-ETF / ETN,102,BATS,20.49,0.2,0.04,0,-96.7,0,52,C+,-,D,0
ESIX,Spdr S&P SmallCp 600 Esg,MISC,Finance-ETF / ETN,102,ARCA,28.15,0,0,0,0,0,42,C+,-,-,0
ESML,Ishares ESG Aw MSCIUsaSc,MISC,Finance-ETF / ETN,102,BATS,37.48,-0.5,-0.19,124,-47.5,0,44,C+,-,B,0
ESMV,Ishares Esg Msci USA Min,MISC,Finance-ETF / ETN,102,NASDAQ,23.92,0,0,0,0,0,44,C+,-,B-,0
ESPO,Vaneck VidGmg &Esprt Etf,MISC,Finance-ETF / ETN,102,NASDAQ,62.87,0.3,0.2,43,-47.9,0,32,C+,-,D+,0
ESUS,Etracs 2x LvMsciUSAEsgFc,MISC,Finance-ETF / ETN,102,ARCA,25.43,1.5,0.38,395,1200,0,52,C+,-,B-,0
ETHO,Etho Climate Leadership,MISC,Finance-ETF / ETN,102,ARCA,58.76,0,0.03,9,22.3,0,52,C+,-,E,0
EUCG,Euclid Capital Growth,MISC,Finance-ETF / ETN,102,BATS,25,0.9,0.23,0,-97.4,0,35,C+,-,D,0
EUDG,Wisdomtree Euro Qa Dv Gr,MISC,Finance-ETF / ETN,102,ARCA,33.38,0.8,0.27,9,-35.9,0,65,C+,-,C,0
EUDV,Proshrs Msci Euro Div Gr,MISC,Finance-ETF / ETN,102,BATS,50.42,1,0.49,0,-26.5,0,48,C+,-,E,0
EUFN,Ishares Msci Europe Fncl,MISC,Finance-ETF / ETN,102,NASDAQ,21.35,0.9,0.18,2115,83.6,0,83,C+,-,C,0
EUFX,Proshares Short Euro,MISC,Finance-ETF / ETN,102,ARCA,45.15,-0.5,-0.23,0,52.5,0,79,C+,-,C+,0
EUM,Proshrs Short Msci Emrg,MISC,Finance-ETF / ETN,102,ARCA,12.6,0.1,0.01,182,-33.6,0,72,C+,-,B,0
EUO,Proshrs Ultsht Euro,MISC,Finance-ETF / ETN,102,ARCA,26.17,-0.6,-0.17,68,-13.4,0,86,C+,-,C,0
EURL,Direxion Dly Ftse EuBull,MISC,Finance-ETF / ETN,102,ARCA,35.55,2.1,0.73,19,-34.3,0,69,C+,-,E,0
EURZ,Deutsche X Eurozone Eq,MISC,Finance-ETF / ETN,102,BATS,26.4,1.4,0.35,3,1828.5,0,52,C+,-,E,0
EUSA,Ishares Msci U S A Eq Wh,MISC,Finance-ETF / ETN,102,ARCA,85.28,0.4,0.32,23,-3.5,0,72,C+,-,D,0
EUSB,Ishares EsgAdvTtl Usd Bd,MISC,Finance-ETF / ETN,102,ARCA,48.34,0.1,0.07,59,-26.9,0,52,C+,-,D+,0
EUSC,Wisdotree Europe Hldg Sm,MISC,Finance-ETF / ETN,102,ARCA,36.91,0.2,0.08,46,897.2,0,77,C+,-,B-,0
EVEN,Direxion DlyS&P500EqBl2x,MISC,Finance-ETF / ETN,102,ARCA,25.04,0.9,0.22,1,-66.3,0,75,C+,-,-,0
EVGBC,Eaton Vance Glb Inc Buil,MISC,Finance-ETF / ETN,102,NASDAQ,99.96,0,0,0,0,0,65,C+,-,A+,0
EVLMC,Eaton Vance Tabs 5-15 Yr,MISC,Finance-ETF / ETN,102,NASDAQ,100.04,0,0,0,0,0,65,C+,-,A+,0
EVNT,Altshares Event Driven,MISC,Finance-ETF / ETN,102,ARCA,10.03,0,0,0,0,0,44,C+,-,D+,0
EVSTC,Eaton Vance Stk Nextshrs,MISC,Finance-ETF / ETN,102,NASDAQ,99.96,0,0,0,0,0,65,C+,-,E,0
EVX,Vaneck Environ Svcs Etf,MISC,Finance-ETF / ETN,102,ARCA,135.24,-0.2,-0.25,3,7,0,42,C+,-,D-,0
EWA,Ishares Msci Australia,MISC,Finance-ETF / ETN,102,ARCA,23.3,0.7,0.16,4376,21.4,0,33,C+,-,E,0
EWC,Ishares Msci Canada,MISC,Finance-ETF / ETN,102,ARCA,38.86,0.5,0.18,5156,8.9,0,81,C+,-,D,0
EWCO,Invesco S&P 500 EqW Comm,MISC,Finance-ETF / ETN,102,ARCA,35.5,0.7,0.24,4,-75.6,0,44,C+,-,D-,0
EWD,Ishares Msci Sweden Etf,MISC,Finance-ETF / ETN,102,ARCA,43.36,1.3,0.54,170,-60.1,0,37,C+,-,E,0
EWEB,Global X Emerg MktIntEco,MISC,Finance-ETF / ETN,102,NASDAQ,9.62,-2.5,-0.25,1,-75,0,19,C+,-,E,0
EWG,Ishares Msci Germany Etf,MISC,Finance-ETF / ETN,102,ARCA,32.37,0.3,0.09,2610,-18,0,44,C+,-,E,0
EWGS,Ishares Msci Germ Sm Cap,MISC,Finance-ETF / ETN,102,BATS,75.66,0,0,0,0,0,35,C+,-,D-,0
EWH,Ishares Msci Hong Kong,MISC,Finance-ETF / ETN,102,ARCA,23.87,0.1,0.03,2050,-49.7,0,39,C+,-,B,0
EWI,Ishares Msci Italy,MISC,Finance-ETF / ETN,102,ARCA,33.17,0.9,0.31,1212,16.7,0,72,C+,-,C-,0
EWJ,Ishares Msci Japan Etf,MISC,Finance-ETF / ETN,102,ARCA,65.04,1.5,0.94,2875,-50.9,0,42,C+,-,E,0
EWJE,Ishares Msci JapanEqWght,MISC,Finance-ETF / ETN,102,NASDAQ,36.15,1.4,0.49,2,175.5,0,35,C+,-,D-,0
EWJV,Ishares Msci Japan Value,MISC,Finance-ETF / ETN,102,NASDAQ,27.79,1.4,0.39,15,-63.3,0,60,C+,-,E,0
EWK,Ishares Msci Belgium Etf,MISC,Finance-ETF / ETN,102,ARCA,20.86,0.5,0.1,0,-95.8,0,48,C+,-,D-,0
EWL,Ishares Msci Switzerland,MISC,Finance-ETF / ETN,102,ARCA,50.07,0.1,0.05,1835,6.7,0,75,C+,-,E,0
EWM,Ishares Msci Malaysia,MISC,Finance-ETF / ETN,102,ARCA,24.51,-0.2,-0.06,297,-10.9,0,42,C+,-,D+,0
EWMC,Invesco S&P Md Cp400,MISC,Finance-ETF / ETN,102,ARCA,91.23,0,-0.04,5,3.4,0,65,C+,-,B-,0
EWN,Ishares Msci Netherlands,MISC,Finance-ETF / ETN,102,ARCA,47.13,0.7,0.31,92,-62.7,0,48,C+,-,E,0
EWO,Ishares Msci Austria Etf,MISC,Finance-ETF / ETN,102,ARCA,25.96,1.1,0.29,22,-33.6,0,83,C+,-,D+,0
EWP,Ishares Msci Spain Etf,MISC,Finance-ETF / ETN,102,ARCA,26.86,0.3,0.08,1156,-3.2,0,44,C+,-,D+,0
EWQ,Ishares Msci France Etf,MISC,Finance-ETF / ETN,102,ARCA,38.59,0.4,0.17,722,-19.3,0,72,C+,-,E,0
EWRE,Invesco S&P500 EqWRe,MISC,Finance-ETF / ETN,102,ARCA,39.88,1.2,0.48,22,-59.5,0,86,C+,-,C,0
EWS,Ishares Msci Sngapr Etf,MISC,Finance-ETF / ETN,102,ARCA,21.29,-0.5,-0.11,838,-3,0,37,C+,-,E,0
EWSC,Invesco S&P SmCp600EqWgt,MISC,Finance-ETF / ETN,102,ARCA,78.74,-0.9,-0.69,145,818.8,0,55,C+,-,B-,0
EWT,Ishares Msci Taiwan Etf,MISC,Finance-ETF / ETN,102,ARCA,65.47,0.5,0.33,1863,-53.3,0,79,C+,-,D,0
EWU,Ishares Msci Untd Kingdm,MISC,Finance-ETF / ETN,102,ARCA,34.59,0.9,0.31,2995,-9.6,0,79,C+,-,B-,0
EWUS,Ishares Msci Uk Sml Cap,MISC,Finance-ETF / ETN,102,BATS,43.28,0.8,0.36,32,61.5,0,37,C+,-,D-,0
EWV,Proshrs Ultsht Msci Jpn,MISC,Finance-ETF / ETN,102,ARCA,13.79,-3.1,-0.44,7,77.2,0,81,C+,-,B+,0
EWW,Ishares Msci Mexico,MISC,Finance-ETF / ETN,102,ARCA,49.32,0.3,0.14,1339,-19.2,0,81,C+,-,C,0
EWX,Spdr S&P Emg Mkts Sm Cap,MISC,Finance-ETF / ETN,102,ARCA,57.89,0.3,0.2,127,103.5,0,65,C+,-,B-,0
EWY,Ishares Msci S Korea,MISC,Finance-ETF / ETN,102,ARCA,73.46,0.7,0.48,2907,-24.9,0,27,C+,-,E,0
EWZ,Ishares Msci Brazil Etf,MISC,Finance-ETF / ETN,102,ARCA,31.94,-0.7,-0.22,28695,35,0,52,C+,-,B-,0
EWZS,Ishares Msci Brzl Sm Cp,MISC,Finance-ETF / ETN,102,NASDAQ,14.65,-1.1,-0.16,64,-27.7,0,48,C+,-,B-,0
EXI,Ishares Global Industrl,MISC,Finance-ETF / ETN,102,ARCA,117.97,0.6,0.66,1,-91.1,0,60,C+,-,D+,0
EYLD,Cambria Emg Shrhld Yld,MISC,Finance-ETF / ETN,102,BATS,36.56,1.7,0.61,20,5.1,0,55,C+,-,B-,0
EZA,Ishares Msci So Africa,MISC,Finance-ETF / ETN,102,ARCA,50.2,-1.1,-0.54,332,30.2,0,83,C+,-,B-,0
EZJ,Proshrs Ultra Msci Japan,MISC,Finance-ETF / ETN,102,ARCA,42.64,2.9,1.22,1,-39.4,0,30,C+,-,D-,0
EZM,Wisdomtree US MdCp Fd,MISC,Finance-ETF / ETN,102,ARCA,53.95,0.1,0.04,22,-56.4,0,75,C+,-,C,0
EZU,Ishares Msci Eurozone,MISC,Finance-ETF / ETN,102,BATS,48.15,0.6,0.29,4074,-29.4,0,55,C+,-,E,0
FAAR,First Tr Alt Abs RtrnStr,MISC,Finance-ETF / ETN,102,NASDAQ,30.23,0,-0.01,32,65.2,0,83,C+,-,B+,0
FAB,First Tr Mult Cp Vl Alph,MISC,Finance-ETF / ETN,102,NASDAQ,74.9,0.5,0.36,45,184.8,0,81,C+,-,E,0
FAD,First Tr Mult Cp Gr Alph,MISC,Finance-ETF / ETN,102,NASDAQ,111.75,0.2,0.21,23,179.1,0,42,C+,-,D-,0
FAIL,Cambria Global Tail Risk,MISC,Finance-ETF / ETN,102,BATS,20.99,-1.5,-0.32,0,-90,0,37,C+,-,C,0
FALN,Ishares Fall Angel US Bd,MISC,Finance-ETF / ETN,102,NASDAQ,28.77,0,0.01,2256,21.4,0,52,C+,-,C,0
FAN,First Tr Glb Wind Energy,MISC,Finance-ETF / ETN,102,ARCA,18.83,0.9,0.17,94,-32.2,0,28,C+,-,B-,0
FAPR,Ft Cboe Vest US Eqty Bfr,MISC,Finance-ETF / ETN,102,BATS,32.25,0.5,0.17,16,40.6,0,75,C+,-,E,0
FAS,Direxion Finl Bull 3X,MISC,Finance-ETF / ETN,102,ARCA,136.24,2.1,2.87,1011,-40.6,0,95,C+,-,D-,0
FAUG,Ft Cboe Vest US Eqty Bfr,MISC,Finance-ETF / ETN,102,BATS,38.09,0.4,0.15,7,-80.7,0,75,C+,-,B,0
FAZ,Direxion Dly Fin Bear 3X,MISC,Finance-ETF / ETN,102,ARCA,17.73,-2.2,-0.39,2291,-19,0,20,C+,-,A-,0
FBCG,Fidelity Blue Chip Grwth,MISC,Finance-ETF / ETN,102,BATS,30.98,0.1,0.03,114,-28.2,0,44,C+,-,E,0
FBCV,Fidelity Blue Chip Value,MISC,Finance-ETF / ETN,102,BATS,29.59,1.5,0.45,28,0,0,77,C+,-,D,0
FBGX,U B S Ag FI Enh LgCap Gr,MISC,Finance-ETF / ETN,102,ARCA,730.5,0,-0.09,0,-56.4,0,72,C+,-,B,0
FBND,Fidelity Total Bond ETF,MISC,Finance-ETF / ETN,102,ARCA,51.95,0.2,0.1,181,-23.4,0,52,C+,-,D-,0
FBT,First Tr Nyse Arca Bio,MISC,Finance-ETF / ETN,102,ARCA,150.23,-1,-1.45,51,0.9,0,33,C+,-,D,0
FBZ,First Tr Brazil Alphadex,MISC,Finance-ETF / ETN,102,ARCA,12.11,-0.6,-0.07,1,-92.5,0,55,C+,-,A-,0
FCA,First Tr China Alpadex,MISC,Finance-ETF / ETN,102,ARCA,27.24,0,0,0,0,0,39,C+,-,D-,0
FCAL,First Tr Ca Muni Hi Inc,MISC,Finance-ETF / ETN,102,NASDAQ,53.38,0.3,0.14,2,-77,0,52,C+,-,E,0
FCEF,First Trust Cef Incm Opp,MISC,Finance-ETF / ETN,102,NASDAQ,24.53,0.7,0.18,18,251.7,0,55,C+,-,B,0
FCG,First Trust Natural Gas,MISC,Finance-ETF / ETN,102,ARCA,20.41,1.3,0.26,1983,50.3,0,97,C+,-,B,0
FCLD,Fidelity Cloud Computing,MISC,Finance-ETF / ETN,102,BATS,21.97,-2.3,-0.51,6,-60,0,29,C+,-,C+,0
FCOM,Fidelity Msci Teleco Svc,MISC,Finance-ETF / ETN,102,ARCA,49.58,1.7,0.83,131,15.3,0,42,C+,-,C,0
FCOR,Fidelity Corporate Bond,MISC,Finance-ETF / ETN,102,ARCA,53.45,0.1,0.07,22,-29.5,0,48,C+,-,E,0
FCPI,Fidelity Stks fr Inflatn,MISC,Finance-ETF / ETN,102,BATS,33.67,0.9,0.29,57,-34.8,0,87,C+,-,C,0
FCSH,Federated Hermes ShDurCp,MISC,Finance-ETF / ETN,102,ARCA,24.76,0,0,0,0,0,60,C+,-,-,0
FCTR,First Tr Lunt US FactRot,MISC,Finance-ETF / ETN,102,BATS,32.25,1.1,0.36,53,-73.5,0,39,C+,-,E,0
FCVT,First Trust Ssi Strat Cn,MISC,Finance-ETF / ETN,102,NASDAQ,38.08,-0.6,-0.24,63,-16.9,0,33,C+,-,D,0
FDD,First Tr Stoxx Er Sel Dv,MISC,Finance-ETF / ETN,102,ARCA,14.76,0.9,0.13,138,30.5,0,75,C+,-,D-,0
FDEC,Ft Cboe Vest USEqDeepBfr,MISC,Finance-ETF / ETN,102,BATS,34.3,0.7,0.23,30,-71.5,0,75,C+,-,C-,0
FDEM,Fidelity Emg Mkt Multi,MISC,Finance-ETF / ETN,102,BATS,25.99,-0.3,-0.09,1,-47.1,0,48,C+,-,D-,0
FDEV,Fidelity Intl Multifact,MISC,Finance-ETF / ETN,102,BATS,28.61,0.6,0.18,1,4.7,0,52,C+,-,D+,0
FDG,American Cen Focus DynGr,MISC,Finance-ETF / ETN,102,BATS,71.26,-1,-0.72,4,-72.6,0,30,C+,-,D+,0
FDHT,Fidelity Digital Health,MISC,Finance-ETF / ETN,102,BATS,22.4,0.1,0.03,1,-84.3,0,29,C+,-,C+,0
FDHY,Fidelity High Yield Fac,MISC,Finance-ETF / ETN,102,ARCA,53.07,0.1,0.07,78,34.8,0,44,C+,-,D+,0
FDIS,Fidelity Msci Cons Discr,MISC,Finance-ETF / ETN,102,ARCA,79.8,-0.7,-0.53,136,-42.4,0,52,C+,-,D-,0
FDIV,First Tr Strategic Inc,MISC,Finance-ETF / ETN,102,NASDAQ,50.52,-0.1,-0.07,23,35.9,0,69,C+,-,B+,0
FDL,First Tr Mrnstr Div Ldrs,MISC,Finance-ETF / ETN,102,ARCA,36.68,0.9,0.32,385,48.5,0,86,C+,-,C,0
FDLO,Fidelity Low Vol Factor,MISC,Finance-ETF / ETN,102,ARCA,49.91,1.3,0.65,66,69.3,0,75,C+,-,D+,0
FDM,First Tr Dj Select Micro,MISC,Finance-ETF / ETN,102,ARCA,60.08,-0.9,-0.56,3,-80.5,0,72,C+,-,D-,0
FDMO,Fidelity Momentum Factor,MISC,Finance-ETF / ETN,102,ARCA,50.86,0.8,0.4,12,-41.4,0,69,C+,-,E,0
FDN,First Tr Dj Internet,MISC,Finance-ETF / ETN,102,ARCA,197.23,-2.1,-4.22,325,1.2,0,29,C+,-,D-,0
FDNI,First Tr Dj Intl Intrnet,MISC,Finance-ETF / ETN,102,NASDAQ,33.18,-2.1,-0.72,6,-75,0,21,C+,-,D+,0
FDRR,Fidelity Div RisingRates,MISC,Finance-ETF / ETN,102,ARCA,45.35,1,0.44,187,151.6,0,83,C+,-,D+,0
FDRV,Fidelity Elec Veh & FtTr,MISC,Finance-ETF / ETN,102,BATS,24.1,-0.3,-0.07,23,-30.6,0,33,C+,-,C+,0
FDT,First Tr Developed Mkts,MISC,Finance-ETF / ETN,102,NASDAQ,59.43,1.3,0.76,24,-45.6,0,44,C+,-,E,0
FDTS,First Tr DevMk xUS Sc,MISC,Finance-ETF / ETN,102,NASDAQ,43.75,2,0.85,1,-52.3,0,35,C+,-,E,0
FDVV,Fidelity High Dividend,MISC,Finance-ETF / ETN,102,ARCA,41.09,0.7,0.29,358,119.9,0,86,C+,-,D,0
FDWM,Fidelity Women's Leadshp,MISC,Finance-ETF / ETN,102,ARCA,19.3,-0.5,-0.1,4,304.1,0,42,C+,-,E,0
FEBZ,TrueShrs Struc Outcm Fb,MISC,Finance-ETF / ETN,102,BATS,29,0.3,0.09,56,6020.2,0,77,C+,-,B-,0
FEDL,Etracs 2x LvIfedInvFedTr,MISC,Finance-ETF / ETN,102,ARCA,32.29,1.7,0.54,117,127,0,92,C+,-,A-,0
FEDM,FlexshrsEsg&ClmDvMktExUS,MISC,Finance-ETF / ETN,102,ARCA,49.15,0,0,0,0,0,52,C+,-,B-,0
FEDX,Emles FederalContractors,MISC,Finance-ETF / ETN,102,BATS,24,-0.1,-0.01,0,-92.1,0,26,C+,-,C+,0
FEHY,Flexshrs Esg&ClmHgYdCpCr,MISC,Finance-ETF / ETN,102,ARCA,48.3,0.3,0.16,11,19.2,0,52,C+,-,C,0
FEIG,Flexshrs Esg&ClmInvGrdCp,MISC,Finance-ETF / ETN,102,ARCA,47.39,0,0,0,0,0,48,C+,-,B,0
FEM,First Tr Emrg Mkts Alpha,MISC,Finance-ETF / ETN,102,NASDAQ,26.12,0.1,0.02,50,-45,0,55,C+,-,E,0
FEMB,First Trust EmMkLclCurBd,MISC,Finance-ETF / ETN,102,NASDAQ,31.49,0.1,0.05,25,-62.1,0,39,C+,-,B,0
FEMS,First Tr EmMkSmCp Alphdx,MISC,Finance-ETF / ETN,102,NASDAQ,40.46,-0.4,-0.16,5,-67,0,44,C+,-,D+,0
FENY,Fidelity Msci Energy Idx,MISC,Finance-ETF / ETN,102,ARCA,18.57,0.6,0.11,1495,33.3,0,96,C+,-,B+,0
FEP,First Tr Europe Alphadex,MISC,Finance-ETF / ETN,102,NASDAQ,42.12,1.2,0.49,38,-45.4,0,55,C+,-,C+,0
FEUS,Flexshrs Esg&ClmUSLgCpCr,MISC,Finance-ETF / ETN,102,ARCA,51.82,0,0,0,0,0,69,C+,-,E,0
FEUZ,First Tr Eurozone Alpha,MISC,Finance-ETF / ETN,102,NASDAQ,45.74,0.5,0.25,0,-95.2,0,55,C+,-,C-,0
FEVR,Inspire Fthwrd LgCpMom,MISC,Finance-ETF / ETN,102,ARCA,26.02,-0.4,-0.11,3,-67.2,0,35,C+,-,B,0
FEX,First Tr Lg Cp Core Alph,MISC,Finance-ETF / ETN,102,NASDAQ,88.61,1,0.89,56,30.4,0,72,C+,-,C,0
FEZ,Spdr Euro Stoxx 50,MISC,Finance-ETF / ETN,102,ARCA,46.02,0.3,0.16,788,-65.7,0,60,C+,-,E,0
FFEB,Ft Cboe Vest Us Eq Feb,MISC,Finance-ETF / ETN,102,BATS,38.45,0.4,0.16,8,-65.8,0,79,C+,-,D,0
FFHG,Formula Folios Hedged Gr,MISC,Finance-ETF / ETN,102,BATS,35.1,0.9,0.3,0,-83.4,0,60,C+,-,E,0
FFIU,Fieldstone UVA Unconstr,MISC,Finance-ETF / ETN,102,ARCA,25.3,0.2,0.04,0,-85,0,44,C+,-,E,0
FFND,Future Fund Active ETF,MISC,Finance-ETF / ETN,102,ARCA,21.17,-1.3,-0.27,5,-54.3,0,25,C+,-,D+,0
FFR,First Tr Ftse Epra Nar,MISC,Finance-ETF / ETN,102,ARCA,51.2,0.5,0.24,1,-53.3,0,69,C+,-,C,0
FFSG,Formulafolios Smart Grw,MISC,Finance-ETF / ETN,102,BATS,35.78,1,0.35,0,-87.3,0,60,C+,-,E,0
FFTG,Formulafolios Tactical,MISC,Finance-ETF / ETN,102,BATS,29.58,0.6,0.19,1,-64,0,55,C+,-,D+,0
FFTI,Formula Folios Tac Inc,MISC,Finance-ETF / ETN,102,BATS,23.36,0,0,4,-85.3,0,52,C+,-,D-,0
FFTY,Innovator IBD 50 Fund,MISC,Finance-ETF / ETN,102,ARCA,38.87,1.2,0.45,86,4.8,0,25,C+,-,D,0
FGD,First Tr Dj Glb Sel Div,MISC,Finance-ETF / ETN,102,ARCA,26.09,0.6,0.16,147,57.6,0,75,C+,-,C,0
FGM,First Tr Gm AlphaDex,MISC,Finance-ETF / ETN,102,ARCA,51.06,-0.7,-0.39,0,-54.6,0,35,C+,-,E,0
FGRO,Fidelity Growth Oppor,MISC,Finance-ETF / ETN,102,BATS,18.04,-0.6,-0.11,37,-44.5,0,29,C+,-,E,0
FHLC,Fidelity Msci Hlth Care,MISC,Finance-ETF / ETN,102,ARCA,64.13,1.1,0.72,240,39,0,60,C+,-,E,0
FHYS,Federated Hermes ShDurHi,MISC,Finance-ETF / ETN,102,ARCA,24.85,0.3,0.07,4,-87,0,60,C+,-,-,0
FIBR,Ishares US Fixed Inc Bal,MISC,Finance-ETF / ETN,102,BATS,97.13,0.1,0.13,2,-55.3,0,48,C+,-,E,0
FICS,First Trust IntlDevCpStr,MISC,Finance-ETF / ETN,102,NASDAQ,34.39,1.1,0.38,3,-63.9,0,60,C+,-,B,0
FID,First Trust S&P Intl Div,MISC,Finance-ETF / ETN,102,NASDAQ,17.98,0.3,0.06,8,-42.7,0,69,C+,-,D,0
FIDI,Fidelity Intl High Div,MISC,Finance-ETF / ETN,102,ARCA,21.77,1,0.21,35,72.4,0,79,C+,-,B+,0
FIDU,Fidelity Msci Indust Idx,MISC,Finance-ETF / ETN,102,ARCA,53.62,0.5,0.27,67,-38.7,0,65,C+,-,B-,0
FIEE,Ubs Ag F I Enh Europe 50,MISC,Finance-ETF / ETN,102,ARCA,195.62,0,0,0,0,0,69,C+,-,A+,0
FIGB,Fidelity Invst Grade Bnd,MISC,Finance-ETF / ETN,102,ARCA,49.12,0,-0.02,0,-3.1,0,55,C+,-,E,0
FIHD,Fi Enhanced Glb High Yld,MISC,Finance-ETF / ETN,102,ARCA,245.3,0,0,0,0,0,87,C+,-,B-,0
FILL,Ishares Msci Glb Energy,MISC,Finance-ETF / ETN,102,ARCA,21,0.1,0.02,28,-34.6,0,95,C+,-,B+,0
FINX,Global X Fintech,MISC,Finance-ETF / ETN,102,NASDAQ,33.27,-4.3,-1.48,452,12.9,0,19,C+,-,D-,0
FISR,Spdr Ssga Fx Inc Sec Rt,MISC,Finance-ETF / ETN,102,ARCA,30.19,0.1,0.03,85,113,0,48,C+,-,D+,0
FITE,Spdr S&P Kensho Fut Sec,MISC,Finance-ETF / ETN,102,ARCA,47.92,-0.5,-0.23,1,-69.4,0,39,C+,-,D-,0
FIVA,Fidelity Intl Value Fact,MISC,Finance-ETF / ETN,102,ARCA,24.94,1,0.24,9,38.7,0,75,C+,-,D-,0
FIVG,Defiance 5G Next GenConn,MISC,Finance-ETF / ETN,102,NYSE,38.92,1.1,0.44,96,-45.4,0,75,C+,-,E,0
FIVR,Strategy Shrs Nsdq5handl,MISC,Finance-ETF / ETN,102,NASDAQ,24.3,0.4,0.1,2,-74.3,0,48,C+,-,-,0
FIW,First Trust Water Etf,MISC,Finance-ETF / ETN,102,ARCA,83.63,0.2,0.13,93,3.3,0,55,C+,-,C,0
FIXD,First Trust TcwOppFxdInc,MISC,Finance-ETF / ETN,102,NASDAQ,52.13,0.2,0.09,878,50.7,0,52,C+,-,D,0
FJAN,FT Cboe Vest U.S. Eq Bfr,MISC,Finance-ETF / ETN,102,BATS,35.12,0.7,0.25,24,-54.8,0,83,C+,-,B+,0
FJP,First Tr Japan Alphadex,MISC,Finance-ETF / ETN,102,ARCA,49.33,-3.2,-1.62,2,2,0,39,C+,-,E,0
FJUL,Ft Cboe Vest Us Eqty Bfr,MISC,Finance-ETF / ETN,102,BATS,36.07,0.5,0.17,5,-64.9,0,75,C+,-,C-,0
FJUN,Ft Cboe Vest Us Eqty Bfr,MISC,Finance-ETF / ETN,102,BATS,37.61,0.3,0.1,4,-69.5,0,75,C+,-,E,0
FKU,First Tr Uk AlphaDex,MISC,Finance-ETF / ETN,102,ARCA,43.1,1.3,0.56,1,-87.6,0,65,C+,-,B-,0
FLAU,Franklin Ftse Australia,MISC,Finance-ETF / ETN,102,ARCA,27.49,0,0,0,0,0,33,C+,-,E,0
FLAX,Franklin Ftse Asia Japan,MISC,Finance-ETF / ETN,102,ARCA,25.86,0.1,0.03,1,-62.4,0,37,C+,-,C-,0
FLBL,Franklin Liberty Sr Loan,MISC,Finance-ETF / ETN,102,BATS,24.97,0.4,0.09,38,-41.3,0,65,C+,-,D,0
FLBR,Franklin Ftse Brazil Etf,MISC,Finance-ETF / ETN,102,ARCA,19.92,-1.1,-0.22,24,-73.4,0,55,C+,-,A+,0
FLCA,Franklin Ftse Canada Etf,MISC,Finance-ETF / ETN,102,ARCA,34.86,0.3,0.1,4,-53.7,0,84,C+,-,B-,0
FLCB,Franklin Lib US Cr Bd,MISC,Finance-ETF / ETN,102,ARCA,24.52,0.1,0.03,18,-90.2,0,48,C+,-,E,0
FLCH,Franklin Ftse China Etf,MISC,Finance-ETF / ETN,102,ARCA,24.8,-0.6,-0.15,14,-66.5,0,27,C+,-,B-,0
FLCO,Franklin Lib Inv Grd Crp,MISC,Finance-ETF / ETN,102,ARCA,24.91,0,0.01,10,-82.5,0,44,C+,-,D-,0
FLDR,Fidelity Low Dur Bd Fac,MISC,Finance-ETF / ETN,102,BATS,50.62,0,0.02,14,-32.2,0,65,C+,-,D,0
FLDZ,Rivernrth Voltn Amc Pat,MISC,Finance-ETF / ETN,102,ARCA,23.66,0,0,0,0,0,37,C+,-,-,0
FLEE,Franklin Ftse Europe Etf,MISC,Finance-ETF / ETN,102,ARCA,28.93,0.8,0.24,4,-72.5,0,65,C+,-,B-,0
FLEH,Franklin Ftse Europe Hdg,MISC,Finance-ETF / ETN,102,ARCA,28.26,0,0,0,0,0,75,C+,-,C,0
FLFR,Franklin Ftse France Etf,MISC,Finance-ETF / ETN,102,ARCA,31.12,0.4,0.13,5,208.6,0,69,C+,-,B-,0
FLGB,Franklin Ftse UK Etf,MISC,Finance-ETF / ETN,102,ARCA,26.36,1.1,0.29,88,-56.7,0,79,C+,-,B,0
FLGR,Franklin Ftse Germany,MISC,Finance-ETF / ETN,102,ARCA,25.19,0.4,0.1,3,135.1,0,42,C+,-,D,0
FLGV,Franklin Liberty USTrsBd,MISC,Finance-ETF / ETN,102,ARCA,23.51,0.2,0.04,0,-97.4,0,52,C+,-,D-,0
FLHK,Franklin Ftse Hong Kong,MISC,Finance-ETF / ETN,102,ARCA,25.03,0.6,0.15,1,-57.4,0,35,C+,-,C,0
FLHY,Franklin Liberty Hy Corp,MISC,Finance-ETF / ETN,102,BATS,25.63,0.1,0.02,25,-69.4,0,52,C+,-,C+,0
FLIA,Franklin Lib Intl Ag Bnd,MISC,Finance-ETF / ETN,102,BATS,24.23,0.1,0.02,1,-93,0,48,C+,-,E,0
FLIN,Franklin Ftse India Etf,MISC,Finance-ETF / ETN,102,ARCA,32.27,0.8,0.24,2,-80.4,0,81,C+,-,D+,0
FLIY,Franklin Ftse Italy ETF,MISC,Finance-ETF / ETN,102,ARCA,27.56,0.9,0.25,0,54.3,0,60,C+,-,D-,0
FLJH,Franklin Ftse Japan Hdg,MISC,Finance-ETF / ETN,102,ARCA,30.42,1.1,0.34,1,-69.4,0,55,C+,-,C,0
FLJP,Franklin Ftse Japan Etf,MISC,Finance-ETF / ETN,102,ARCA,28.61,1.5,0.43,93,-54.1,0,39,C+,-,E,0
FLKR,Franklin Ftse So Korea,MISC,Finance-ETF / ETN,102,ARCA,25.9,1,0.26,12,-33.2,0,26,C+,-,E,0
FLLA,Franklin Ftse Latin Amer,MISC,Finance-ETF / ETN,102,ARCA,21.74,-0.7,-0.16,7,401.8,0,52,C+,-,D+,0
FLLV,Franklin Lib US Lo Vl,MISC,Finance-ETF / ETN,102,ARCA,49.47,0.9,0.43,6,-49.7,0,77,C+,-,C,0
FLM,First Tr Glb Eng and Cns,MISC,Finance-ETF / ETN,102,ARCA,53.69,0.2,0.12,0,-85.3,0,55,C+,-,D+,0
FLMB,Franklin Liberty Fd TFBd,MISC,Finance-ETF / ETN,102,ARCA,26.33,0.2,0.06,4,-13.4,0,48,C+,-,E,0
FLMI,Franklin Dyn Mnc Bnd Etf,MISC,Finance-ETF / ETN,102,ARCA,26.05,0.2,0.05,11,-37.9,0,52,C+,-,E,0
FLMX,Franklin Ftse Mexico Etf,MISC,Finance-ETF / ETN,102,ARCA,24.2,-0.5,-0.12,2,-55.9,0,75,C+,-,B+,0
FLN,First Tr Latin Am Alpha,MISC,Finance-ETF / ETN,102,NASDAQ,17.89,-1,-0.17,3,179.7,0,65,C+,-,C,0
FLOT,Ishares Fltng Rate Bond,MISC,Finance-ETF / ETN,102,BATS,50.71,0,-0.01,952,-16,0,65,C+,-,D+,0
FLQD,Franklin Libq Glbl Div,MISC,Finance-ETF / ETN,102,ARCA,36.79,0.7,0.24,12,668.7,0,83,C+,-,B+,0
FLQE,Franklin Libq Emrg Mrkt,MISC,Finance-ETF / ETN,102,ARCA,30.31,-0.1,-0.02,0,-44.9,0,60,C+,-,B-,0
FLQG,Franklin Libertyq Glb Eq,MISC,Finance-ETF / ETN,102,ARCA,40.41,0,0,0,0,0,69,C+,-,E,0
FLQH,Franklin Libq Intl Eq Hd,MISC,Finance-ETF / ETN,102,ARCA,28.23,0.5,0.15,1,-43,0,69,C+,-,C+,0
FLQL,Franklin Libertyq US Eq,MISC,Finance-ETF / ETN,102,BATS,45.14,1.1,0.49,16,-75.7,0,79,C+,-,B,0
FLQM,Franklin Libertyq USMdCp,MISC,Finance-ETF / ETN,102,BATS,45.04,1.1,0.51,5,3,0,69,C+,-,B-,0
FLQS,Franklin Libertyq USSmCp,MISC,Finance-ETF / ETN,102,BATS,36.29,-0.8,-0.29,0,-83,0,48,C+,-,B-,0
FLRG,Fidelity US Multifactor,MISC,Finance-ETF / ETN,102,ARCA,26.46,0.7,0.18,3,-17.8,0,83,C+,-,D+,0
FLRN,Spdr Blom Inv Grd Fl Rt,MISC,Finance-ETF / ETN,102,ARCA,30.61,0.1,0.02,818,40.3,0,65,C+,-,A-,0
FLRT,Pacer PacificAssetFlRtHg,MISC,Finance-ETF / ETN,102,ARCA,48.76,0,0.01,5,-46.3,0,65,C+,-,D+,0
FLRU,Franklin Ftse Russia Etf,MISC,Finance-ETF / ETN,102,ARCA,28.09,0.5,0.13,1,-88.1,0,39,C+,-,D+,0
FLSA,Franklin Ftse Saudi Arab,MISC,Finance-ETF / ETN,102,ARCA,38.5,-0.5,-0.21,1,416.3,0,92,C+,-,B-,0
FLSP,Franklin Lib Syst Sty Pr,MISC,Finance-ETF / ETN,102,ARCA,21.71,1,0.21,0,-83,0,79,C+,-,C+,0
FLSW,Franklin FtseSwitzerland,MISC,Finance-ETF / ETN,102,ARCA,34.41,0.1,0.02,0,-87.2,0,77,C+,-,D+,0
FLTB,Fidelity Limited Term Bd,MISC,Finance-ETF / ETN,102,ARCA,51.24,0.1,0.03,17,-47.7,0,55,C+,-,D+,0
FLTN,Rareview Infl/Deflation,MISC,Finance-ETF / ETN,102,BATS,24.96,0,0,0,0,0,65,C+,-,-,0
FLTR,Vaneck Inv Grd Fl Rt Etf,MISC,Finance-ETF / ETN,102,ARCA,25.29,0,-0.01,311,8.6,0,65,C+,-,B-,0
FLTW,Franklin Ftse Taiwan Etf,MISC,Finance-ETF / ETN,102,ARCA,45.54,0.6,0.25,3,-62.9,0,79,C+,-,D+,0
FLUD,Franklin Lib Ultra Sh Bd,MISC,Finance-ETF / ETN,102,ARCA,24.7,0,0,0,0,0,60,C+,-,D,0
FLV,American Cen Focus LrgCp,MISC,Finance-ETF / ETN,102,BATS,61.2,0.6,0.36,5,-47.5,0,72,C+,-,C-,0
FLZA,Franklin Ftse SouthAfrca,MISC,Finance-ETF / ETN,102,ARCA,26.81,-1.3,-0.36,0,-90.8,0,81,C+,-,B-,0
FM,Ishare MSCI Frntir Sl Em,MISC,Finance-ETF / ETN,102,ARCA,33.93,-0.3,-0.11,177,161.8,0,77,C+,-,C+,0
FMAG,Fidelity Magellan Etf,MISC,Finance-ETF / ETN,102,BATS,23.02,1.6,0.36,10,-68.2,0,65,C+,-,E,0
FMAR,FT Cboe Vest US Eq Buffr,MISC,Finance-ETF / ETN,102,BATS,33.05,0.4,0.12,7,-68.2,0,77,C+,-,E,0
FMAT,Fidelity MSCI Materials,MISC,Finance-ETF / ETN,102,ARCA,47.79,0.4,0.19,63,-28.3,0,77,C+,-,B-,0
FMAY,Ft Cboe Vest USEq Bf-May,MISC,Finance-ETF / ETN,102,BATS,37.85,0.2,0.09,1,-76.5,0,77,C+,-,E,0
FMB,First Tr Managed Muni,MISC,Finance-ETF / ETN,102,NASDAQ,55.57,0.2,0.11,235,18.3,0,52,C+,-,E,0
FMF,First Tr Managed Futr,MISC,Finance-ETF / ETN,102,ARCA,45.52,-0.2,-0.09,9,20.4,0,44,C+,-,B-,0
FMHI,First Trust Muni Hi Inc,MISC,Finance-ETF / ETN,102,NASDAQ,54.58,0.2,0.13,96,84.3,0,55,C+,-,E,0
FMIL,Fidelity New Millennium,MISC,Finance-ETF / ETN,102,BATS,30.02,0.6,0.19,5,-63.9,0,79,C+,-,C-,0
FMNY,First Trust NY Mun Hg In,MISC,Finance-ETF / ETN,102,ARCA,29.24,0,0.01,1,-15.3,0,52,C+,-,E,0
FMQQ,Fmqq Next Fron Int&Ecomm,MISC,Finance-ETF / ETN,102,ARCA,17.56,-1.9,-0.34,8,-27.7,0,18,C+,-,C+,0
FNCL,Fidelity Msci Finls Idx,MISC,Finance-ETF / ETN,102,ARCA,56.69,0.5,0.28,111,-61,0,84,C+,-,B,0
FNDA,Schwab Fndt Us Sm Comp,MISC,Finance-ETF / ETN,102,ARCA,52.66,-0.3,-0.15,220,-11.8,0,69,C+,-,C+,0
FNDB,Schwab Fndt Us Broad Mkt,MISC,Finance-ETF / ETN,102,ARCA,58.03,0.9,0.51,13,-55.2,0,84,C+,-,D-,0
FNDC,Schwab Fndt Intl Sm Comp,MISC,Finance-ETF / ETN,102,ARCA,36.54,0.9,0.31,167,-42.2,0,42,C+,-,E,0
FNDE,Schwab Fndt Emg Mkts Lg,MISC,Finance-ETF / ETN,102,ARCA,32.34,0,0,735,-32.7,0,75,C+,-,C,0
FNDF,Schwab Fndt Intl Lg Comp,MISC,Finance-ETF / ETN,102,ARCA,33.47,0.7,0.25,1246,41,0,72,C+,-,D,0
FNDX,Schwab Fndt Us Lg Comp,MISC,Finance-ETF / ETN,102,ARCA,58.87,0.9,0.5,385,-41.4,0,84,C+,-,D-,0
FNGD,Bmo REX Misec FANG 3xInv,MISC,Finance-ETF / ETN,102,ARCA,44.75,0.7,0.31,602,-8,0,35,C+,-,B+,0
FNGG,Direxion DySl Fang Bul2X,MISC,Finance-ETF / ETN,102,ARCA,15.08,-4,-0.63,65,171.4,0,12,C+,-,C+,0
FNGO,Microsec FANG+ Ind 2XLev,MISC,Finance-ETF / ETN,102,ARCA,40.97,0.5,0.21,41,-1.3,0,32,C+,-,D-,0
FNGS,Microsectors FANG+ Etn,MISC,Finance-ETF / ETN,102,ARCA,30.19,0.1,0.02,60,82,0,48,C+,-,B-,0
FNGU,BMO REX MicroSec 3X Lev,MISC,Finance-ETF / ETN,102,ARCA,29.07,-0.3,-0.09,6724,84.7,0,23,C+,-,E,0
FNI,First Trust Chindia Etf,MISC,Finance-ETF / ETN,102,ARCA,45.69,-0.9,-0.43,5,-28.9,0,23,C+,-,C+,0
FNK,First Tr Md Cp Val Alpha,MISC,Finance-ETF / ETN,102,NASDAQ,46.41,0.1,0.03,160,166.5,0,81,C+,-,A-,0
FNOV,FT Cboe Vest US Eq Bfr,MISC,Finance-ETF / ETN,102,BATS,38.11,0.6,0.21,19,-79.9,0,69,C+,-,D,0
FNTC,Direxion DlyFinTechBul2x,MISC,Finance-ETF / ETN,102,ARCA,25.61,-5.7,-1.56,4,107.7,0,89,C+,-,-,0
FNX,First Tr Md Cp Core Alph,MISC,Finance-ETF / ETN,102,NASDAQ,97.63,0.2,0.18,78,142.8,0,60,C+,-,C+,0
FNY,First Tr Md Cp Grw Alpha,MISC,Finance-ETF / ETN,102,NASDAQ,66.23,-0.2,-0.12,108,178,0,33,C+,-,C+,0
FOCT,Ft Cboe Vest US EqBfrOct,MISC,Finance-ETF / ETN,102,BATS,35.12,0.5,0.17,5,-78.2,0,75,C+,-,D-,0
FOMO,Fear of Missing Out Etf,MISC,Finance-ETF / ETN,102,BATS,21.55,0.2,0.05,0,-95.2,0,27,C+,-,D+,0
FORH,Formidable ETF,MISC,Finance-ETF / ETN,102,ARCA,24.58,-0.4,-0.1,0,-26.5,0,55,C+,-,A+,0
FOVL,Ishares Focused Val Fact,MISC,Finance-ETF / ETN,102,ARCA,59.69,0.8,0.49,3,-83.4,0,86,C+,-,B+,0
FPA,First Tr Asia Pac Ex-Jpn,MISC,Finance-ETF / ETN,102,NASDAQ,29.82,2.1,0.6,0,-94.9,0,29,C+,-,E,0
FPAG,Fpa Global Equity ETF,MISC,Finance-ETF / ETN,102,BATS,25.69,0.5,0.13,70,469.6,0,77,C+,-,-,0
FPE,First Tr Pref Sec & Inc,MISC,Finance-ETF / ETN,102,ARCA,19.88,-0.1,-0.03,1146,-32.4,0,52,C+,-,D,0
FPEI,First Tr Inst Pref Sec,MISC,Finance-ETF / ETN,102,ARCA,20.13,0,0,356,99.8,0,55,C+,-,D,0
FPFD,Fidelity Pref Sec & Incm,MISC,Finance-ETF / ETN,102,BATS,24.22,-0.1,-0.02,2,-85.5,0,48,C+,-,C+,0
FPRO,Fidelity Real Estate Inv,MISC,Finance-ETF / ETN,102,BATS,25.34,1.3,0.33,6,-31.5,0,81,C+,-,E,0
FPX,First Tr Us Equity Opp,MISC,Finance-ETF / ETN,102,ARCA,107.04,-1.1,-1.2,107,1.1,0,28,C+,-,E,0
FPXE,First Tr Ipox Er Opp,MISC,Finance-ETF / ETN,102,NASDAQ,27.41,0,0,0,0,0,30,C+,-,D+,0
FPXI,First Tr Intl Equity Op,MISC,Finance-ETF / ETN,102,NASDAQ,52.39,0.1,0.07,139,-33.9,0,22,C+,-,E,0
FQAL,Fidelity Quality Factor,MISC,Finance-ETF / ETN,102,ARCA,53.65,1.5,0.81,23,-49.4,0,81,C+,-,D+,0
FRDM,Alpha Architect Frdm 100,MISC,Finance-ETF / ETN,102,BATS,33.76,0.3,0.11,18,-40.7,0,69,C+,-,D-,0
FREL,Fidelity Msci Real Est,MISC,Finance-ETF / ETN,102,ARCA,32.14,1.3,0.41,469,-13.6,0,77,C+,-,E,0
FRI,First Tr S&P Reit Index,MISC,Finance-ETF / ETN,102,ARCA,30.6,1.4,0.43,37,-71,0,83,C+,-,D-,0
FRLG,Large Cap Gr Idx-LnkdETN,MISC,Finance-ETF / ETN,102,ARCA,310.36,1.4,4.22,0,27.1,0,75,C+,-,D-,0
FRNW,Fidelity Clean Energy,MISC,Finance-ETF / ETN,102,BATS,21.45,-0.2,-0.05,13,-25.8,0,24,C+,-,C+,0
FRTY,Alger Mid Cap 40 Etf,MISC,Finance-ETF / ETN,102,ARCA,17.79,-0.1,-0.01,10,-61.4,0,25,C+,-,E,0
FSEC,Fidelity Inv Grd Secrtzd,MISC,Finance-ETF / ETN,102,ARCA,48.47,0.1,0.04,0,65.3,0,52,C+,-,C,0
FSEP,FT Cboe Vest US EqBfrSep,MISC,Finance-ETF / ETN,102,BATS,35.47,0.6,0.22,34,66.2,0,75,C+,-,E,0
FSIG,First Tr Ltd Dur Inv Grd,MISC,Finance-ETF / ETN,102,ARCA,19.8,0.2,0.03,0,-96.6,0,60,C+,-,E,0
FSMB,First Trust ShDurMngdMun,MISC,Finance-ETF / ETN,102,ARCA,20.51,0,0,41,-56.9,0,55,C+,-,B+,0
FSMD,Fidelity Small-Mid Multi,MISC,Finance-ETF / ETN,102,ARCA,34.16,0.2,0.08,9,-45,0,69,C+,-,B-,0
FSMO,Fidelity Small-Mid CpOpp,MISC,Finance-ETF / ETN,102,BATS,22.97,0,0,3,-68,0,65,C+,-,C,0
FSST,Fidelity Sust US Eqty,MISC,Finance-ETF / ETN,102,ARCA,21.2,0,0,1,-60.9,0,65,C+,-,C-,0
FSTA,Fidelity Msci Cons Stpls,MISC,Finance-ETF / ETN,102,ARCA,46.23,1.1,0.51,170,38.2,0,84,C+,-,D-,0
FSZ,First Tr Sz AlphaDex,MISC,Finance-ETF / ETN,102,ARCA,68.05,0.2,0.13,1,-73.1,0,69,C+,-,B,0
FTA,First Tr Lg Cp Val Alpha,MISC,Finance-ETF / ETN,102,NASDAQ,70.82,1,0.67,62,-18.3,0,84,C+,-,C+,0
FTAG,First Tr Index Glbl Agri,MISC,Finance-ETF / ETN,102,NASDAQ,31.51,0.2,0.08,46,2462.2,0,79,C+,-,A,0
FTC,First Tr Lg Cp Grw Alpha,MISC,Finance-ETF / ETN,102,NASDAQ,107.69,1,1.08,31,-46.9,0,48,C+,-,E,0
FTCS,First Tr Cap Strength,MISC,Finance-ETF / ETN,102,NASDAQ,79.51,1,0.83,418,-8.6,0,77,C+,-,E,0
FTEC,Fidelity Msci Info Tech,MISC,Finance-ETF / ETN,102,ARCA,125.88,0.4,0.54,285,-17,0,81,C+,-,E,0
FTGC,First Tr Gl Tact Cm Strg,MISC,Finance-ETF / ETN,102,NASDAQ,25.23,0.6,0.15,1388,98.2,0,90,C+,-,B-,0
FTHI,First Trust BuyWrite Inc,MISC,Finance-ETF / ETN,102,NASDAQ,22.4,1,0.23,0,-81.6,0,75,C+,-,C+,0
FTLB,First Tr Hdg BuyWrite In,MISC,Finance-ETF / ETN,102,NASDAQ,21.91,1.6,0.33,0,-95.9,0,69,C+,-,B-,0
FTLS,First Tr Long/Short Eqty,MISC,Finance-ETF / ETN,102,ARCA,51.04,0.1,0.06,52,25.1,0,79,C+,-,C+,0
FTRI,First Tr Indx Glb Nat Rs,MISC,Finance-ETF / ETN,102,NASDAQ,15.09,1,0.15,142,610.2,0,89,C+,-,B+,0
FTSD,Franklin Lib Shrt Dur US,MISC,Finance-ETF / ETN,102,ARCA,93.44,0,0,5,-81.9,0,55,C+,-,D+,0
FTSL,First Trust Sn Ln Fd ETF,MISC,Finance-ETF / ETN,102,NASDAQ,47.86,0,0.02,765,19.7,0,65,C+,-,D-,0
FTSM,First Tr Enh Shrt Maturt,MISC,Finance-ETF / ETN,102,NASDAQ,59.75,0,-0.02,893,20.3,0,65,C+,-,B+,0
FTXG,First Tr Nasdaq Food&Bev,MISC,Finance-ETF / ETN,102,NASDAQ,26.65,0.9,0.24,4,34.7,0,79,C+,-,C+,0
FTXH,First Tr Nasdaq Pharma,MISC,Finance-ETF / ETN,102,NASDAQ,26.03,0.5,0.13,23,768.9,0,55,C+,-,E,0
FTXL,First Tr Nasdaq Semicond,MISC,Finance-ETF / ETN,102,NASDAQ,72.4,2,1.44,31,83,0,79,C+,-,E,0
FTXN,First Tr Nasdaq O&G Etf,MISC,Finance-ETF / ETN,102,NASDAQ,23.04,0.7,0.16,168,-61.9,0,97,C+,-,B+,0
FTXO,First Tr Nasdaq Bank Etf,MISC,Finance-ETF / ETN,102,NASDAQ,34.73,0.1,0.02,287,126.9,0,87,C+,-,B,0
FTXR,First Tr Nasdaq Transprt,MISC,Finance-ETF / ETN,102,NASDAQ,32.88,-0.1,-0.04,91,-18.7,0,65,C+,-,E,0
FUE,Elements Ice Bofaml Bio,MISC,Finance-ETF / ETN,102,ARCA,11.14,1.7,0.19,2,-20.1,0,85,C+,-,B+,0
FUMB,First Trust Ul Sh DurMun,MISC,Finance-ETF / ETN,102,ARCA,20.08,0.1,0.01,47,-19.1,0,60,C+,-,E,0
FUNL,Cornercap Fundametric Lg,MISC,Finance-ETF / ETN,102,BATS,35.63,0.7,0.23,14,180.8,0,81,C+,-,B-,0
FUT,Proshrs Managed Futr Str,MISC,Finance-ETF / ETN,102,BATS,38.91,-0.3,-0.11,0,10.2,0,44,C+,-,D,0
FUTY,Fidelity Msci Utilities,MISC,Finance-ETF / ETN,102,ARCA,44.77,1.3,0.58,166,-9.1,0,75,C+,-,B-,0
FV,First Tr Dorsey Wright,MISC,Finance-ETF / ETN,102,NASDAQ,48.28,0.4,0.2,298,65.4,0,72,C+,-,B+,0
FVAL,Fidelity Value Factor,MISC,Finance-ETF / ETN,102,ARCA,51.99,1,0.54,103,-15,0,84,C+,-,C-,0
FVC,First Tr Dor Wr Dyn Foc,MISC,Finance-ETF / ETN,102,NASDAQ,36.93,0.2,0.07,13,71.5,0,72,C+,-,C,0
FVD,First Tr Value Line Div,MISC,Finance-ETF / ETN,102,ARCA,42.24,0.9,0.39,1288,-1,0,81,C+,-,D,0
FXA,Invesco Currsh AusDollar,MISC,Finance-ETF / ETN,102,ARCA,70.86,0.3,0.18,4,-65.8,0,44,C+,-,C,0
FXB,Invesco Currsh BritPound,MISC,Finance-ETF / ETN,102,ARCA,130.68,0.5,0.6,31,290.7,0,55,C+,-,B,0
FXC,Invesco CurrshrsCanadian,MISC,Finance-ETF / ETN,102,ARCA,77.37,0.2,0.19,12,-78.7,0,55,C+,-,B,0
FXD,First Tr Consm Disc Alph,MISC,Finance-ETF / ETN,102,ARCA,57.99,-0.2,-0.11,312,104.3,0,52,C+,-,B-,0
FXE,Invesco CurrencyshrsEuro,MISC,Finance-ETF / ETN,102,ARCA,105.05,0.4,0.38,107,129.5,0,44,C+,-,C-,0
FXF,Invesco CurrshSwissFranc,MISC,Finance-ETF / ETN,102,ARCA,97.98,0.3,0.34,10,-54.2,0,55,C+,-,B-,0
FXG,First Tr Consm Stpl Alph,MISC,Finance-ETF / ETN,102,ARCA,62.51,0.8,0.52,77,87.7,0,85,C+,-,A-,0
FXH,First Tr Health Cre Alph,MISC,Finance-ETF / ETN,102,ARCA,112.34,1,1.13,25,-43.3,0,42,C+,-,E,0
FXI,Ishares China Large-Cap,MISC,Finance-ETF / ETN,102,ARCA,37.9,-0.8,-0.3,21343,-22.9,0,32,C+,-,B+,0
FXL,First Tr Technlgy Alphdx,MISC,Finance-ETF / ETN,102,ARCA,119.32,0.7,0.82,334,128,0,44,C+,-,D,0
FXN,First Tr Energy Alphdx,MISC,Finance-ETF / ETN,102,ARCA,13.88,0.4,0.05,784,-6,0,96,C+,-,B+,0
FXO,First Tr Financial Alpha,MISC,Finance-ETF / ETN,102,ARCA,46.99,0.6,0.28,289,-26.2,0,83,C+,-,B-,0
FXP,Proshrs Ultsht Ftse C 50,MISC,Finance-ETF / ETN,102,ARCA,36.5,1.2,0.45,3,-75.8,0,87,C+,-,C,0
FXR,First Tr Ind Prd Dur Alp,MISC,Finance-ETF / ETN,102,ARCA,58.46,0.3,0.16,578,263.4,0,65,C+,-,D-,0
FXU,First Tr Utilities Alpha,MISC,Finance-ETF / ETN,102,ARCA,32.23,1.3,0.42,21,-49.9,0,79,C+,-,D,0
FXY,Invesco CurrshrsJapanYen,MISC,Finance-ETF / ETN,102,ARCA,81.97,0.3,0.22,8,-81.1,0,48,C+,-,C-,0
FXZ,First Tr Material Alphdx,MISC,Finance-ETF / ETN,102,ARCA,61.22,1,0.63,77,-7.2,0,81,C+,-,B-,0
FYC,First Tr Sm Cp Grw Alpha,MISC,Finance-ETF / ETN,102,NASDAQ,66.12,-0.9,-0.63,117,169.2,0,37,C+,-,B-,0
FYLD,Cambria Foreign Shr Yld,MISC,Finance-ETF / ETN,102,BATS,28.07,1,0.27,6,-44,0,75,C+,-,B,0
FYT,First Tr Sm Cp Val Alpha,MISC,Finance-ETF / ETN,102,NASDAQ,51.35,-0.5,-0.24,29,-12.7,0,75,C+,-,C,0
FYX,First Tr Sm Cp Core Alph,MISC,Finance-ETF / ETN,102,NASDAQ,90.58,-0.4,-0.34,67,36.6,0,60,C+,-,D,0
GAA,Cambria Global Asset All,MISC,Finance-ETF / ETN,102,BATS,30.74,0.7,0.21,0,-78,0,52,C+,-,D-,0
GAL,Spdr Ssga Global All,MISC,Finance-ETF / ETN,102,ARCA,45,0.6,0.26,17,32.1,0,52,C+,-,C+,0
GAMR,Wedbush Etfmg Video Game,MISC,Finance-ETF / ETN,102,ARCA,80.33,-0.1,-0.1,5,-27.5,0,31,C+,-,E,0
GAST,Gabelli Asset Etf,MISC,Finance-ETF / ETN,102,ARCA,23.52,0.2,0.04,0,230.6,0,35,C+,-,-,0
GAZ,Ipath Sr B Blom NatGs Tr,MISC,Finance-ETF / ETN,102,ARCA,28.51,10.6,2.74,35,157,0,94,C+,-,B,0
GBDV,Global Beta Smart Income,MISC,Finance-ETF / ETN,102,ARCA,22.74,0.2,0.04,0,-59.9,0,85,C+,-,A-,0
GBF,Ishares Govt/Cred Bond,MISC,Finance-ETF / ETN,102,ARCA,118.73,0.1,0.14,24,94.7,0,52,C+,-,E,0
GBGR,Global Beta Rising Stars,MISC,Finance-ETF / ETN,102,ARCA,20.89,-2,-0.43,0,-63.3,0,31,C+,-,C-,0
GBIL,Goldman Sachs ACTr 0-1Yr,MISC,Finance-ETF / ETN,102,ARCA,100,0,0.01,207,-9.4,0,65,C+,-,D+,0
GBLD,Invesco Msci Green Bldg,MISC,Finance-ETF / ETN,102,ARCA,22.77,0.2,0.04,0,-74.1,0,39,C+,-,C,0
GBLO,Global Beta Low Beta Etf,MISC,Finance-ETF / ETN,102,ARCA,25.35,-0.1,-0.02,3,575.2,0,83,C+,-,B,0
GBUG,Pacer Ipath Gold Etn,MISC,Finance-ETF / ETN,102,ARCA,29.3,0,0,0,0,0,65,C+,-,B,0
GBUY,Goldman Sachs Futr Cn Eq,MISC,Finance-ETF / ETN,102,ARCA,33.99,-0.5,-0.17,2,-62.2,0,29,C+,-,C+,0
GCC,Wisdomtree Enh Cmd Strgy,MISC,Finance-ETF / ETN,102,ARCA,22,0.2,0.04,25,-79.1,0,77,C+,-,B,0
GCIG,Genuine Investors ETF,MISC,Finance-ETF / ETN,102,ARCA,25.21,0.6,0.14,0,-98.2,0,69,C+,-,-,0
GCOR,Goldman Sachs Ac USAggBd,MISC,Finance-ETF / ETN,102,ARCA,47.59,0.1,0.05,33,40,0,52,C+,-,C+,0
GCOW,Pacer Glbl Cash Cows Div,MISC,Finance-ETF / ETN,102,BATS,33.38,0.2,0.08,55,50.9,0,85,C+,-,C+,0
GDMA,Gadsden Dyn Multi-Asset,MISC,Finance-ETF / ETN,102,ARCA,31.77,0.3,0.09,8,6.5,0,60,C+,-,C-,0
GDMN,WisdomTrEffGdPlGdMnStrFd,MISC,Finance-ETF / ETN,102,BATS,26.1,1.6,0.4,1,-43.1,0,60,C+,-,-,0
GDOC,Goldman Sachs FtHlthCrEq,MISC,Finance-ETF / ETN,102,ARCA,33.17,0.4,0.14,1,-88.5,0,28,C+,-,C+,0
GDX,Vaneck Gold Miners Etf,MISC,Finance-ETF / ETN,102,ARCA,30.69,0.5,0.16,13300,-23.8,0,35,C+,-,E,0
GDXD,Micsec Gold Mnrs3XInvLev,MISC,Finance-ETF / ETN,102,ARCA,18.89,-2.8,-0.55,23,-50.3,0,48,C+,-,C+,0
GDXJ,Vaneck Jr Gld Miners Etf,MISC,Finance-ETF / ETN,102,ARCA,38.74,-0.4,-0.15,3882,-26.9,0,28,C+,-,E,0
GDXU,Microsectors GldMnr3XLev,MISC,Finance-ETF / ETN,102,ARCA,9.31,0.8,0.07,321,-32.1,0,14,C+,-,C+,0
GEM,Goldman Sachs Act Em Mkt,MISC,Finance-ETF / ETN,102,ARCA,36.77,0,0.01,106,-36.3,0,44,C+,-,C-,0
GENY,Principal MillennialsEtf,MISC,Finance-ETF / ETN,102,NASDAQ,53.52,-0.5,-0.29,25,10.6,0,28,C+,-,E,0
GERM,Etfmg Tmt Test & Advance,MISC,Finance-ETF / ETN,102,ARCA,28.27,-1.2,-0.35,8,-28.2,0,19,C+,-,E,0
GFGF,Guru Favorite Stocks Etf,MISC,Finance-ETF / ETN,102,NASDAQ,24.49,1,0.23,3,-92.8,0,55,C+,-,-,0
GGRW,Gabelli Growth Innovatrs,MISC,Finance-ETF / ETN,102,ARCA,23.36,0,0,0,0,0,32,C+,-,C,0
GHTA,Goose Hollow Tact Alloc,MISC,Finance-ETF / ETN,102,BATS,24.8,0,0,0,-92.7,0,69,C+,-,C+,0
GHYB,Goldman Sachs Ac Hy Cpbd,MISC,Finance-ETF / ETN,102,ARCA,48.4,0.1,0.07,16,17.7,0,52,C+,-,E,0
GHYG,IShares US Int Hi Yl Crp,MISC,Finance-ETF / ETN,102,BATS,48.04,0.6,0.27,8,-74.5,0,44,C+,-,E,0
GIGB,Goldman Sachs Ac Inv Grd,MISC,Finance-ETF / ETN,102,ARCA,52.35,0.1,0.04,54,28.4,0,48,C+,-,E,0
GIGE,Sofi Gig Economy Etf,MISC,Finance-ETF / ETN,102,NASDAQ,24.3,-3.8,-0.95,6,-27.6,0,17,C+,-,E,0
GII,Spdr S&P Gbl Infrastruct,MISC,Finance-ETF / ETN,102,ARCA,54.72,0.8,0.43,32,20.8,0,72,C+,-,C,0
GINN,Goldman Sachs Innov Eqty,MISC,Finance-ETF / ETN,102,ARCA,55.93,0,0.02,30,76.1,0,35,C+,-,C+,0
GK,Advisorshares Grbr Kawsk,MISC,Finance-ETF / ETN,102,ARCA,23.02,-0.9,-0.21,13,-30.3,0,31,C+,-,E,0
GLCN,Vaneck China Grwth Ldrs,MISC,Finance-ETF / ETN,102,ARCA,34.55,-0.3,-0.09,1,-21.9,0,24,C+,-,E,0
GLD,Spdr Gold Shares Etf,MISC,Finance-ETF / ETN,102,ARCA,168.59,0.2,0.36,7131,-4,0,65,C+,-,D-,0
GLDB,Strategy Shares Gold Hdg,MISC,Finance-ETF / ETN,102,BATS,23.11,0.2,0.04,0,-31.1,0,42,C+,-,C+,0
GLDI,Credit Suisse Xlnk Gd Sh,MISC,Finance-ETF / ETN,102,NASDAQ,8.38,0.3,0.03,66,-51.3,0,44,C+,-,C-,0
GLDM,Spdr Gold Minishrs Trust,MISC,Finance-ETF / ETN,102,ARCA,17.95,0.3,0.06,2071,-30,0,65,C+,-,A-,0
GLDX,USCF Gold Str Pls Inc Fd,MISC,Finance-ETF / ETN,102,ARCA,25.07,0,0,0,0,0,69,C+,-,C+,0
GLIF,Agfiq Glb Infrastructure,MISC,Finance-ETF / ETN,102,ARCA,27.81,0.6,0.16,2,112.5,0,75,C+,-,D+,0
GLIN,Vaneck India Grwth Ldrs,MISC,Finance-ETF / ETN,102,ARCA,40.55,0.3,0.13,0,-93.5,0,81,C+,-,D,0
GLL,Proshrs Ultsht Gold,MISC,Finance-ETF / ETN,102,ARCA,32.37,-0.5,-0.16,45,-1.6,0,52,C+,-,B-,0
GLRY,Inspire Fthwrd MidCpMom,MISC,Finance-ETF / ETN,102,ARCA,25.95,-1.5,-0.41,0,-97.7,0,28,C+,-,C,0
GLTR,Aberdeen Std Phy PrcsMtl,MISC,Finance-ETF / ETN,102,ARCA,91.13,0.3,0.23,20,-56.3,0,52,C+,-,D+,0
GMET,Vaneck Green Metals Etf,MISC,Finance-ETF / ETN,102,ARCA,34.23,-0.1,-0.04,5,-71.6,0,55,C+,-,D-,0
GMF,Spdr S&P Emg Asia Pac,MISC,Finance-ETF / ETN,102,ARCA,121.14,0,0.01,12,-50.5,0,42,C+,-,D,0
GMOM,Cambria Global Momentum,MISC,Finance-ETF / ETN,102,BATS,30.63,0.3,0.1,7,63.1,0,75,C+,-,C,0
GNMA,Ishares Gnma Bond Etf,MISC,Finance-ETF / ETN,102,NASDAQ,49.11,0.2,0.08,46,-22,0,55,C+,-,B-,0
GNOM,Global X Genomics & Biot,MISC,Finance-ETF / ETN,102,NASDAQ,16.12,-2.5,-0.41,278,128.3,0,19,C+,-,C+,0
GNR,Spdr S&P Gbl Natural Res,MISC,Finance-ETF / ETN,102,ARCA,57.81,0.5,0.27,677,237.7,0,87,C+,-,A-,0
GOAU,US Glbl GO Gold&Precious,MISC,Finance-ETF / ETN,102,ARCA,17.36,0.1,0.01,13,-55,0,37,C+,-,B-,0
GOEX,Global X Gold Explorers,MISC,Finance-ETF / ETN,102,ARCA,27.39,0.1,0.02,1,-75.5,0,32,C+,-,C+,0
GOVT,Ishares US Treasury Bond,MISC,Finance-ETF / ETN,102,BATS,25.96,0.2,0.05,3348,-36.4,0,52,C+,-,C,0
GOVZ,Ishares 25+ Yr Tr StrpBd,MISC,Finance-ETF / ETN,102,BATS,21,0.3,0.07,10,-83.7,0,52,C+,-,D-,0
GPAL,G S Act ParisAlgnd US Lg,MISC,Finance-ETF / ETN,102,BATS,36.49,0,0,0,0,0,35,C+,-,-,0
GQRE,Flexshr Glb Qlt Real Est,MISC,Finance-ETF / ETN,102,ARCA,70.31,1.7,1.16,3,-72.3,0,77,C+,-,D+,0
GREI,Goldman SachsFtRlEs&Infr,MISC,Finance-ETF / ETN,102,ARCA,38.98,0.7,0.29,14,133.6,0,52,C+,-,C+,0
GREK,Global X Msci Greece Etf,MISC,Finance-ETF / ETN,102,ARCA,29.08,1,0.3,34,-23.2,0,81,C+,-,B-,0
GRES,Indexiq Global Resources,MISC,Finance-ETF / ETN,102,ARCA,32.36,0.6,0.19,2,-38.9,0,88,C+,-,C,0
GRID,First Tr Ndq Cl Smrt Grd,MISC,Finance-ETF / ETN,102,NASDAQ,93.73,0.6,0.52,53,-20.3,0,55,C+,-,E,0
GRN,Ipath Series B Carbon,MISC,Finance-ETF / ETN,102,ARCA,37.03,5.1,1.8,157,58.9,0,99,C+,-,B+,0
GRNB,Vaneck Green Bond Etf,MISC,Finance-ETF / ETN,102,ARCA,26.12,0.1,0.02,10,-12.9,0,48,C+,-,E,0
GRU,Elements Ice Bofaml Gra,MISC,Finance-ETF / ETN,102,ARCA,4.87,-1.3,-0.06,6,-55.5,0,86,C+,-,B,0
GRZZ,Grizzle Growth Etf,MISC,Finance-ETF / ETN,102,ARCA,23.52,0,0,0,0,0,37,C+,-,-,0
GSEE,Goldman Sachs Mk Eg MkEq,MISC,Finance-ETF / ETN,102,BATS,50.69,0,0,0,0,0,35,C+,-,B,0
GSEU,Goldman Sachs Act Eur Eq,MISC,Finance-ETF / ETN,102,ARCA,36.49,0.4,0.15,0,-64.7,0,65,C+,-,C+,0
GSEW,Goldman Sachs Equal Wgt,MISC,Finance-ETF / ETN,102,BATS,67.73,0.4,0.27,38,-46,0,69,C+,-,B-,0
GSFP,Goldman Sachs FutrPlntEq,MISC,Finance-ETF / ETN,102,ARCA,36.18,0.4,0.13,9,-58.9,0,31,C+,-,C+,0
GSG,Ishares S&P Gsci Cmd-Idx,MISC,Finance-ETF / ETN,102,ARCA,19.32,0.3,0.06,2751,49.9,0,93,C+,-,A-,0
GSID,Goldman Sachs Mkt IntlEq,MISC,Finance-ETF / ETN,102,BATS,55.44,1,0.52,0,-93.1,0,52,C+,-,E,0
GSIE,Goldman Sachs Act Int Eq,MISC,Finance-ETF / ETN,102,ARCA,34.36,1,0.35,637,-12.4,0,55,C+,-,E,0
GSIG,Goldman Sachs AcInv Grd,MISC,Finance-ETF / ETN,102,ARCA,48.98,0.1,0.04,0,-95.2,0,55,C+,-,B-,0
GSJY,Goldman Sachs Act Jpn Eq,MISC,Finance-ETF / ETN,102,ARCA,35.74,1.4,0.5,0,-78,0,39,C+,-,E,0
GSLC,Goldman Sachs Act US Lrg,MISC,Finance-ETF / ETN,102,ARCA,90.88,1.1,0.96,400,-3.9,0,77,C+,-,E,0
GSP,Ipath S&P Gsci Tot Rtrn,MISC,Finance-ETF / ETN,102,ARCA,19.25,0.7,0.13,29,142.9,0,95,C+,-,A,0
GSPY,Gotham Enhanced 500 ETF,MISC,Finance-ETF / ETN,102,ARCA,24.76,0.8,0.2,0,-99.3,0,81,C+,-,B,0
GSSC,Goldman Sachs Act US Sml,MISC,Finance-ETF / ETN,102,ARCA,61.27,-0.9,-0.58,32,-14.8,0,48,C+,-,C+,0
GSST,Goldman Sachs AccUlShBd,MISC,Finance-ETF / ETN,102,BATS,50.45,0,0.01,543,560.6,0,60,C+,-,E,0
GSUS,Goldman Sachs Mkt US Eq,MISC,Finance-ETF / ETN,102,BATS,62.97,0.8,0.52,8,-29.8,0,77,C+,-,E,0
GSY,Invesco Ultra ShtDur,MISC,Finance-ETF / ETN,102,ARCA,50.15,0,0.01,1074,137.5,0,60,C+,-,A+,0
GTEK,Goldman Sachs FtTechLdEq,MISC,Finance-ETF / ETN,102,ARCA,33.47,-1.4,-0.47,61,-51.3,0,26,C+,-,C,0
GTIP,Gs Access Inf Pro USD Bd,MISC,Finance-ETF / ETN,102,BATS,56.79,0.1,0.07,25,-27.6,0,55,C+,-,C,0
GTO,Invesco Total RetnBd,MISC,Finance-ETF / ETN,102,ARCA,55.02,0.2,0.1,543,242.8,0,48,C+,-,E,0
GTR,Wisdomtree Target Rng Fd,MISC,Finance-ETF / ETN,102,NASDAQ,24.78,0.8,0.19,0,-96,0,48,C+,-,E,0
GUNR,Flexshr Glb Upstr Natres,MISC,Finance-ETF / ETN,102,ARCA,42.58,0.7,0.28,1134,-24.9,0,89,C+,-,D+,0
GURU,Global X Guru Index Etf,MISC,Finance-ETF / ETN,102,ARCA,43.26,-1.1,-0.46,1,-40.7,0,35,C+,-,D-,0
GUSH,Direxion S&P O&G Bull 2X,MISC,Finance-ETF / ETN,102,ARCA,117.53,1.5,1.68,1840,10.5,0,98,C+,-,C-,0
GVAL,Cambria Global Value Etf,MISC,Finance-ETF / ETN,102,BATS,23.68,0.8,0.19,10,-30.4,0,72,C+,-,B,0
GVI,Ishares Inter Gov/Crd Bd,MISC,Finance-ETF / ETN,102,BATS,112.24,0.1,0.11,1725,1053.8,0,52,C+,-,D,0
GVIP,Goldman Sachs Hd Ind Vip,MISC,Finance-ETF / ETN,102,ARCA,94.64,-0.4,-0.35,4,-45.5,0,48,C+,-,E,0
GWX,SPDR S&P Intl Small Cap,MISC,Finance-ETF / ETN,102,ARCA,35.82,1,0.35,96,4.1,0,37,C+,-,D,0
GXC,Spdr S&P China,MISC,Finance-ETF / ETN,102,ARCA,102.95,-0.4,-0.42,50,-67.1,0,28,C+,-,C-,0
GXG,Global X Msci Colombia,MISC,Finance-ETF / ETN,102,ARCA,31.21,-0.5,-0.15,2,-86.8,0,86,C+,-,B-,0
GXTG,Global X Thematic Growth,MISC,Finance-ETF / ETN,102,NASDAQ,38.78,-1.1,-0.42,15,-47.8,0,22,C+,-,C+,0
GYLD,Arrow DJ Global Yield,MISC,Finance-ETF / ETN,102,ARCA,14.94,0.6,0.09,3,-38.4,0,72,C+,-,D+,0
HACK,Etf M G Prime Cyber Sec,MISC,Finance-ETF / ETN,102,ARCA,55.04,-1.2,-0.68,146,-18.7,0,33,C+,-,D,0
HAIL,Spdr S&P Kensho Smrt Mob,MISC,Finance-ETF / ETN,102,ARCA,47.64,-2,-0.98,33,7,0,24,C+,-,E,0
HAP,Vaneck Natural Resources,MISC,Finance-ETF / ETN,102,ARCA,49.66,0.5,0.23,12,-3.8,0,85,C+,-,C,0
HART,IQ Healthy Hearts ETF,MISC,Finance-ETF / ETN,102,ARCA,27.88,0.4,0.12,0,46.9,0,65,C+,-,C+,0
HAUZ,XIntl Real Estate,MISC,Finance-ETF / ETN,102,ARCA,27.33,0.7,0.2,57,-24.1,0,52,C+,-,D-,0
HAWX,Ishares Cur Msci ex US,MISC,Finance-ETF / ETN,102,ARCA,32.11,0.4,0.12,5,-71.8,0,60,C+,-,B-,0
HCOM,Hartford Schrdrs Cmd Std,MISC,Finance-ETF / ETN,102,ARCA,22.06,0.8,0.17,1,120.4,0,79,C+,-,B,0
HCRB,Hartford Core Bond Etf,MISC,Finance-ETF / ETN,102,BATS,39.81,0.2,0.1,1,-94.2,0,48,C+,-,E,0
HDAW,X Msci All Wrld UsDivYld,MISC,Finance-ETF / ETN,102,ARCA,25.94,0.3,0.07,2,-0.8,0,75,C+,-,B-,0
HDEF,X Msci Eafe Hi DivYld Eq,MISC,Finance-ETF / ETN,102,ARCA,24.45,0.6,0.14,237,17.3,0,72,C+,-,C-,0
HDG,Proshrs Hdge Replication,MISC,Finance-ETF / ETN,102,ARCA,50.1,0,-0.01,3,-25.8,0,48,C+,-,D-,0
HDGE,RangerEqBear,MISC,Finance-ETF / ETN,102,ARCA,25.5,0.9,0.23,100,-8.2,0,69,C+,-,D+,0
HDIV,Qraft AI-Enh US High Div,MISC,Finance-ETF / ETN,102,ARCA,31.76,0.6,0.2,5,244.8,0,77,C+,-,B-,0
HDLB,Etracs M2xLev US HgDv LV,MISC,Finance-ETF / ETN,102,ARCA,16.75,0.6,0.1,2,-83.9,0,89,C+,-,B,0
HDMV,First Tr Hor Mg Vol Dev,MISC,Finance-ETF / ETN,102,ARCA,31.56,0.6,0.18,3,-73.6,0,60,C+,-,D,0
HDRO,Defiance Next Gen H2 ETF,MISC,Finance-ETF / ETN,102,ARCA,14.92,0.6,0.1,43,-45,0,14,C+,-,D-,0
HDV,Ishares Core High Div,MISC,Finance-ETF / ETN,102,ARCA,105.19,0.9,0.95,896,43.4,0,85,C+,-,D,0
HEDJ,Wisdomtree Europe Hdg Eq,MISC,Finance-ETF / ETN,102,ARCA,78.82,0.4,0.29,29,-63.5,0,77,C+,-,E,0
HEEM,Ishares Cur Hed Msci Emg,MISC,Finance-ETF / ETN,102,BATS,29.66,-0.1,-0.03,7,-86.7,0,42,C+,-,D+,0
HEET,Hartford Schroders EsgUS,MISC,Finance-ETF / ETN,102,BATS,25.21,0,0,0,0,0,55,C+,-,E,0
HEFA,Ishares Cur Hd Msci Eafe,MISC,Finance-ETF / ETN,102,BATS,34.73,0.5,0.18,585,4.7,0,72,C+,-,D,0
HEGD,Swan Hdg Eq US Large Cap,MISC,Finance-ETF / ETN,102,BATS,18.93,0.5,0.09,44,-40.9,0,75,C+,-,C-,0
HELX,Franklin Genomic Advan,MISC,Finance-ETF / ETN,102,BATS,39.68,-0.2,-0.08,1,-68.8,0,22,C+,-,D-,0
HEQT,Simplify Hedged Equity,MISC,Finance-ETF / ETN,102,ARCA,24.84,0.5,0.12,0,-91.9,0,55,C+,-,C-,0
HERD,Pacer Cash Cows Fund,MISC,Finance-ETF / ETN,102,NASDAQ,35.3,0.1,0.02,0,96,0,81,C+,-,C-,0
HERO,Global X VidGms&Esprt,MISC,Finance-ETF / ETN,102,NASDAQ,26.85,0.6,0.15,59,-59.7,0,29,C+,-,E,0
HEWC,Ishares CrHd Msci Canada,MISC,Finance-ETF / ETN,102,ARCA,33.68,0.6,0.21,64,1114.8,0,83,C+,-,D+,0
HEWG,Ishares Cur Hed Msci Ger,MISC,Finance-ETF / ETN,102,NASDAQ,32.45,0,-0.01,32,-34.5,0,65,C+,-,B,0
HEWJ,Ishares Cur Hed Msci Jap,MISC,Finance-ETF / ETN,102,ARCA,38.3,1.4,0.52,191,-36.9,0,55,C+,-,E,0
HEWU,Ishares Cur Hdg Msci UK,MISC,Finance-ETF / ETN,102,ARCA,24.37,0.4,0.1,1,-56,0,83,C+,-,A,0
HEZU,Ishares Curr HdgMsciEuro,MISC,Finance-ETF / ETN,102,ARCA,37.21,0.1,0.05,579,58,0,77,C+,-,B,0
HFGO,Hartford Large Cap Grwth,MISC,Finance-ETF / ETN,102,BATS,16.83,0.2,0.03,417,143.3,0,29,C+,-,B-,0
HFXI,Indexiq 50 Hdg Ftse Intl,MISC,Finance-ETF / ETN,102,ARCA,24.5,0.7,0.17,44,54.3,0,60,C+,-,D-,0
HGLB,Highland Global Alloc Fd,MISC,Finance-ETF / ETN,102,NYSE,9.9,1.7,0.17,40,-64.3,0,89,C+,-,C-,0
HHH,Etfmg Real Estate Tech,MISC,Finance-ETF / ETN,102,ARCA,18.96,0,0,0,0,0,20,C+,-,C+,0
HIBL,Direxion Dly S&P 500Hgh,MISC,Finance-ETF / ETN,102,ARCA,64.98,0.8,0.52,55,-45.4,0,85,C+,-,B-,0
HIBS,Direxion Daily S&P 500,MISC,Finance-ETF / ETN,102,ARCA,8.95,-0.7,-0.06,328,-31,0,22,C+,-,A-,0
HIPS,Graniteshrs HIPS US HiIn,MISC,Finance-ETF / ETN,102,ARCA,14.92,0.2,0.03,15,-53.3,0,55,C+,-,E,0
HJEN,Direxion Hydrogen Etf,MISC,Finance-ETF / ETN,102,ARCA,17.57,-0.6,-0.11,13,-61,0,21,C+,-,C+,0
HJPX,Ishares Cr JpxNikkei 400,MISC,Finance-ETF / ETN,102,ARCA,33.88,0,0,0,0,0,48,C+,-,C,0
HKND,Humankind US Stock Etf,MISC,Finance-ETF / ETN,102,ARCA,29.08,0.7,0.22,6,100.3,0,77,C+,-,C+,0
HLAL,Wahed Ftse USA Shariah,MISC,Finance-ETF / ETN,102,NASDAQ,41.59,0.6,0.26,19,-41.2,0,84,C+,-,E,0
HLGE,Hartford Longevity Econ,MISC,Finance-ETF / ETN,102,ARCA,26.87,0,0,0,0,0,65,C+,-,C,0
HMOP,Hartford Municipal Oppor,MISC,Finance-ETF / ETN,102,ARCA,40.97,0.3,0.12,13,-53.7,0,55,C+,-,D,0
HNDL,Nasdaq 7HANDL Etf,MISC,Finance-ETF / ETN,102,NASDAQ,24.98,0.5,0.13,764,-12.3,0,52,C+,-,E,0
HOLD,Advisorshrs Nr Sq MkCrRs,MISC,Finance-ETF / ETN,102,ARCA,98.29,0,0,0,0,0,65,C+,-,D-,0
HOM,Lifegoal Home Dw PymtInv,MISC,Finance-ETF / ETN,102,ARCA,9.62,0.4,0.04,2,-38.3,0,52,C+,-,D-,0
HOMZ,Hoya Capital Housing Etf,MISC,Finance-ETF / ETN,102,ARCA,41.62,0.8,0.33,20,114,0,75,C+,-,E,0
HOTL,Kelly Hotel & Lodging Sc,MISC,Finance-ETF / ETN,102,ARCA,14.92,0,0,1,781.6,0,60,C+,-,-,0
HSCZ,Ishares CrHd Msci Eafe,MISC,Finance-ETF / ETN,102,ARCA,35.39,0.8,0.29,13,-1.6,0,52,C+,-,E,0
HSMV,First Tr Hor Mg Vol SmMd,MISC,Finance-ETF / ETN,102,ARCA,32.81,0,0.01,0,-30.7,0,65,C+,-,D,0
HSRT,Hartford Short Duration,MISC,Finance-ETF / ETN,102,BATS,40.15,0,-0.01,13,-70,0,55,C+,-,B,0
HSUN,Hartford SustainableIncm,MISC,Finance-ETF / ETN,102,BATS,38.07,0,0,0,0,0,44,C+,-,C+,0
HTAB,Hartford Schrdrs Tax-Awr,MISC,Finance-ETF / ETN,102,ARCA,20.87,0.2,0.04,2,-88.9,0,48,C+,-,C-,0
HTEC,Robo Glb Hlthcr Tech Inv,MISC,Finance-ETF / ETN,102,ARCA,37.78,-0.5,-0.2,28,-47.6,0,24,C+,-,E,0
HTRB,Hartford Total Return Bd,MISC,Finance-ETF / ETN,102,ARCA,38.82,0.3,0.11,130,-23.2,0,42,C+,-,D-,0
HTUS,Hull Tactical US Etf,MISC,Finance-ETF / ETN,102,ARCA,32.13,1.1,0.35,1,-55.9,0,42,C+,-,D,0
HUSV,First Tr Hor Mg Vol Dom,MISC,Finance-ETF / ETN,102,ARCA,34.28,1.1,0.37,12,12.5,0,81,C+,-,D-,0
HVAL,Alps Hillman Active Val,MISC,Finance-ETF / ETN,102,ARCA,25.19,0,0,0,0,0,65,C+,-,C+,0
HYBB,Ishares BB Rtd Corp Bnd,MISC,Finance-ETF / ETN,102,ARCA,50.32,0,0.01,9,81,0,52,C+,-,D,0
HYD,Vaneck Hi Yld Muni Etf,MISC,Finance-ETF / ETN,102,BATS,60.53,0.3,0.16,719,16.3,0,52,C+,-,E,0
HYDB,Ishares High Yield Bd Ft,MISC,Finance-ETF / ETN,102,BATS,50.07,-0.1,-0.06,34,79.7,0,52,C+,-,E,0
HYDR,Global X Hydrogen ETF,MISC,Finance-ETF / ETN,102,NASDAQ,15.88,-1.8,-0.29,35,-20,0,15,C+,-,D-,0
HYDW,Xtrackers Lw Bt Hi Yl Bd,MISC,Finance-ETF / ETN,102,ARCA,49.43,0,-0.01,1000,998.6,0,55,C+,-,C+,0
HYEM,Vaneck Emg Mkt HiYld Etf,MISC,Finance-ETF / ETN,102,ARCA,21.8,0.4,0.09,238,-45.2,0,39,C+,-,C-,0
HYG,Ishares Iboxx Hi Yd C Bd,MISC,Finance-ETF / ETN,102,ARCA,84.84,0.1,0.11,23618,-16.8,0,52,C+,-,D-,0
HYGH,Ishares Int Rt Hd Hi Yld,MISC,Finance-ETF / ETN,102,ARCA,86.75,-0.4,-0.36,10,-30,0,65,C+,-,B-,0
HYGV,Flexshr Hi Yi Vl-Scor Bd,MISC,Finance-ETF / ETN,102,ARCA,47.96,0.1,0.07,51,-59.2,0,52,C+,-,C+,0
HYHG,Proshrs Hi Yld IntRt Hdg,MISC,Finance-ETF / ETN,102,BATS,62.31,0.5,0.28,19,-5.3,0,60,C+,-,C-,0
HYIN,Wisdomtree Alternativ In,MISC,Finance-ETF / ETN,102,BATS,24.43,-0.6,-0.16,3,-66.8,0,52,C+,-,E,0
HYLB,X Usd High Yield Corp Bd,MISC,Finance-ETF / ETN,102,NYSE,38.84,0.1,0.03,4438,66.7,0,52,C+,-,D,0
HYLD,High Yield Etf,MISC,Finance-ETF / ETN,102,ARCA,30.1,-0.1,-0.04,37,51.2,0,42,C+,-,E,0
HYLS,First Tr Tactitcal Hi Yl,MISC,Finance-ETF / ETN,102,NASDAQ,47.09,0.2,0.08,167,-41.2,0,52,C+,-,D,0
HYLV,Indexiq S&P HiYldLwVolBd,MISC,Finance-ETF / ETN,102,ARCA,24.24,0.5,0.13,8,-2.4,0,48,C+,-,E,0
HYMB,Spdr Nuv Blom Hi Yd MnBd,MISC,Finance-ETF / ETN,102,ARCA,58.2,0.2,0.13,201,-36.5,0,52,C+,-,D-,0
HYMU,BlackRock HY Mun Inc Bnd,MISC,Finance-ETF / ETN,102,BATS,25.2,0,0.01,2,-24.7,0,52,C+,-,D-,0
HYS,Pimco 0-5 Yr Hi Yl Co Bd,MISC,Finance-ETF / ETN,102,ARCA,97.6,0.1,0.08,350,134.9,0,60,C+,-,C+,0
HYTR,Cp High Yield Trend Etf,MISC,Finance-ETF / ETN,102,ARCA,23.41,0.1,0.02,1,30.9,0,52,C+,-,C+,0
HYUP,Xtrackers Hi Bt Hi Yl Bd,MISC,Finance-ETF / ETN,102,ARCA,46.27,-0.1,-0.02,8,169,0,52,C+,-,D-,0
HYXF,Ishares Esg Adv Hg YdCrp,MISC,Finance-ETF / ETN,102,NASDAQ,50.3,0.4,0.19,17,-43.1,0,48,C+,-,D,0
HYXU,IShares Intl Hi yld Bd,MISC,Finance-ETF / ETN,102,BATS,51.5,0.6,0.31,9,7.9,0,37,C+,-,C+,0
HYZD,Wisdomtree Int RtHdHiYld,MISC,Finance-ETF / ETN,102,NASDAQ,21.89,0.1,0.02,70,-35.7,0,60,C+,-,C+,0
IAGG,Ishares Intl Ag Bond Fnd,MISC,Finance-ETF / ETN,102,BATS,53.83,0,0,310,6.7,0,52,C+,-,E,0
IAI,Ishares US Broker Dealer,MISC,Finance-ETF / ETN,102,ARCA,108.86,0.2,0.17,85,8.3,0,83,C+,-,B-,0
IAK,Ishares Us Insurance,MISC,Finance-ETF / ETN,102,ARCA,87.17,1.4,1.23,49,174.2,0,86,C+,-,B,0
IAPR,Innov Intl Dev Pr Bf Apr,MISC,Finance-ETF / ETN,102,ARCA,25.41,0.2,0.05,0,-96.5,0,55,C+,-,E,0
IAT,Ishares Us Regional Bks,MISC,Finance-ETF / ETN,102,ARCA,64.47,0.5,0.35,150,-21.6,0,86,C+,-,B-,0
IAU,Ishares Gold Trust,MISC,Finance-ETF / ETN,102,ARCA,34.33,0.2,0.06,11531,-1.5,0,65,C+,-,C+,0
IAUF,Ishares Gold Strategy,MISC,Finance-ETF / ETN,102,BATS,55.28,0.8,0.45,0,-90.8,0,60,C+,-,C,0
IAUM,iShares Gold Trust Micro,MISC,Finance-ETF / ETN,102,ARCA,18.06,0.3,0.06,116,-73.6,0,69,C+,-,A-,0
IBB,iShares Biotech ETF,MISC,Finance-ETF / ETN,102,NASDAQ,133.1,-0.9,-1.15,1987,-19.5,0,26,C+,-,B,0
IBBQ,Invesco Nasdaq Biotech,MISC,Finance-ETF / ETN,102,NASDAQ,20.92,-1.5,-0.31,7,-42.9,0,25,C+,-,D-,0
IBCE,Ishares iBond Mar2023ExF,MISC,Finance-ETF / ETN,102,ARCA,24.47,0,0,0,0,0,60,C+,-,C,0
IBD,Inspire Corporate Bd Im,MISC,Finance-ETF / ETN,102,ARCA,25.32,0.2,0.05,28,-28.1,0,48,C+,-,D,0
IBDD,Ishares iBond Mar2023Crp,MISC,Finance-ETF / ETN,102,ARCA,26.7,0,0.01,1,-73.8,0,60,C+,-,D,0
IBDN,IShares iBond Dec2022Crp,MISC,Finance-ETF / ETN,102,ARCA,25.09,-0.1,-0.02,170,-37.8,0,60,C+,-,E,0
IBDO,IShares iBond Dec2023Crp,MISC,Finance-ETF / ETN,102,ARCA,25.53,0,-0.01,316,46.5,0,55,C+,-,C,0
IBDP,IShares iBond Dec2024Crp,MISC,Finance-ETF / ETN,102,ARCA,25.66,0,0.01,185,-15.7,0,52,C+,-,B,0
IBDQ,IShares iBond Dec2025Crp,MISC,Finance-ETF / ETN,102,ARCA,26.08,0.1,0.03,198,17.9,0,52,C+,-,D-,0
IBDR,Ishares Ibond Dec2026Crp,MISC,Finance-ETF / ETN,102,ARCA,25.62,0.2,0.04,163,-9.4,0,48,C+,-,B,0
IBDS,Ishares iBond Dec2027Crp,MISC,Finance-ETF / ETN,102,ARCA,26.01,0.1,0.02,70,-16,0,48,C+,-,D-,0
IBDT,Ishares Ibond Dec2028Crp,MISC,Finance-ETF / ETN,102,ARCA,27.63,0,0.01,33,-23.2,0,48,C+,-,D+,0
IBDU,Ishares Ibond Dec2029Crp,MISC,Finance-ETF / ETN,102,ARCA,25.69,0.2,0.04,26,-24.1,0,48,C+,-,D-,0
IBDV,Ishares Ibonds Dec 2030,MISC,Finance-ETF / ETN,102,ARCA,24.43,0.2,0.04,20,-28.9,0,48,C+,-,E,0
IBDW,Ishares Ibonds Dc2031 Tr,MISC,Finance-ETF / ETN,102,ARCA,24.09,0.2,0.04,22,-15.6,0,48,C+,-,E,0
IBET,Ibet Sports Betting&Game,MISC,Finance-ETF / ETN,102,NASDAQ,11.94,0,0,0,0,0,24,C+,-,E,0
IBHB,Ishares Ibond 2022TrHiYi,MISC,Finance-ETF / ETN,102,BATS,24.05,-0.1,-0.03,7,-20.1,0,60,C+,-,C-,0
IBHC,Ishares Ibond 2023TrHiYi,MISC,Finance-ETF / ETN,102,BATS,24.21,0.1,0.03,5,-86.2,0,55,C+,-,E,0
IBHD,Ishares Ibond 2024TrHiYi,MISC,Finance-ETF / ETN,102,BATS,24.21,0.2,0.05,4,-63.8,0,55,C+,-,D+,0
IBHE,Ishares Ibond 2025TrHiYi,MISC,Finance-ETF / ETN,102,BATS,24.61,0.3,0.08,5,-15.9,0,60,C+,-,E,0
IBHF,Ishares Ibond 2026TrHiYi,MISC,Finance-ETF / ETN,102,BATS,24.94,0.3,0.08,2,-32.7,0,55,C+,-,D,0
IBHG,Ishares Ibond 2027TrHiYi,MISC,Finance-ETF / ETN,102,BATS,24.3,0,0,0,0,0,55,C+,-,D+,0
IBMK,Ishares iBonds Dec 2022,MISC,Finance-ETF / ETN,102,ARCA,26.02,0.1,0.04,43,-15.7,0,60,C+,-,D-,0
IBML,Ishares Ibond Dec2023Mn,MISC,Finance-ETF / ETN,102,BATS,25.72,0.1,0.02,26,-47.5,0,60,C+,-,D-,0
IBMM,IShares iBonds Dec 2024,MISC,Finance-ETF / ETN,102,BATS,26.42,0,-0.01,43,29,0,55,C+,-,E,0
IBMN,Ishares Ibond Dec2025 Mu,MISC,Finance-ETF / ETN,102,BATS,27.31,0.2,0.06,33,-5.8,0,52,C+,-,B-,0
IBMO,Ishares Ibond Dec2026 Mu,MISC,Finance-ETF / ETN,102,BATS,26.22,0.1,0.04,38,18.3,0,52,C+,-,E,0
IBMP,Ishares Ibonds Dec 2027,MISC,Finance-ETF / ETN,102,BATS,26.3,0.2,0.04,29,61.7,0,52,C+,-,E,0
IBMQ,Ishares Ibond Dec2028 Mu,MISC,Finance-ETF / ETN,102,BATS,26.51,0.3,0.08,19,74.2,0,52,C+,-,D-,0
IBND,Spdr Bloomberg Intl CrBd,MISC,Finance-ETF / ETN,102,ARCA,33.76,0.4,0.12,16,-51.2,0,39,C+,-,B-,0
IBTB,Ishares Ibond Dec2022 Tr,MISC,Finance-ETF / ETN,102,NASDAQ,25.37,0,0.01,2,-93.7,0,65,C+,-,E,0
IBTD,Ishares Ibond Dec2023 Tr,MISC,Finance-ETF / ETN,102,NASDAQ,25.37,0.1,0.02,2,-92,0,60,C+,-,D,0
IBTE,Ishares Ibond Dec2024 Tr,MISC,Finance-ETF / ETN,102,NASDAQ,25.21,0.1,0.02,5,-65,0,55,C+,-,E,0
IBTF,Ishares Ibond Dec2025 Tr,MISC,Finance-ETF / ETN,102,NASDAQ,25.05,0.1,0.03,2,-94.2,0,52,C+,-,E,0
IBTG,Ishares Ibond Dec2026 Tr,MISC,Finance-ETF / ETN,102,NASDAQ,24.89,0,0.01,1,-94.7,0,52,C+,-,D+,0
IBTH,Ishares Ibond Dec2027 Tr,MISC,Finance-ETF / ETN,102,NASDAQ,24.75,0.3,0.06,2,-44.9,0,52,C+,-,D-,0
IBTI,Ishares Ibond Dec2028 Tr,MISC,Finance-ETF / ETN,102,NASDAQ,24.66,0,0,0,0,0,52,C+,-,C-,0
IBTJ,Ishares Ibond Dec2029 Tr,MISC,Finance-ETF / ETN,102,NASDAQ,24.57,0,0,0,0,0,52,C+,-,D,0
IBTK,Ishares Ibond Dec2030 Tr,MISC,Finance-ETF / ETN,102,NASDAQ,22.9,0.3,0.07,2,-94.2,0,52,C+,-,D+,0
IBTL,Ishares iBondsDec2031Tr,MISC,Finance-ETF / ETN,102,NASDAQ,24.16,0,0,0,0,0,52,C+,-,C+,0
IBUY,Amplify Online Retail,MISC,Finance-ETF / ETN,102,ARCA,72.86,-5.2,-3.98,107,10.3,0,15,C+,-,D-,0
ICAP,Infracap Equity IncomeFd,MISC,Finance-ETF / ETN,102,ARCA,30.62,0,-0.01,3,-19.2,0,69,C+,-,-,0
ICF,Ishares Cohen&SteersREIT,MISC,Finance-ETF / ETN,102,BATS,70.05,1.4,0.97,172,-5.5,0,81,C+,-,E,0
ICLN,Ishares S&P Glb Cln Engy,MISC,Finance-ETF / ETN,102,NASDAQ,18.64,-0.5,-0.09,5180,-7.1,0,20,C+,-,E,0
ICOL,Ishares Msci Colombia,MISC,Finance-ETF / ETN,102,ARCA,11.04,-0.2,-0.02,0,-92.9,0,85,C+,-,A-,0
ICOW,Pacer DevMt IntlCshCw100,MISC,Finance-ETF / ETN,102,BATS,32.3,0.9,0.3,42,45.8,0,72,C+,-,B+,0
ICSH,Blackrock Ult ShrtTrm Bd,MISC,Finance-ETF / ETN,102,BATS,50.34,0,0.01,725,-22.6,0,65,C+,-,A-,0
ICVT,IShares Convertible Bond,MISC,Finance-ETF / ETN,102,BATS,83.32,-0.6,-0.53,478,19.2,0,30,C+,-,C+,0
IDAT,Ishares Cloud 5G & Tech,MISC,Finance-ETF / ETN,102,ARCA,27.9,0.2,0.06,0,-85.1,0,77,C+,-,C,0
IDEV,IShares Core MsciIntlDev,MISC,Finance-ETF / ETN,102,ARCA,66.2,0.8,0.55,311,-46.1,0,55,C+,-,D,0
IDHD,Invesco S&P Intl DevHi,MISC,Finance-ETF / ETN,102,BATS,26.64,0,-0.01,0,-85,0,60,C+,-,D+,0
IDHQ,Invesco S&P IntlDevQa,MISC,Finance-ETF / ETN,102,ARCA,30.28,1.1,0.34,13,-40.5,0,52,C+,-,D+,0
IDIV,US Eq Cum Div Fd Sr 2027,MISC,Finance-ETF / ETN,102,ARCA,10.09,1.1,0.11,36,54.6,0,48,C+,-,D+,0
IDLB,Invesco Ftse Int Lw Bt,MISC,Finance-ETF / ETN,102,NASDAQ,28.35,1.6,0.45,1,164.5,0,35,C+,-,E,0
IDLV,Invesco Intl Dev LwVol,MISC,Finance-ETF / ETN,102,ARCA,31.59,0.8,0.24,93,33.1,0,65,C+,-,C,0
IDME,International DrawdownMg,MISC,Finance-ETF / ETN,102,BATS,23.97,0.6,0.15,34,-29.2,0,44,C+,-,D+,0
IDMO,Invesco S&P IntlDevMnt,MISC,Finance-ETF / ETN,102,ARCA,36.19,1.1,0.39,0,-56.4,0,69,C+,-,C,0
IDNA,Ishares Geno Imlgy &Hlth,MISC,Finance-ETF / ETN,102,ARCA,36.15,-2.1,-0.79,106,3.6,0,20,C+,-,D-,0
IDOG,ALPS Intl Sec Div Dogs,MISC,Finance-ETF / ETN,102,ARCA,29.07,0.5,0.13,8,-75.8,0,79,C+,-,B+,0
IDRV,Ishrs Self-DrvgEVandTech,MISC,Finance-ETF / ETN,102,ARCA,50.91,0.9,0.45,137,5.1,0,69,C+,-,E,0
IDU,Ishares Us Utilities,MISC,Finance-ETF / ETN,102,ARCA,85,1.2,1.02,84,40.9,0,72,C+,-,D+,0
IDV,Ishares Intl Select Div,MISC,Finance-ETF / ETN,102,BATS,32.7,0.6,0.21,1828,113.8,0,75,C+,-,D+,0
IDX,Vaneck Indonesia Index,MISC,Finance-ETF / ETN,102,ARCA,19.96,0.5,0.09,40,-47,0,69,C+,-,D-,0
IECS,Ishares Evolved US Cn St,MISC,Finance-ETF / ETN,102,BATS,34.42,0.6,0.19,2,4.2,0,81,C+,-,B-,0
IEDI,Ishares Evol US Disc Spn,MISC,Finance-ETF / ETN,102,BATS,44.7,-0.2,-0.09,6,96,0,65,C+,-,C,0
IEF,Ishares 7-10 Yr Trs Bond,MISC,Finance-ETF / ETN,102,NASDAQ,112.51,0.2,0.2,4860,-49.2,0,52,C+,-,D-,0
IEFA,Ishares Core Msci Eafe,MISC,Finance-ETF / ETN,102,BATS,72.97,0.9,0.65,8430,-32,0,52,C+,-,E,0
IEFN,Ishares Evolved US Fincl,MISC,Finance-ETF / ETN,102,BATS,34.09,0.4,0.15,1,-67.6,0,85,C+,-,D,0
IEHS,IShares Evol US Hlth Stp,MISC,Finance-ETF / ETN,102,BATS,42.42,1.2,0.49,4,-6.9,0,60,C+,-,D-,0
IEI,Ishares 3-7 Yr Trsy Bond,MISC,Finance-ETF / ETN,102,NASDAQ,126.79,0.1,0.13,2864,124,0,52,C+,-,C-,0
IEIH,IShares Evol US Innov Hl,MISC,Finance-ETF / ETN,102,BATS,33.16,-0.9,-0.3,2,-57.9,0,44,C+,-,E,0
IEME,IShares Evol US Med & En,MISC,Finance-ETF / ETN,102,BATS,32.71,-0.2,-0.06,1,-55.9,0,33,C+,-,C-,0
IEMG,Ishares Core Msci Emg Mk,MISC,Finance-ETF / ETN,102,ARCA,59.92,0,-0.01,11491,-22.4,0,42,C+,-,C-,0
IEO,Ishares Us Oil&Gas Explr,MISC,Finance-ETF / ETN,102,BATS,74.21,0.9,0.67,158,-5.3,0,97,C+,-,B-,0
IETC,IShares Evolved US Tech,MISC,Finance-ETF / ETN,102,BATS,56.98,0.5,0.27,17,-7.1,0,75,C+,-,D-,0
IEUR,Ishares Core Msci Europe,MISC,Finance-ETF / ETN,102,ARCA,57.18,0.6,0.36,1758,77.9,0,65,C+,-,E,0
IEUS,Ishares Msci Euro Sm Cap,MISC,Finance-ETF / ETN,102,NASDAQ,66.32,1,0.69,142,457,0,42,C+,-,D+,0
IEV,Ishares Europe Etf,MISC,Finance-ETF / ETN,102,ARCA,53.67,0.7,0.36,295,-19.8,0,69,C+,-,C-,0
IEZ,Ishares Us Oil&Equpmt,MISC,Finance-ETF / ETN,102,ARCA,15.82,-1.5,-0.25,296,1.8,0,92,C+,-,B+,0
IFED,Etracs Ifed Inv FedTrInx,MISC,Finance-ETF / ETN,102,ARCA,28.66,0.8,0.24,307,336.8,0,86,C+,-,B,0
IFGL,Ishares Ftse Epra Global,MISC,Finance-ETF / ETN,102,NASDAQ,27.72,0.8,0.21,43,-7.9,0,48,C+,-,E,0
IFRA,Ishrs US Infrastructure,MISC,Finance-ETF / ETN,102,BATS,36.67,0.6,0.23,76,-57.5,0,77,C+,-,D+,0
IFV,First Tr Dor Wr Intl Foc,MISC,Finance-ETF / ETN,102,NASDAQ,22.77,0.9,0.21,18,-65.6,0,48,C+,-,D+,0
IG,Principal Inv Gd Crp Act,MISC,Finance-ETF / ETN,102,ARCA,25.47,0.2,0.04,3,-83.8,0,44,C+,-,D-,0
IGBH,ishares Int Rt Hd Lg Tr,MISC,Finance-ETF / ETN,102,ARCA,24.47,-0.7,-0.18,115,-27,0,55,C+,-,B,0
IGE,Ishares N A Nat Res Etf,MISC,Finance-ETF / ETN,102,BATS,35.82,0.4,0.16,637,141.5,0,94,C+,-,B,0
IGEB,Ishares Inv Gd Bd Factr,MISC,Finance-ETF / ETN,102,BATS,51.09,0.1,0.07,3,-74.7,0,44,C+,-,C-,0
IGF,Ishares Global Infrast,MISC,Finance-ETF / ETN,102,NASDAQ,47.78,0.6,0.27,336,18.2,0,72,C+,-,C,0
IGHG,Proshrs Inv Grd IntRt Hd,MISC,Finance-ETF / ETN,102,BATS,73.37,-0.3,-0.21,56,-44,0,52,C+,-,E,0
IGIB,IShares 5-10Yr InvGrdCrp,MISC,Finance-ETF / ETN,102,NASDAQ,57.8,0.1,0.05,2396,35.1,0,48,C+,-,C,0
IGLB,Ishares 10Yr InvGrdCorp,MISC,Finance-ETF / ETN,102,ARCA,66.07,0.1,0.04,413,-50.7,0,42,C+,-,D,0
IGLD,FT Cboe Vest Gld StrgTrg,MISC,Finance-ETF / ETN,102,BATS,20.04,0.1,0.02,5,-50.1,0,60,C+,-,E,0
IGM,IShares Exp Tech Sect,MISC,Finance-ETF / ETN,102,ARCA,403.75,0.6,2.29,13,-47.5,0,65,C+,-,E,0
IGN,Ishares N A Tech Multi,MISC,Finance-ETF / ETN,102,ARCA,73.33,0,0.02,2,-85.6,0,72,C+,-,D+,0
IGOV,Ishares S&P/C Intl Trsy,MISC,Finance-ETF / ETN,102,ARCA,49.29,0.2,0.12,62,-55.7,0,42,C+,-,E,0
IGRO,Ishares Intl Dividend Gr,MISC,Finance-ETF / ETN,102,BATS,67.7,0.7,0.48,20,-30.8,0,69,C+,-,C-,0
IGSB,Ishares 1-5Yr InvGrdCorp,MISC,Finance-ETF / ETN,102,NASDAQ,53.26,0.1,0.05,4423,42.4,0,52,C+,-,E,0
IGV,IShares Exp Tech Sftw,MISC,Finance-ETF / ETN,102,BATS,353.67,-1,-3.46,1186,-35,0,33,C+,-,D-,0
IHAK,Ishares Cybrsec & Tech,MISC,Finance-ETF / ETN,102,ARCA,40.47,-0.5,-0.22,139,-9.5,0,39,C+,-,D-,0
IHDG,Wisdomtree Intl Hg Qa Dv,MISC,Finance-ETF / ETN,102,ARCA,43.66,0.5,0.24,114,9,0,65,C+,-,E,0
IHE,Ishares Us Pharmactls,MISC,Finance-ETF / ETN,102,ARCA,193.08,0.9,1.68,3,-60.4,0,72,C+,-,C,0
IHF,Ishares US Hlth Prvdr,MISC,Finance-ETF / ETN,102,ARCA,271.23,1.8,4.81,19,23.1,0,65,C+,-,D,0
IHI,Ishares Us Medical Dev,MISC,Finance-ETF / ETN,102,ARCA,60.2,1.3,0.79,1362,14.5,0,48,C+,-,D-,0
IHY,Vaneck Intl Hi Yld BdEtf,MISC,Finance-ETF / ETN,102,ARCA,23.48,0.4,0.1,6,-77.3,0,39,C+,-,E,0
IHYF,Invesco High YieldBndFct,MISC,Finance-ETF / ETN,102,NASDAQ,24.82,0.4,0.09,5,550.2,0,52,C+,-,E,0
IIGD,Invesco Investment GrdDf,MISC,Finance-ETF / ETN,102,ARCA,25.79,0.1,0.02,16,-33.2,0,52,C+,-,D,0
IIGV,Invesco Invstmt Grd Valu,MISC,Finance-ETF / ETN,102,ARCA,26.34,0.2,0.06,2,-78.9,0,48,C+,-,E,0
IJAN,Innov Intl Dev Pr Bf Jan,MISC,Finance-ETF / ETN,102,ARCA,27.05,0.5,0.13,36,17.6,0,69,C+,-,E,0
IJH,Ishares Core S&P Mdcp,MISC,Finance-ETF / ETN,102,ARCA,265.68,0.2,0.45,1338,-4.4,0,55,C+,-,E,0
IJJ,Ishares S&P Mdcp 400 Vl,MISC,Finance-ETF / ETN,102,ARCA,107.25,0,0.04,315,-29.7,0,75,C+,-,C-,0
IJK,Ishares S&P Mdcp 400 Gw,MISC,Finance-ETF / ETN,102,ARCA,77.37,0.1,0.07,222,-28,0,42,C+,-,D,0
IJR,Ishares Core S&P Smcp,MISC,Finance-ETF / ETN,102,ARCA,106.44,-0.5,-0.51,6610,45.7,0,52,C+,-,E,0
IJS,Ishares S&P Smcp 600 Vl,MISC,Finance-ETF / ETN,102,ARCA,100.1,-0.5,-0.53,701,50.4,0,65,C+,-,B-,0
IJT,Ishares S&P Smcp 600 Gw,MISC,Finance-ETF / ETN,102,NASDAQ,124.92,-0.5,-0.61,379,178,0,44,C+,-,D,0
IJUL,Innov Intl Dev Pr Bf Jul,MISC,Finance-ETF / ETN,102,ARCA,24.31,0.2,0.05,0,-97.4,0,60,C+,-,D-,0
ILCB,Ishares Mrngstr US Eqty,MISC,Finance-ETF / ETN,102,ARCA,63.5,0.7,0.46,15,-38.4,0,75,C+,-,D+,0
ILCG,Ishares Mrngstar Growth,MISC,Finance-ETF / ETN,102,ARCA,65.95,0.6,0.38,236,179.8,0,65,C+,-,E,0
ILCV,Ishares Morningstar Val,MISC,Finance-ETF / ETN,102,ARCA,69.22,1,0.66,12,-54.3,0,83,C+,-,E,0
ILDR,First Trust Innov Leadrs,MISC,Finance-ETF / ETN,102,ARCA,18.95,-1.2,-0.23,2,-0.8,0,30,C+,-,C+,0
ILF,Ishares Latin Am 40 Etf,MISC,Finance-ETF / ETN,102,ARCA,25.78,-0.8,-0.2,2848,68.5,0,48,C+,-,B-,0
ILTB,Ishares Core 10+ Yr USD,MISC,Finance-ETF / ETN,102,ARCA,68.82,0.1,0.1,34,38.1,0,44,C+,-,D,0
IMCB,Ishares Mstar Mid-Cap,MISC,Finance-ETF / ETN,102,ARCA,67.27,0.6,0.39,26,32.7,0,65,C+,-,E,0
IMCG,Ishares Mstar Mid Growth,MISC,Finance-ETF / ETN,102,ARCA,65.32,-0.2,-0.1,70,-33.9,0,39,C+,-,C,0
IMCV,Ishares Mstar Mid Value,MISC,Finance-ETF / ETN,102,NASDAQ,67.84,0.6,0.43,17,-21.7,0,83,C+,-,B-,0
IMFL,Invesco Intl Dev Dyna MF,MISC,Finance-ETF / ETN,102,BATS,24.71,1,0.24,0,-92.9,0,37,C+,-,D,0
IMLP,iPath S&P MLP ETN,MISC,Finance-ETF / ETN,102,BATS,14.19,-0.2,-0.03,0,-96.5,0,90,C+,-,C+,0
IMOM,Alpha Architect Intl Qua,MISC,Finance-ETF / ETN,102,BATS,30.57,1.3,0.39,7,-3.6,0,28,C+,-,D+,0
IMTB,Ishares Core 5-10 Yr Usd,MISC,Finance-ETF / ETN,102,ARCA,49.43,0.3,0.14,82,635,0,48,C+,-,C+,0
IMTM,iShares MSCIIntlMtmFactr,MISC,Finance-ETF / ETN,102,ARCA,36.8,1.2,0.44,99,-28.4,0,37,C+,-,E,0
INCO,Columbia India Consumer,MISC,Finance-ETF / ETN,102,ARCA,53.89,-0.1,-0.03,3,-55,0,60,C+,-,D,0
INDA,Ishares Msci India Etf,MISC,Finance-ETF / ETN,102,BATS,46.24,0.8,0.35,2513,-28.9,0,72,C+,-,D,0
INDF,Nifty India Financials,MISC,Finance-ETF / ETN,102,ARCA,36.29,1.5,0.55,0,-67.3,0,72,C+,-,C,0
INDL,Direxion DlyMsciIndBul2x,MISC,Finance-ETF / ETN,102,ARCA,60.54,1.7,1,13,-54.6,0,88,C+,-,D-,0
INDS,Pacer Benchmark IndRlEst,MISC,Finance-ETF / ETN,102,ARCA,50.74,1.7,0.86,61,-41.4,0,88,C+,-,E,0
INDY,Ishares India 50,MISC,Finance-ETF / ETN,102,NASDAQ,48.13,0.8,0.4,75,13.9,0,65,C+,-,C-,0
INFL,Horizon Kinetics Inf Bnf,MISC,Finance-ETF / ETN,102,ARCA,31.17,0.9,0.27,196,-18.1,0,81,C+,-,C+,0
INKM,Spdr Ssga Inc Allocation,MISC,Finance-ETF / ETN,102,ARCA,34.99,0.1,0.05,6,-70.9,0,60,C+,-,E,0
INMU,BlackRock Interm Mn InBd,MISC,Finance-ETF / ETN,102,ARCA,25.02,0.1,0.04,15,196.4,0,55,C+,-,E,0
INNO,Harbor Disruptive Innova,MISC,Finance-ETF / ETN,102,ARCA,17.17,0,0,0,0,0,27,C+,-,-,0
INTF,iShares MSCI Intl Mltifa,MISC,Finance-ETF / ETN,102,ARCA,28.33,1.1,0.3,73,-37.8,0,44,C+,-,E,0
IOCT,Innov Intl Dev Pwr BfOct,MISC,Finance-ETF / ETN,102,ARCA,24.85,0,0,0,0,0,55,C+,-,D-,0
IOO,Ishares Global 100 Etf,MISC,Finance-ETF / ETN,102,ARCA,77.47,1.3,1.01,229,18.4,0,83,C+,-,D,0
IPAC,Ishares Core Msci Pacifi,MISC,Finance-ETF / ETN,102,ARCA,61.73,1.3,0.82,37,-48.8,0,35,C+,-,D+,0
IPAY,Etf M G Prime Mob Paymts,MISC,Finance-ETF / ETN,102,ARCA,53.88,-3.2,-1.76,134,-27.6,0,26,C+,-,E,0
IPKW,Invesco Intl Buy Achv,MISC,Finance-ETF / ETN,102,NASDAQ,39.7,0.9,0.36,11,-49.3,0,35,C+,-,E,0
IPO,Renaissance Ipo Etf,MISC,Finance-ETF / ETN,102,ARCA,45.8,-4,-1.91,166,12.7,0,19,C+,-,D-,0
IPOS,Renaissance Intl IPO,MISC,Finance-ETF / ETN,102,ARCA,22.86,-0.2,-0.04,10,198.7,0,18,C+,-,C+,0
IQDE,Flexshr Intl Qlty DivDef,MISC,Finance-ETF / ETN,102,ARCA,23.75,0.2,0.05,11,128.7,0,60,C+,-,B+,0
IQDF,Flexshr Intl Qlty Div,MISC,Finance-ETF / ETN,102,ARCA,25.5,0.6,0.15,57,7.7,0,55,C+,-,C+,0
IQDG,WisdomTree Intl Qa Dv Gr,MISC,Finance-ETF / ETN,102,BATS,37.96,0.9,0.35,151,119.5,0,48,C+,-,D-,0
IQDY,Flexshr Intl Qlty DivDyn,MISC,Finance-ETF / ETN,102,ARCA,30.37,0.4,0.13,36,111.1,0,60,C+,-,D+,0
IQIN,IQ 500 International ETF,MISC,Finance-ETF / ETN,102,ARCA,33.02,1,0.32,5,-44.9,0,65,C+,-,B-,0
IQLT,iShares MSCI Intl QlyFac,MISC,Finance-ETF / ETN,102,ARCA,38.02,0.8,0.29,1065,16.3,0,55,C+,-,E,0
IQM,Franklin IntelligentMach,MISC,Finance-ETF / ETN,102,BATS,46.35,-0.1,-0.04,0,-85.2,0,39,C+,-,D-,0
IQSI,Iq Candriam Esg Intl Eq,MISC,Finance-ETF / ETN,102,ARCA,28.96,0,0,0,0,0,52,C+,-,D-,0
IQSU,Iq Candriam Esg Us Eq,MISC,Finance-ETF / ETN,102,ARCA,39.29,0,0,0,0,0,79,C+,-,B-,0
IRBO,Ishares Robo & Art Intel,MISC,Finance-ETF / ETN,102,ARCA,36.94,-0.5,-0.2,29,-61,0,26,C+,-,E,0
ISCB,Ishares Mstar Small Cap,MISC,Finance-ETF / ETN,102,ARCA,52.51,-1,-0.5,3,-36.5,0,39,C+,-,D-,0
ISCF,iShares MSCI Intl SC Mf,MISC,Finance-ETF / ETN,102,ARCA,35.37,1.1,0.38,33,37.5,0,44,C+,-,D,0
ISCG,Ishares Mstar Small Gr,MISC,Finance-ETF / ETN,102,ARCA,43.37,-1.4,-0.63,40,-15,0,27,C+,-,D,0
ISCV,Ishares Mstar Small Val,MISC,Finance-ETF / ETN,102,ARCA,57.68,-0.1,-0.09,6,-55.2,0,72,C+,-,C-,0
ISDX,Invesco RAFI Stra Dev Ex,MISC,Finance-ETF / ETN,102,NASDAQ,30.94,1,0.32,37,17.4,0,72,C+,-,B-,0
ISEM,Invesco RAFI Strat Emg,MISC,Finance-ETF / ETN,102,NASDAQ,28.76,0.2,0.07,5,10.2,0,65,C+,-,B-,0
ISHG,Ishares 1-3 Yr Intl TrBd,MISC,Finance-ETF / ETN,102,NASDAQ,77.5,0.2,0.15,1,-75.3,0,42,C+,-,D,0
ISHP,First Trst SNtwrk E-Comm,MISC,Finance-ETF / ETN,102,NASDAQ,34.77,-2.3,-0.8,3,-72.8,0,79,C+,-,B,0
ISMD,Inspire Small Mid Cap Im,MISC,Finance-ETF / ETN,102,ARCA,32.92,-0.1,-0.03,12,-43.7,0,37,C+,-,B-,0
ISRA,Vaneck Israel Etf,MISC,Finance-ETF / ETN,102,ARCA,45.23,-0.4,-0.19,0,-80,0,39,C+,-,E,0
ISTB,Ishares Core 1-5 Yr USD,MISC,Finance-ETF / ETN,102,NASDAQ,49.89,0.1,0.07,1056,39.1,0,52,C+,-,D-,0
ISVL,IsharesIntlDevSmlCpVlFct,MISC,Finance-ETF / ETN,102,BATS,35.33,0.9,0.32,1,-61.3,0,48,C+,-,D-,0
ISWN,Amplify Blackswan Iswn,MISC,Finance-ETF / ETN,102,ARCA,24.23,0.9,0.21,7,-17.4,0,44,C+,-,E,0
ISZE,iShares MSCI Intl Sz Fac,MISC,Finance-ETF / ETN,102,ARCA,28.51,0.7,0.19,0,-98.5,0,33,C+,-,A,0
ITA,Ishares U S  Aerospace,MISC,Finance-ETF / ETN,102,BATS,102.97,0.6,0.64,158,-28.9,0,60,C+,-,B,0
ITAN,Sparkline Intangible Val,MISC,Finance-ETF / ETN,102,ARCA,25.53,0.4,0.1,17,1126,0,55,C+,-,C+,0
ITB,Ishares US Home Const,MISC,Finance-ETF / ETN,102,BATS,71.62,1.1,0.79,3254,-13.9,0,69,C+,-,E,0
ITEQ,Bluestar TaBigi Israel,MISC,Finance-ETF / ETN,102,ARCA,54.69,-1.2,-0.66,155,99.7,0,23,C+,-,C-,0
ITM,Vaneck Intermediate Muni,MISC,Finance-ETF / ETN,102,BATS,49.78,0.2,0.1,135,-24.6,0,48,C+,-,D-,0
ITOT,Ishares Core S&P Tot Us,MISC,Finance-ETF / ETN,102,ARCA,102.08,0.7,0.69,2998,3.7,0,72,C+,-,E,0
IUS,Invesco RAFI Stra US Etf,MISC,Finance-ETF / ETN,102,NASDAQ,40.32,1.1,0.42,43,118.5,0,85,C+,-,B-,0
IUSA,Amberwave Inv USA Jsg Fd,MISC,Finance-ETF / ETN,102,ARCA,17.73,0,0,0,0,0,69,C+,-,-,0
IUSB,Ishares Core Totl Usd Bd,MISC,Finance-ETF / ETN,102,NASDAQ,51.79,0.1,0.06,2777,57.6,0,52,C+,-,D,0
IUSG,Ishares Core S&P Us Grw,MISC,Finance-ETF / ETN,102,NASDAQ,107.81,1.2,1.27,614,-25.7,0,77,C+,-,C-,0
IUSS,Invesco RAFI Stra US Sm,MISC,Finance-ETF / ETN,102,NASDAQ,36.71,-0.4,-0.16,15,34.4,0,60,C+,-,C+,0
IUSV,Ishares Core S&P Us Val,MISC,Finance-ETF / ETN,102,NASDAQ,76.08,0.7,0.56,647,-5.6,0,81,C+,-,E,0
IVAL,Alpha Architect IntQuaVl,MISC,Finance-ETF / ETN,102,BATS,26.51,1.3,0.35,21,-34.7,0,39,C+,-,B,0
IVDG,Invesco Focused DscvrGrw,MISC,Finance-ETF / ETN,102,BATS,11.84,0,0,0,0,0,32,C+,-,C+,0
IVE,Ishares S&P 500 Value,MISC,Finance-ETF / ETN,102,ARCA,156.35,0.8,1.27,844,0.8,0,81,C+,-,D,0
IVES,Wedbush Etfmg Glb Cloud,MISC,Finance-ETF / ETN,102,ARCA,41.92,-1.2,-0.49,0,-78.5,0,25,C+,-,D-,0
IVLC,Invesco US LrgCp CoreEsg,MISC,Finance-ETF / ETN,102,BATS,14.3,0,0,0,0,0,75,C+,-,D-,0
IVLU,iShares MSCI Intl ValFac,MISC,Finance-ETF / ETN,102,ARCA,26.65,0.8,0.22,391,10.3,0,77,C+,-,B-,0
IVOG,Vanguard S&P Mc 400 Grth,MISC,Finance-ETF / ETN,102,ARCA,191.47,0,0.09,52,372.2,0,42,C+,-,B-,0
IVOL,Quadratic IntRtVltyInfHd,MISC,Finance-ETF / ETN,102,ARCA,26.29,0.1,0.01,794,-55.7,0,42,C+,-,E,0
IVOO,Vanguard S&P Mid-Cap 400,MISC,Finance-ETF / ETN,102,ARCA,179.65,0.1,0.12,13,-55,0,55,C+,-,E,0
IVOV,Vanguard S&P Mc 400 Val,MISC,Finance-ETF / ETN,102,ARCA,163.49,0,0.04,10,-45.5,0,72,C+,-,D,0
IVRA,Invesco Real Assets Esg,MISC,Finance-ETF / ETN,102,BATS,14.73,0,0,0,0,0,79,C+,-,D+,0
IVSG,Invesco Select Growth,MISC,Finance-ETF / ETN,102,BATS,12.98,1.3,0.16,0,-89,0,39,C+,-,C-,0
IVV,Ishares Core S&P 500,MISC,Finance-ETF / ETN,102,ARCA,459.87,1.1,4.98,6773,5.6,0,79,C+,-,E,0
IVW,Ishares S&P 500 Grw Etf,MISC,Finance-ETF / ETN,102,ARCA,78.14,1.4,1.08,4118,40.3,0,77,C+,-,E,0
IWB,Ishares Russell 1000 Etf,MISC,Finance-ETF / ETN,102,ARCA,253.5,0.9,2.28,682,-14,0,75,C+,-,D+,0
IWC,Ishares Micro-Cap Etf,MISC,Finance-ETF / ETN,102,ARCA,125.54,-1.7,-2.18,53,-20.8,0,31,C+,-,B,0
IWD,Ishares Russell 1000 Val,MISC,Finance-ETF / ETN,102,ARCA,166.71,0.9,1.57,3507,-15.1,0,79,C+,-,E,0
IWDL,Etracs 2x LvgdUS ValFctr,MISC,Finance-ETF / ETN,102,ARCA,34.91,1.5,0.5,203,1846.8,0,85,C+,-,C+,0
IWF,Ishares Russell 1000 Gwt,MISC,Finance-ETF / ETN,102,ARCA,283.38,0.8,2.15,1530,-24.8,0,72,C+,-,C,0
IWFH,Ishares Virtual WrkLf Ms,MISC,Finance-ETF / ETN,102,ARCA,20.07,-1.3,-0.26,2,-40.3,0,18,C+,-,E,0
IWFL,Etracs 2x LvgdUS GrwFctr,MISC,Finance-ETF / ETN,102,ARCA,31.47,1.4,0.44,355,3079.2,0,77,C+,-,C+,0
IWL,Ishares Russell Top 200,MISC,Finance-ETF / ETN,102,ARCA,109.99,1,1.05,69,-21.2,0,79,C+,-,C-,0
IWM,Ishares Russell 2000 Etf,MISC,Finance-ETF / ETN,102,ARCA,201.19,-1.1,-2.17,34877,-6.1,0,33,C+,-,E,0
IWML,Etracs 2x LvgdUS SzeFctr,MISC,Finance-ETF / ETN,102,ARCA,21.08,-2.2,-0.47,0,-87.8,0,22,C+,-,C+,0
IWN,Ishares Russell 2000 Val,MISC,Finance-ETF / ETN,102,ARCA,156.71,-0.7,-1.06,1912,22.5,0,55,C+,-,C-,0
IWO,Ishares Russell 2000 Grw,MISC,Finance-ETF / ETN,102,ARCA,253.34,-1.5,-3.74,760,-5.8,0,26,C+,-,C+,0
IWP,Ishares Russell Mdcp Grw,MISC,Finance-ETF / ETN,102,ARCA,101.08,-0.3,-0.29,1121,-6.5,0,33,C+,-,D,0
IWR,Ishares Russell Mdcp Etf,MISC,Finance-ETF / ETN,102,ARCA,77.82,0.3,0.23,1991,0.5,0,55,C+,-,E,0
IWS,Ishares Russell Mdcp Val,MISC,Finance-ETF / ETN,102,ARCA,118.89,0.7,0.8,364,-29.8,0,77,C+,-,B+,0
IWV,Ishares Russell 3000 Etf,MISC,Finance-ETF / ETN,102,ARCA,264.91,0.6,1.7,521,142.6,0,75,C+,-,D+,0
IWX,Ishares Russell 200 Val,MISC,Finance-ETF / ETN,102,ARCA,70.36,1,0.7,128,17,0,81,C+,-,A-,0
IWY,Ishares Russell 200 Grw,MISC,Finance-ETF / ETN,102,ARCA,162.46,0.9,1.51,343,43.9,0,79,C+,-,B-,0
IXC,Ishares Global Energy,MISC,Finance-ETF / ETN,102,ARCA,33.2,0.5,0.17,988,-13.9,0,96,C+,-,B-,0
IXG,Ishares Global Finls,MISC,Finance-ETF / ETN,102,ARCA,83.13,0.6,0.52,376,2.5,0,83,C+,-,B-,0
IXJ,Ishares Global Hlthcare,MISC,Finance-ETF / ETN,102,ARCA,85.38,1.2,1,128,7.7,0,65,C+,-,E,0
IXN,Ishares Global Tech Etf,MISC,Finance-ETF / ETN,102,ARCA,60.12,0.7,0.4,568,12.8,0,79,C+,-,C+,0
IXP,Ishares Global Comm Svcs,MISC,Finance-ETF / ETN,102,ARCA,81.7,1.8,1.44,27,9.2,0,48,C+,-,B-,0
IXSE,Wisdomtree Ind ExStOwEnt,MISC,Finance-ETF / ETN,102,ARCA,35.92,0.5,0.18,0,-34.7,0,83,C+,-,D,0
IXUS,Ishares Msci Intl Stk,MISC,Finance-ETF / ETN,102,NASDAQ,69.88,0.6,0.41,2821,-13.7,0,48,C+,-,D,0
IYC,Ishares US Cnsmr Discr,MISC,Finance-ETF / ETN,102,ARCA,76.28,-0.4,-0.33,226,-26.6,0,52,C+,-,C+,0
IYE,Ishares US Energy Idx,MISC,Finance-ETF / ETN,102,ARCA,36.42,0.5,0.18,4658,46.3,0,96,C+,-,B-,0
IYF,Ishares US Financials,MISC,Finance-ETF / ETN,102,ARCA,88.19,0.7,0.62,183,-69.1,0,84,C+,-,C,0
IYG,Ishares US Finl Svcs,MISC,Finance-ETF / ETN,102,ARCA,197.52,0.5,0.89,49,-40.8,0,84,C+,-,C+,0
IYH,Ishares US Healthcare,MISC,Finance-ETF / ETN,102,ARCA,281.64,1.3,3.59,34,-45.2,0,65,C+,-,E,0
IYJ,Ishares US Industrial,MISC,Finance-ETF / ETN,102,BATS,108.47,-0.4,-0.46,123,9.1,0,69,C+,-,D+,0
IYK,Ishares US Cnsmr Stpls,MISC,Finance-ETF / ETN,102,ARCA,203.56,1.1,2.19,97,226.3,0,86,C+,-,C,0
IYLD,Ishares Morningstar Ast,MISC,Finance-ETF / ETN,102,BATS,23.54,0.1,0.02,27,-20,0,55,C+,-,C,0
IYM,Ishares US Basic Mtrl,MISC,Finance-ETF / ETN,102,ARCA,135.02,0.6,0.87,83,45.9,0,77,C+,-,E,0
IYR,Ishares Us Real Estate,MISC,Finance-ETF / ETN,102,ARCA,107.58,1.5,1.59,5857,-19.4,0,77,C+,-,E,0
IYT,Ishares US Transprtn,MISC,Finance-ETF / ETN,102,BATS,268.56,0.3,0.89,92,-46.7,0,77,C+,-,C,0
IYW,Ishares Us Technology,MISC,Finance-ETF / ETN,102,ARCA,107.61,1.7,1.77,424,-31.4,0,81,C+,-,D,0
IYY,Ishares Dj Us Index Etf,MISC,Finance-ETF / ETN,102,ARCA,112.68,0.7,0.83,55,-29.4,0,75,C+,-,D-,0
IYZ,Ishares Us Telecom,MISC,Finance-ETF / ETN,102,BATS,31.03,0.2,0.07,357,-58.6,0,44,C+,-,D+,0
IZRL,ARK Israel Innov Tech,MISC,Finance-ETF / ETN,102,BATS,24.93,-2.4,-0.61,20,-71.5,0,25,C+,-,E,0
JAAA,Janus Henderson AAA CLO,MISC,Finance-ETF / ETN,102,ARCA,50.49,0.1,0.04,165,62.5,0,65,C+,-,A+,0
JAGG,J P Morgan U S Agg Bond,MISC,Finance-ETF / ETN,102,ARCA,52.76,0.1,0.07,263,116.4,0,52,C+,-,D+,0
JANZ,Trueshares StrcdOutcmJan,MISC,Finance-ETF / ETN,102,BATS,28.22,0.4,0.11,0,-93.6,0,60,C+,-,E,0
JAVA,J P Morgan Active Value,MISC,Finance-ETF / ETN,102,ARCA,53.6,0.6,0.34,4,120.4,0,79,C+,-,C,0
JBBB,Janus Henderson BbbbClo,MISC,Finance-ETF / ETN,102,BATS,50.23,0,0.02,108,87.4,0,65,C+,-,-,0
JCPB,JPMorgan Core Pl Bd ETF,MISC,Finance-ETF / ETN,102,BATS,53.1,0.1,0.03,53,49.8,0,52,C+,-,D,0
JCTR,JPMorgan Cb Trans U.S Eq,MISC,Finance-ETF / ETN,102,ARCA,61.64,0,0,0,0,0,79,C+,-,B+,0
JDIV,J P Morgan US Dividend,MISC,Finance-ETF / ETN,102,ARCA,34.05,0.2,0.06,1,-85.2,0,83,C+,-,B,0
JDST,Direxion Dly Jr Gld Br2x,MISC,Finance-ETF / ETN,102,ARCA,12.08,0.9,0.11,2914,-1,0,88,C+,-,A,0
JEMA,JPMorgan ActbldEmrgMrkEq,MISC,Finance-ETF / ETN,102,BATS,45.99,0,0.01,25,29,0,42,C+,-,C-,0
JEPI,J P Morgan Eq Prem Inc,MISC,Finance-ETF / ETN,102,ARCA,61.49,1.2,0.7,1681,21.9,0,72,C+,-,E,0
JETS,U S Global Jets ETF,MISC,Finance-ETF / ETN,102,ARCA,21.58,-0.3,-0.07,5168,-55.4,0,42,C+,-,D,0
JFWD,Jacob Forward ETF,MISC,Finance-ETF / ETN,102,ARCA,13.65,-5,-0.71,7,73.5,0,17,C+,-,E,0
JGLD,Amplify Pure Jr Gld Mine,MISC,Finance-ETF / ETN,102,ARCA,21.22,0,0,0,0,0,28,C+,-,D+,0
JHCB,John Hancock Corp Bd ETF,MISC,Finance-ETF / ETN,102,ARCA,24.61,0.4,0.1,0,-86.2,0,48,C+,-,E,0
JHCS,John Hancock MlfacMdComm,MISC,Finance-ETF / ETN,102,ARCA,33.57,-0.5,-0.17,0,-95.2,0,32,C+,-,E,0
JHEM,John Hancock Mf Emg Mkts,MISC,Finance-ETF / ETN,102,ARCA,29.22,-0.2,-0.06,56,325,0,48,C+,-,C,0
JHMA,John Hancock Mltfct Mats,MISC,Finance-ETF / ETN,102,ARCA,47.57,0.2,0.1,0,-44.9,0,72,C+,-,E,0
JHMB,John Hancock Mort Bck Sc,MISC,Finance-ETF / ETN,102,ARCA,24.28,0,0,0,0,0,55,C+,-,C+,0
JHMC,John Hancock Mltfct Cons,MISC,Finance-ETF / ETN,102,ARCA,51.1,-0.5,-0.24,1,-43.8,0,48,C+,-,C-,0
JHMD,John Hancock Mltfct Dev,MISC,Finance-ETF / ETN,102,ARCA,33.29,1,0.32,32,14.5,0,55,C+,-,B-,0
JHME,John Hancock Mltfct Enrg,MISC,Finance-ETF / ETN,102,ARCA,27.03,0.4,0.1,3,-44,0,97,C+,-,A-,0
JHMF,John Hancock Multfct Fin,MISC,Finance-ETF / ETN,102,ARCA,52.83,-0.5,-0.27,0,-96.8,0,81,C+,-,B-,0
JHMH,John Hancock Mltfct Hlth,MISC,Finance-ETF / ETN,102,ARCA,48.49,1.2,0.57,2,-67.1,0,60,C+,-,D,0
JHMI,John Hancock Mltfct Inds,MISC,Finance-ETF / ETN,102,ARCA,52,-0.3,-0.16,0,-86,0,69,C+,-,C+,0
JHML,John Hancock Mltfct LgCp,MISC,Finance-ETF / ETN,102,ARCA,57.14,0.9,0.51,50,-2.4,0,77,C+,-,B-,0
JHMM,John Hancock Mltfct MdCp,MISC,Finance-ETF / ETN,102,ARCA,52.5,0.5,0.25,495,171.5,0,65,C+,-,D,0
JHMS,John Hancock Mltfct CnSt,MISC,Finance-ETF / ETN,102,ARCA,37.11,1,0.37,0,-58.8,0,83,C+,-,E,0
JHMT,John Hancock Mltfct Tech,MISC,Finance-ETF / ETN,102,ARCA,92.31,-0.1,-0.09,0,-77.6,0,72,C+,-,D-,0
JHMU,John Hancock Mltfct Utls,MISC,Finance-ETF / ETN,102,ARCA,34.45,0,0,0,0,0,81,C+,-,C-,0
JHPI,John Hancock Pref IncEtf,MISC,Finance-ETF / ETN,102,ARCA,24.91,0,-0.01,0,-97.3,0,55,C+,-,-,0
JHSC,John Hancock Mltfct SmCp,MISC,Finance-ETF / ETN,102,ARCA,33.85,-0.2,-0.05,53,131.8,0,48,C+,-,C+,0
JIB,Janus Hend Sust &ImCrBd,MISC,Finance-ETF / ETN,102,ARCA,48.5,0,0,0,0,0,52,C+,-,A+,0
JIDA,JPMorgan Actbld Intl Eqt,MISC,Finance-ETF / ETN,102,ARCA,47.55,0,0,0,0,0,52,C+,-,C,0
JIG,J P Morgan Intl Grwth,MISC,Finance-ETF / ETN,102,ARCA,68.41,0.7,0.45,5,-47.3,0,30,C+,-,E,0
JIGB,J P Morgan Crp Bd Rsh En,MISC,Finance-ETF / ETN,102,ARCA,52.71,0.1,0.07,0,-79.8,0,42,C+,-,E,0
JJA,Ipath Series B Blom Agri,MISC,Finance-ETF / ETN,102,ARCA,23.63,-1.1,-0.25,3,-70,0,90,C+,-,B,0
JJC,Ipath Sr B Blom Copper,MISC,Finance-ETF / ETN,102,ARCA,22.48,1.2,0.26,155,377,0,81,C+,-,D+,0
JJE,Ipath Series B Blom Enrg,MISC,Finance-ETF / ETN,102,ARCA,49.03,0,0,0,0,0,96,C+,-,E,0
JJG,Ipath Sr B Blom Grains,MISC,Finance-ETF / ETN,102,ARCA,70.16,-0.6,-0.41,2,-66.1,0,86,C+,-,B+,0
JJM,Ipath Sr B Blom Ind Mtl,MISC,Finance-ETF / ETN,102,ARCA,68.81,0.1,0.07,0,8.9,0,91,C+,-,C-,0
JJN,Ipath Sr B Blom Nickel,MISC,Finance-ETF / ETN,102,ARCA,30.45,1,0.29,9,-55.3,0,94,C+,-,A-,0
JJP,Ipath Sr B Blom Prcs Mtl,MISC,Finance-ETF / ETN,102,ARCA,62.29,0,0,0,0,0,55,C+,-,D+,0
JJS,Ipath Sr B Blom Softs Sb,MISC,Finance-ETF / ETN,102,ARCA,64.82,0,0,0,0,0,94,C+,-,B,0
JJT,Ipath Sr B Blom Tin Sbid,MISC,Finance-ETF / ETN,102,ARCA,130.72,1.1,1.37,1,-47.6,0,98,C+,-,B-,0
JJU,Ipath Sr B Blom Aluminum,MISC,Finance-ETF / ETN,102,ARCA,62.51,-1.7,-1.06,3,11.9,0,94,C+,-,B+,0
JMBS,Janus Hend Mtg-Bck Sec,MISC,Finance-ETF / ETN,102,ARCA,51.95,0,0,183,20.2,0,55,C+,-,C-,0
JMIN,J P Morgan US Min Vol,MISC,Finance-ETF / ETN,102,ARCA,37.45,1.1,0.41,7,196.7,0,79,C+,-,D-,0
JMOM,J P Morgan US Mom Fac,MISC,Finance-ETF / ETN,102,ARCA,44.3,0.8,0.34,13,-65,0,60,C+,-,D,0
JMST,J P Morgan Ult ShMun Inc,MISC,Finance-ETF / ETN,102,BATS,50.81,0,-0.02,466,-15.2,0,65,C+,-,B,0
JMUB,JPMorgan Municipal ETF,MISC,Finance-ETF / ETN,102,BATS,53.46,0.2,0.11,5,-45.9,0,52,C+,-,E,0
JNK,Spdr Bloomberg Hi Yld Bd,MISC,Finance-ETF / ETN,102,ARCA,105.87,0.1,0.12,6307,-29.5,0,52,C+,-,D,0
JNUG,Direxion Jnr Gld Bull 2X,MISC,Finance-ETF / ETN,102,ARCA,53.77,-0.7,-0.39,848,-11,0,18,C+,-,D-,0
JO,Ipath Sr B Blom Coffee,MISC,Finance-ETF / ETN,102,ARCA,64.68,-0.2,-0.12,9,-81,0,97,C+,-,C-,0
JOET,Virtus Terranova US Qlty,MISC,Finance-ETF / ETN,102,NASDAQ,30.38,1.3,0.38,27,-57.9,0,69,C+,-,D-,0
JOJO,ATAC Credit Rotation Etf,MISC,Finance-ETF / ETN,102,ARCA,18.8,0.3,0.06,12,86.6,0,39,C+,-,E,0
JOYY,Infusive Compdng Glbl Eq,MISC,Finance-ETF / ETN,102,ARCA,30.03,0.3,0.08,1,-8.2,0,31,C+,-,D+,0
JPEM,J P Morgan Div Emg Mkt,MISC,Finance-ETF / ETN,102,ARCA,57.55,0,-0.01,19,5.9,0,69,C+,-,C,0
JPHY,Jpmorgan Hgh Yld Resrch,MISC,Finance-ETF / ETN,102,BATS,50.4,0.2,0.08,28,-60.7,0,52,C+,-,D,0
JPIB,J PMorgan IntlBond Opp,MISC,Finance-ETF / ETN,102,BATS,50.08,0.1,0.07,93,166.4,0,55,C+,-,D-,0
JPIE,J P Morgan Income Etf,MISC,Finance-ETF / ETN,102,ARCA,49.57,0,-0.01,25,150.4,0,55,C+,-,E,0
JPIN,J P Morgan DivRtrnIntlEq,MISC,Finance-ETF / ETN,102,ARCA,58.43,1.1,0.62,86,48,0,42,C+,-,C-,0
JPMB,J P Morgan Usd Emg SovBd,MISC,Finance-ETF / ETN,102,ARCA,46.98,0.4,0.21,8,-48.7,0,42,C+,-,C-,0
JPME,J P Morgan DivRtUsMdCpEq,MISC,Finance-ETF / ETN,102,ARCA,91.94,0.9,0.82,46,214.4,0,75,C+,-,B-,0
JPN,X Japan Jpx Nikkei400 Eq,MISC,Finance-ETF / ETN,102,ARCA,31.25,1.7,0.52,5,-20.2,0,39,C+,-,E,0
JPSE,J P Morgan DivRtrnUsSmCp,MISC,Finance-ETF / ETN,102,ARCA,42.74,-0.3,-0.11,62,127.1,0,55,C+,-,C-,0
JPST,J P Morgan Ultsht Income,MISC,Finance-ETF / ETN,102,BATS,50.44,0,0.01,2204,-27.2,0,65,C+,-,D,0
JPUS,J P Morgan Div RtrnUsEqt,MISC,Finance-ETF / ETN,102,ARCA,103,0.9,0.91,5,-64.5,0,81,C+,-,B-,0
JPXN,Ishares Jpx Nikkei 400,MISC,Finance-ETF / ETN,102,ARCA,68.57,1.5,1.02,1,-4.8,0,37,C+,-,E,0
JQUA,J P Morgan US Qlty Fac,MISC,Finance-ETF / ETN,102,ARCA,43.3,1,0.45,17,-65.4,0,79,C+,-,E,0
JRE,Janus Henderson US Rl Es,MISC,Finance-ETF / ETN,102,ARCA,26.87,0.9,0.23,0,-95.4,0,72,C+,-,E,0
JRNY,ALPS Global Travel Bnf,MISC,Finance-ETF / ETN,102,ARCA,24.54,1.7,0.4,3,36.6,0,44,C+,-,D-,0
JSCP,J P Morgan Sh Dur CorePl,MISC,Finance-ETF / ETN,102,ARCA,49.15,0,0.02,115,160.1,0,55,C+,-,E,0
JSMD,Janus Hend Sm MdCp Gr Al,MISC,Finance-ETF / ETN,102,NASDAQ,60.83,-0.5,-0.31,15,-38.6,0,33,C+,-,E,0
JSML,Janus Hend Sm Cp Gr Al,MISC,Finance-ETF / ETN,102,NASDAQ,56.59,-1.1,-0.64,48,205.5,0,27,C+,-,C,0
JSTC,Adasina Scl JusAllCapGbl,MISC,Finance-ETF / ETN,102,ARCA,17.44,0.4,0.07,4,-80.1,0,65,C+,-,B-,0
JULZ,TrueShares StrucdOutcome,MISC,Finance-ETF / ETN,102,BATS,33.86,0,0,0,0,0,75,C+,-,A,0
JUNZ,Trueshares StrucOut June,MISC,Finance-ETF / ETN,102,BATS,26.3,0,0,0,0,0,69,C+,-,A+,0
JUSA,JPMorgan Actbld USLgCpEq,MISC,Finance-ETF / ETN,102,ARCA,51.65,1.6,0.84,0,10.2,0,69,C+,-,D+,0
JUST,Goldman Sachs Jt US LgCp,MISC,Finance-ETF / ETN,102,ARCA,65.64,0.7,0.48,6,-45.1,0,79,C+,-,B-,0
JVAL,J P Morgan US Value Fac,MISC,Finance-ETF / ETN,102,ARCA,37.83,1.1,0.42,64,-23.3,0,79,C+,-,E,0
JXI,Ishares Global Utilities,MISC,Finance-ETF / ETN,102,ARCA,63.26,1.1,0.69,4,-79.8,0,69,C+,-,D+,0
JZRO,Janus Hend Net ZeroTrRes,MISC,Finance-ETF / ETN,102,ARCA,25.5,2.8,0.69,0,92.8,0,60,C+,-,C-,0
KALL,Kraneshrs Msci China Shr,MISC,Finance-ETF / ETN,102,ARCA,27.94,-0.2,-0.07,1,-6.3,0,27,C+,-,E,0
KAPR,Innov US Sm Cp PwrBr Apr,MISC,Finance-ETF / ETN,102,BATS,26.36,-0.3,-0.08,1,-87.2,0,48,C+,-,C,0
KARS,Kraneshares Elec Veh Fut,MISC,Finance-ETF / ETN,102,ARCA,42.41,-0.5,-0.22,31,-68.2,0,33,C+,-,C-,0
KBA,Kraneshs BosMsciChinaA50,MISC,Finance-ETF / ETN,102,ARCA,40.56,0.3,0.13,118,-37.9,0,30,C+,-,D-,0
KBE,Spdr S&P Bank Etf,MISC,Finance-ETF / ETN,102,ARCA,55.76,-0.2,-0.11,1473,-46.6,0,83,C+,-,C,0
KBND,Kraneshrs Brg Chi Bd Inx,MISC,Finance-ETF / ETN,102,ARCA,34.45,0.6,0.2,0,-38.8,0,55,C+,-,A+,0
KBUY,Kraneshares CICC ChCnLdr,MISC,Finance-ETF / ETN,102,ARCA,22.78,-0.4,-0.08,3,-51.5,0,35,C+,-,C+,0
KBWB,Invesco Kbw Bank,MISC,Finance-ETF / ETN,102,NASDAQ,71.34,0.5,0.35,918,-36.5,0,86,C+,-,A,0
KBWD,Invesco Kbw High Div,MISC,Finance-ETF / ETN,102,NASDAQ,19.93,-0.6,-0.12,309,126.3,0,69,C+,-,E,0
KBWP,Invesco Kbw P&C Insr,MISC,Finance-ETF / ETN,102,NASDAQ,81.58,1.7,1.39,2,-49.6,0,79,C+,-,C+,0
KBWR,Invesco Kbw Reg Bank,MISC,Finance-ETF / ETN,102,NASDAQ,64.75,-0.3,-0.22,13,46.9,0,84,C+,-,B,0
KBWY,Invesco Kbw Yld Eq Reit,MISC,Finance-ETF / ETN,102,NASDAQ,24.46,0,0,148,6,0,81,C+,-,C,0
KCCA,Kraneshares Cali CbAlStr,MISC,Finance-ETF / ETN,102,ARCA,25.03,1.7,0.41,43,-56.3,0,37,C+,-,C+,0
KCE,Spdr S&P Captl Mkts Etf,MISC,Finance-ETF / ETN,102,ARCA,96.24,-0.1,-0.1,52,-29.3,0,72,C+,-,E,0
KDRN,Kingsbarn Tactical Bond,MISC,Finance-ETF / ETN,102,ARCA,24.48,0,0,0,0,0,55,C+,-,-,0
KEJI,Global X China Biot Inno,MISC,Finance-ETF / ETN,102,NASDAQ,15.87,0,0,0,0,0,22,C+,-,D-,0
KEMQ,Kraneshrs Emg Mkt CnTech,MISC,Finance-ETF / ETN,102,ARCA,21.59,-0.7,-0.16,52,-36.6,0,19,C+,-,C-,0
KEMX,Kraneshrs Msci EM China,MISC,Finance-ETF / ETN,102,ARCA,31.44,0.2,0.05,1,-79.8,0,55,C+,-,C-,0
KESG,Kraneshares MsciChinaEsg,MISC,Finance-ETF / ETN,102,ARCA,26.41,0,0,0,0,0,27,C+,-,C+,0
KEUA,Kraneshares Euro CbAlStr,MISC,Finance-ETF / ETN,102,ARCA,36.22,5.2,1.79,36,33.8,0,97,C+,-,C+,0
KFVG,KraneShrs CICC Ch 5G/Sem,MISC,Finance-ETF / ETN,102,ARCA,23.68,0.2,0.05,3,-47,0,35,C+,-,C+,0
KFYP,Krneshrs Cicc ChnLdrs100,MISC,Finance-ETF / ETN,102,ARCA,28.9,0.2,0.06,0,-44.9,0,35,C+,-,B-,0
KGRN,KraneShrs MSCI Ch Cln Th,MISC,Finance-ETF / ETN,102,ARCA,41.2,0,-0.01,19,-39.7,0,31,C+,-,D-,0
KGRO,Kraneshares China Innov,MISC,Finance-ETF / ETN,102,ARCA,22.26,0,0,0,0,0,28,C+,-,C+,0
KHYB,Kraneshrs Asia PacHiYdBd,MISC,Finance-ETF / ETN,102,ARCA,31.68,0,0.01,3,-75.5,0,30,C+,-,C-,0
KIE,Spdr S&P Insurance Etf,MISC,Finance-ETF / ETN,102,ARCA,40.56,0.8,0.34,455,-37.7,0,79,C+,-,C-,0
KJAN,Innov US Sm Cp PwrBr Jan,MISC,Finance-ETF / ETN,102,BATS,30.82,-0.6,-0.18,24,-43.4,0,65,C+,-,D,0
KJUL,Innov US Sm Cp Pwr BfJul,MISC,Finance-ETF / ETN,102,BATS,25.33,-0.3,-0.08,4,-78.8,0,48,C+,-,D,0
KLCD,Kfa Large Cap Qlty Divi,MISC,Finance-ETF / ETN,102,ARCA,32.91,0.8,0.25,5,-10.3,0,65,C+,-,D-,0
KLDW,Knwl Ldrs Dev Wd,MISC,Finance-ETF / ETN,102,ARCA,44.28,1.1,0.49,10,91,0,42,C+,-,D+,0
KLNE,Direxion Glb CleanBull2x,MISC,Finance-ETF / ETN,102,ARCA,16.23,-0.1,-0.02,2,-67.7,0,13,C+,-,C+,0
KMED,Kraneshrs Emg Mkt Hlthcr,MISC,Finance-ETF / ETN,102,ARCA,24.99,0.5,0.13,0,-55.9,0,22,C+,-,D,0
KMLM,KFA Mount Lucas IndStrat,MISC,Finance-ETF / ETN,102,ARCA,28.15,0.7,0.19,5,43.4,0,52,C+,-,C+,0
KNG,FT CboeVest S&P500 DivAr,MISC,Finance-ETF / ETN,102,BATS,55.55,0.8,0.44,43,-30.1,0,75,C+,-,D-,0
KNGS,Upholdings Compound King,MISC,Finance-ETF / ETN,102,BATS,25.39,-1,-0.25,1,-49.6,0,35,C+,-,D,0
KOCG,FIS Knights of Columbus,MISC,Finance-ETF / ETN,102,ARCA,24.77,0,0,0,0,0,52,C+,-,B,0
KOCT,Innov US Sm Cp Pwr BfOct,MISC,Finance-ETF / ETN,102,BATS,26.07,-0.6,-0.16,3,-72.7,0,48,C+,-,B-,0
KOIN,Capital Lnk Glb Fint Ldr,MISC,Finance-ETF / ETN,102,ARCA,41.67,-0.6,-0.24,2,-33.3,0,55,C+,-,D-,0
KOKU,X Msci Kokusai Equity,MISC,Finance-ETF / ETN,102,ARCA,83.37,0,0,0,0,0,72,C+,-,B-,0
KOLD,Proshrs Ultsht Bloom Nat,MISC,Finance-ETF / ETN,102,ARCA,21.4,-25.2,-7.21,14153,708.1,0,6,C+,-,E,0
KOMP,Spdr S&P Kensho New Eco,MISC,Finance-ETF / ETN,102,ARCA,51.91,-1.1,-0.59,147,-34.5,0,24,C+,-,E,0
KONG,Formidable Fortress Etf,MISC,Finance-ETF / ETN,102,ARCA,24.59,0,0,0,0,0,48,C+,-,D+,0
KORP,American Century Div CpB,MISC,Finance-ETF / ETN,102,ARCA,50.87,0.1,0.03,3,-44.7,0,52,C+,-,B+,0
KORU,Direxion Dly SKorBull 3X,MISC,Finance-ETF / ETN,102,ARCA,20.82,2.2,0.45,199,86.3,0,13,C+,-,E,0
KRBN,Kraneshares Glob Cb Str,MISC,Finance-ETF / ETN,102,ARCA,54.83,5.1,2.64,1334,78.1,0,98,C+,-,C+,0
KRE,Spdr S&P Regional Bank,MISC,Finance-ETF / ETN,102,ARCA,72.58,-0.1,-0.1,7849,-20.7,0,85,C+,-,D,0
KRMA,Global X Conscious Co,MISC,Finance-ETF / ETN,102,NASDAQ,32.62,0.8,0.27,43,-12.8,0,75,C+,-,E,0
KROP,Global X Agtech &FoodInv,MISC,Finance-ETF / ETN,102,NASDAQ,18.28,-0.8,-0.14,12,314.5,0,24,C+,-,D-,0
KSA,Ishares Msci Sau Ara Etf,MISC,Finance-ETF / ETN,102,ARCA,44.82,-0.8,-0.37,244,-33.1,0,91,C+,-,B+,0
KSCD,Kfa Small Cap Quality Di,MISC,Finance-ETF / ETN,102,ARCA,27.79,-0.7,-0.2,2,-35.2,0,55,C+,-,E,0
KSTR,Kraneshr Sse Star Mkt 50,MISC,Finance-ETF / ETN,102,ARCA,21.37,0.2,0.05,9,-67.2,0,30,C+,-,E,0
KTEC,Kraneshr Hang SngTechIdx,MISC,Finance-ETF / ETN,102,ARCA,17.97,2,0.35,9,-4.1,0,25,C+,-,C+,0
KURE,Kraneshrs Msci Ch HlthCr,MISC,Finance-ETF / ETN,102,ARCA,24.85,-0.4,-0.11,12,-68.5,0,15,C+,-,D-,0
KVLE,KFA Value Line DynCoreEq,MISC,Finance-ETF / ETN,102,ARCA,23.52,0,0,0,0,0,55,C+,-,C+,0
KWEB,Kraneshrs CSI China Int,MISC,Finance-ETF / ETN,102,ARCA,36.65,-2.7,-1.02,10050,-31.9,0,15,C+,-,C+,0
KWT,Ishares MSCI Kuwait Etf,MISC,Finance-ETF / ETN,102,BATS,35.03,0,0,0,0,0,83,C+,-,C,0
KXI,Ishares Global Cnsr Stp,MISC,Finance-ETF / ETN,102,ARCA,63.75,1,0.66,51,-71.5,0,77,C+,-,B-,0
LABD,Direxion S&P Bio Bear 3X,MISC,Finance-ETF / ETN,102,ARCA,40.67,9.9,3.67,4683,40.5,0,99,C+,-,B-,0
LABU,Direxion S&P Bio Bull 3X,MISC,Finance-ETF / ETN,102,ARCA,18.32,-10.6,-2.17,16948,51.6,0,1,C+,-,D,0
LBAY,Leatherback LgSh Alt Yld,MISC,Finance-ETF / ETN,102,ARCA,26.28,1.1,0.29,10,961.9,0,88,C+,-,B,0
LCG,Sterling Capital FocusEq,MISC,Finance-ETF / ETN,102,ARCA,27.26,0.5,0.13,7,-31.3,0,37,C+,-,D,0
LCR,Leuthold Core Etf,MISC,Finance-ETF / ETN,102,ARCA,30.86,0,0,0,0,0,69,C+,-,A-,0
LCTD,BlckRk Wd ex US Cb Tr Rd,MISC,Finance-ETF / ETN,102,ARCA,46.64,0.9,0.4,0,-91.5,0,48,C+,-,D-,0
LCTU,BlackRock U.S. Carb TrRd,MISC,Finance-ETF / ETN,102,ARCA,51.35,0.1,0.07,1,-81.4,0,69,C+,-,E,0
LD,Ipath Bloom Ld Subindex,MISC,Finance-ETF / ETN,102,ARCA,47.21,0,0,0,0,0,65,C+,-,E,0
LDEM,Ishares Esg Msci Em Ldrs,MISC,Finance-ETF / ETN,102,NASDAQ,58.37,0,0.01,6,-68.8,0,39,C+,-,D-,0
LDSF,First Trust LowDurStrFcs,MISC,Finance-ETF / ETN,102,NASDAQ,19.85,0,-0.01,877,654.4,0,55,C+,-,B,0
LDUR,Pimco Enhanced Lw Du Act,MISC,Finance-ETF / ETN,102,ARCA,100.09,0.1,0.06,51,-27.2,0,55,C+,-,E,0
LEAD,Siren Divcon Leaders Div,MISC,Finance-ETF / ETN,102,BATS,56.9,1,0.55,10,68.2,0,77,C+,-,D,0
LEGR,First Tr Indxx Innov T&P,MISC,Finance-ETF / ETN,102,NASDAQ,43.85,0.6,0.24,39,66,0,75,C+,-,B,0
LEMB,Ishares JPM EM Locl Cur,MISC,Finance-ETF / ETN,102,ARCA,39.76,0.3,0.11,74,-60,0,37,C+,-,B,0
LEXI,Alexis Practical Tacticl,MISC,Finance-ETF / ETN,102,ARCA,25.93,0.3,0.08,0,-91.2,0,65,C+,-,B-,0
LFEQ,Vaneck Long Flat Trend,MISC,Finance-ETF / ETN,102,ARCA,42.51,0.9,0.37,139,1625.1,0,79,C+,-,E,0
LGBT,LGBTQ + ESG100 Etf,MISC,Finance-ETF / ETN,102,NASDAQ,26.08,0,0,0,0,0,55,C+,-,E,0
LGH,Hcm Defender 500 Index,MISC,Finance-ETF / ETN,102,ARCA,41.97,0.4,0.16,54,-14.3,0,77,C+,-,C+,0
LGLV,Spdr SsgaUsLrgCpLwVlIndx,MISC,Finance-ETF / ETN,102,ARCA,142.5,1.1,1.5,25,0,0,79,C+,-,D-,0
LGOV,First Trust Long Dur Opp,MISC,Finance-ETF / ETN,102,ARCA,27.28,0.6,0.15,5,-21.3,0,52,C+,-,D-,0
LIT,Global X Li Battery Tech,MISC,Finance-ETF / ETN,102,ARCA,79.15,-0.4,-0.34,506,-50.4,0,72,C+,-,D-,0
LIV,Emles @Home ETF,MISC,Finance-ETF / ETN,102,BATS,22.99,0,0,0,0,0,25,C+,-,C+,0
LKOR,Flexshr Cr Scor US Ln Cp,MISC,Finance-ETF / ETN,102,BATS,56.27,0.5,0.29,1,-74.6,0,37,C+,-,D+,0
LMBS,First Trust Low Dura Opp,MISC,Finance-ETF / ETN,102,NASDAQ,49.77,0.1,0.03,675,-31.7,0,55,C+,-,E,0
LOPP,Gabelli LoveOur Plnt&Ppl,MISC,Finance-ETF / ETN,102,ARCA,27.74,-0.2,-0.04,2,235.4,0,55,C+,-,B-,0
LOPX,Direxion Low Priced Stk,MISC,Finance-ETF / ETN,102,ARCA,6.87,-2.4,-0.17,0,-81.6,0,19,C+,-,C+,0
LOUP,Innovator Loup Fron Tech,MISC,Finance-ETF / ETN,102,ARCA,47.05,-1.1,-0.5,18,86.7,0,30,C+,-,C,0
LOWC,Spdr Msci Acwi Low Carb,MISC,Finance-ETF / ETN,102,ARCA,128.21,0.5,0.64,1,-12.9,0,65,C+,-,C,0
LQD,Ishares Iboxx $ Invgrdcp,MISC,Finance-ETF / ETN,102,ARCA,127.74,0,0.01,18581,35.4,0,44,C+,-,C-,0
LQDB,Ishares BBB Rated Corp,MISC,Finance-ETF / ETN,102,ARCA,98.12,0,0,0,0,0,48,C+,-,C,0
LQDH,Ishares Int Rt Hd CorpBd,MISC,Finance-ETF / ETN,102,ARCA,94.46,-0.2,-0.21,86,-47.4,0,60,C+,-,E,0
LQDI,Ishares Inflation HgCpBd,MISC,Finance-ETF / ETN,102,BATS,29.24,-0.6,-0.18,51,-16.9,0,60,C+,-,D-,0
LRGE,Clearbridge Large Cap Gr,MISC,Finance-ETF / ETN,102,NASDAQ,55.81,-0.4,-0.25,47,18,0,65,C+,-,C-,0
LRGF,iShares MSCI USA Multifa,MISC,Finance-ETF / ETN,102,ARCA,44.59,1.3,0.58,268,150.5,0,75,C+,-,D+,0
LRNZ,Trueshares Tech AI & Dp,MISC,Finance-ETF / ETN,102,ARCA,38.84,-2,-0.79,6,-52.4,0,26,C+,-,D+,0
LSAF,Leadershares AlfacUSCrEq,MISC,Finance-ETF / ETN,102,ARCA,33.74,0.8,0.28,13,14.1,0,72,C+,-,B,0
LSAT,Leadershares Alphafr Tac,MISC,Finance-ETF / ETN,102,ARCA,35.3,0.8,0.26,14,5.3,0,75,C+,-,B-,0
LSLT,Pacer SaltLow TrubetaUS,MISC,Finance-ETF / ETN,102,BATS,32.79,0,0,0,0,0,79,C+,-,C+,0
LSST,Natixis Loomis Syls ShDr,MISC,Finance-ETF / ETN,102,ARCA,24.71,0,0,0,0,0,55,C+,-,D,0
LTL,Proshrs Ultra Telecomm,MISC,Finance-ETF / ETN,102,ARCA,48.51,1.3,0.63,1,-50.5,0,60,C+,-,D-,0
LTPZ,Pimco 15+ Yr Us Tips Idx,MISC,Finance-ETF / ETN,102,ARCA,84.09,-0.2,-0.17,110,-41.3,0,48,C+,-,E,0
LUXE,Emles Luxury Goods ETF,MISC,Finance-ETF / ETN,102,BATS,28.46,0.4,0.11,10,156.3,0,39,C+,-,B-,0
LVHD,Legg Mason Lw Vol Hi Div,MISC,Finance-ETF / ETN,102,NASDAQ,39.68,1.2,0.46,66,2.8,0,84,C+,-,D-,0
LVHI,Legg Mason Intl LwVlHiDv,MISC,Finance-ETF / ETN,102,BATS,27.36,0.6,0.15,34,175.9,0,83,C+,-,B,0
LVOL,American Century Low Vl,MISC,Finance-ETF / ETN,102,ARCA,46.31,0.2,0.08,0,-81.8,0,72,C+,-,C+,0
LYFE,2ndvote Life NeutralPlus,MISC,Finance-ETF / ETN,102,BATS,31.9,0,0,0,0,0,77,C+,-,B-,0
MAAX,Vaneck Muni Allocation,MISC,Finance-ETF / ETN,102,BATS,23.96,0.2,0.04,1,164.5,0,48,C+,-,E,0
MAGA,Point Bridge Gop Stock,MISC,Finance-ETF / ETN,102,BATS,39.52,0.7,0.28,1,-22.2,0,85,C+,-,D-,0
MAKX,Proshares S&P KenshoSmrt,MISC,Finance-ETF / ETN,102,ARCA,36.62,0,0,0,0,0,30,C+,-,C+,0
MAMB,Monarch Ambassador Incm,MISC,Finance-ETF / ETN,102,BATS,24.51,0,0,0,-74.3,0,52,C+,-,C+,0
MARB,First Trust Merger Arbtg,MISC,Finance-ETF / ETN,102,ARCA,19.77,0,0,0,0,0,69,C+,-,B,0
MARZ,Trueshares StrcOtcme Mar,MISC,Finance-ETF / ETN,102,BATS,27.4,0,0,0,0,0,65,C+,-,C+,0
MAYZ,TrueShares Struc Oc May,MISC,Finance-ETF / ETN,102,BATS,26.04,0,0,0,0,0,65,C+,-,E,0
MBB,Ishares M B S Etf,MISC,Finance-ETF / ETN,102,NASDAQ,105.79,0.1,0.09,2684,77,0,52,C+,-,D,0
MBBB,Vaneck Moodys AnlBbbCpBd,MISC,Finance-ETF / ETN,102,BATS,24.08,0,0,0,0,0,48,C+,-,C-,0
MBCC,Monarch Blue Chips Core,MISC,Finance-ETF / ETN,102,BATS,27.65,-0.4,-0.11,0,-80,0,69,C+,-,C+,0
MBND,Spdr Nuveen Municipal Bd,MISC,Finance-ETF / ETN,102,BATS,28.94,0.4,0.11,3,76.3,0,48,C+,-,E,0
MBOX,Freedom Day Dividend Etf,MISC,Finance-ETF / ETN,102,ARCA,26.61,0.5,0.14,1,-43.2,0,75,C+,-,C-,0
MBSD,Flexshr Discip Dur Mbs,MISC,Finance-ETF / ETN,102,ARCA,22.87,0.1,0.02,6,-76.1,0,48,C+,-,D,0
MCEF,First Tr Muni Cef IncOpp,MISC,Finance-ETF / ETN,102,NASDAQ,19.53,0.2,0.03,2,-69.7,0,39,C+,-,E,0
MCHI,Ishares Msci China Etf,MISC,Finance-ETF / ETN,102,NASDAQ,62.48,-0.8,-0.51,4372,-16.1,0,27,C+,-,C+,0
MCRO,Indexiq Hedge Macro Trac,MISC,Finance-ETF / ETN,102,ARCA,27.58,0.1,0.04,0,-33.9,0,52,C+,-,E,0
MDCP,Victoryshr Thb Md Cp ESG,MISC,Finance-ETF / ETN,102,NASDAQ,24.35,0,0,0,0,0,55,C+,-,A+,0
MDEV,First Trust Indxx Mdl Dv,MISC,Finance-ETF / ETN,102,BATS,23.14,0.7,0.16,1,-85.7,0,30,C+,-,C,0
MDIV,First Tr VI MultiAsstDv,MISC,Finance-ETF / ETN,102,NASDAQ,16.88,0.4,0.07,163,80.6,0,72,C+,-,C+,0
MDY,Spdr S&P Mid Cap 400 Etf,MISC,Finance-ETF / ETN,102,ARCA,485.76,0.2,0.83,925,-31.7,0,55,C+,-,E,0
MDYG,Spdr S&P 400 Mid Growth,MISC,Finance-ETF / ETN,102,ARCA,74.04,0,0.04,101,-37.3,0,42,C+,-,D+,0
MDYV,Spdr S&P 400 Mid Value,MISC,Finance-ETF / ETN,102,ARCA,68.89,0,0,81,-37.8,0,75,C+,-,C-,0
MEAR,Blackrock ShtMrty MuniBd,MISC,Finance-ETF / ETN,102,BATS,49.93,0,0.01,13,-70.3,0,60,C+,-,D,0
MEME,Roundhill Meme Etf,MISC,Finance-ETF / ETN,102,ARCA,11.07,-5.1,-0.6,4,-82.5,0,18,C+,-,-,0
MENV,AdvisorshrsNrSqMkEsgCrBd,MISC,Finance-ETF / ETN,102,ARCA,25.21,0,0,0,0,0,52,C+,-,E,0
METV,Roundhill Ball Metaverse,MISC,Finance-ETF / ETN,102,ARCA,13.08,-0.4,-0.05,951,-61.3,0,30,C+,-,E,0
MEXX,Direxion Dly Msci MexBul,MISC,Finance-ETF / ETN,102,ARCA,87.84,-0.9,-0.8,0,-96.6,0,91,C+,-,D-,0
MFDX,Pimco Rafi Dyn Mf Intl,MISC,Finance-ETF / ETN,102,ARCA,29.74,1.3,0.38,17,353.6,0,65,C+,-,B-,0
MFEM,Pimco Rafi Dyn Mf Emg Mk,MISC,Finance-ETF / ETN,102,ARCA,23.07,0.5,0.11,17,-74.9,0,22,C+,-,D,0
MFUL,Mindful Conservative Etf,MISC,Finance-ETF / ETN,102,BATS,23.69,0,0,0,0,0,42,C+,-,E,0
MFUS,Pimco Rafi Dyn Mf US Eq,MISC,Finance-ETF / ETN,102,ARCA,40.77,0.4,0.14,0,-51.6,0,79,C+,-,C+,0
MGC,Vanguard Mega Cap ETF,MISC,Finance-ETF / ETN,102,ARCA,161.78,0.9,1.42,98,-9.4,0,79,C+,-,E,0
MGK,Vanguard Mega Cap Growth,MISC,Finance-ETF / ETN,102,ARCA,241.87,0.8,1.83,478,44.9,0,75,C+,-,C-,0
MGMT,Ballast Small/Mid Cap,MISC,Finance-ETF / ETN,102,ARCA,35.86,-0.1,-0.04,5,-40.8,0,75,C+,-,C+,0
MGV,Vanguard Mega Cap Val,MISC,Finance-ETF / ETN,102,ARCA,107.7,1,1.08,309,55.4,0,84,C+,-,D-,0
MID,American Century MdCpGrw,MISC,Finance-ETF / ETN,102,ARCA,48.68,-0.9,-0.42,0,-77.9,0,28,C+,-,D-,0
MIDE,Xtrackers S&P MC 400 Esg,MISC,Finance-ETF / ETN,102,ARCA,26.58,-0.1,-0.04,0,-63.7,0,55,C+,-,C+,0
MIDF,iShares MSCI USA MdCp Mf,MISC,Finance-ETF / ETN,102,ARCA,38.99,0.5,0.21,0,-81.8,0,77,C+,-,B-,0
MIDU,Direxion Mc Bull 3X Shrs,MISC,Finance-ETF / ETN,102,ARCA,56.7,0.4,0.2,23,-56.9,0,37,C+,-,D+,0
MIG,Vaneck Moodys Anl IG Cp,MISC,Finance-ETF / ETN,102,BATS,23.98,0,0,0,0,0,48,C+,-,D-,0
MILN,Global X Millennial Cons,MISC,Finance-ETF / ETN,102,NASDAQ,38.22,-0.9,-0.35,42,52,0,33,C+,-,C,0
MINC,Advisorshrs Newf MltiSec,MISC,Finance-ETF / ETN,102,ARCA,48,-0.1,-0.03,6,70.5,0,55,C+,-,C-,0
MINN,Mairs & Power MN Muni Bd,MISC,Finance-ETF / ETN,102,BATS,24.5,0.3,0.08,17,302.6,0,52,C+,-,C+,0
MINO,PIMCO Mun Inc Opp ActEtf,MISC,Finance-ETF / ETN,102,ARCA,48.65,0.2,0.11,0,-90.6,0,55,C+,-,E,0
MINT,Pimco Enhanced St Mt Act,MISC,Finance-ETF / ETN,102,ARCA,101.32,0,0,839,-26.6,0,60,C+,-,D-,0
MJ,Etfmg Alternative Harv,MISC,Finance-ETF / ETN,102,ARCA,10.04,-2.9,-0.3,1243,10.6,0,14,C+,-,D,0
MJIN,ETFMG 2x Dly InvAltHrvst,MISC,Finance-ETF / ETN,102,ARCA,14,1.5,0.21,1,-80.3,0,97,C+,-,C+,0
MJUS,ETFMG U.S. Alt Harvest,MISC,Finance-ETF / ETN,102,ARCA,5.21,-1.9,-0.1,2,-85.6,0,15,C+,-,E,0
MJXL,ETFMG 2x Daily Alt Hrvst,MISC,Finance-ETF / ETN,102,ARCA,2.45,-2,-0.05,4,-55,0,3,C+,-,C+,0
MLN,Vaneck Long Muni Etf,MISC,Finance-ETF / ETN,102,BATS,20.89,0.6,0.13,63,-25.4,0,48,C+,-,E,0
MLPA,Global X MLP,MISC,Finance-ETF / ETN,102,ARCA,39.97,0.6,0.24,117,-47.1,0,89,C+,-,B-,0
MLPB,Etracs Alerian MlpI Infr,MISC,Finance-ETF / ETN,102,ARCA,17.41,0.6,0.11,4,-80.9,0,90,C+,-,B-,0
MLPO,Credit Suisse S&P MLP In,MISC,Finance-ETF / ETN,102,ARCA,9.65,0,0,0,0,0,44,C+,-,D,0
MLPR,Etracs Q P 1.5xLvAlerMlp,MISC,Finance-ETF / ETN,102,ARCA,37.97,1.1,0.42,2,95,0,93,C+,-,C+,0
MLPX,Global X MLP & Ener Infr,MISC,Finance-ETF / ETN,102,ARCA,39.57,1.3,0.5,148,-14.8,0,89,C+,-,B-,0
MMCA,IQ MacKay CA Mun Intermd,MISC,Finance-ETF / ETN,102,ARCA,24.21,0,0,0,0,0,52,C+,-,-,0
MMIN,IQ Mackay Mncpl Insured,MISC,Finance-ETF / ETN,102,ARCA,26.89,0.3,0.09,143,15.2,0,52,C+,-,C+,0
MMIT,IQ Mackay Mncp Intrm ETF,MISC,Finance-ETF / ETN,102,ARCA,26.08,0.1,0.04,64,35.1,0,52,C+,-,D-,0
MMLG,First Trust MultiMgrLgGr,MISC,Finance-ETF / ETN,102,ARCA,24.15,-0.5,-0.13,25,-45.9,0,35,C+,-,D-,0
MMSC,First Tr MultiMgrSmCpOpp,MISC,Finance-ETF / ETN,102,ARCA,17.48,1,0.17,1,10.2,0,25,C+,-,E,0
MMTM,Spdr S&P 1500 Momentum,MISC,Finance-ETF / ETN,102,ARCA,195.23,1.1,2.18,1,-25.5,0,77,C+,-,B-,0
MNA,Indexiq Merger Arbitrage,MISC,Finance-ETF / ETN,102,ARCA,31.71,-0.1,-0.04,89,-10.1,0,48,C+,-,E,0
MNM,Direxion Dly Mtl MnrBl2x,MISC,Finance-ETF / ETN,102,ARCA,28.28,3.9,1.07,2,-42.5,0,81,C+,-,-,0
MOAT,Vaneck Morningstar Wd Mt,MISC,Finance-ETF / ETN,102,BATS,74.99,0.2,0.16,748,21.9,0,75,C+,-,E,0
MOHR,Mohr Growth Etf,MISC,Finance-ETF / ETN,102,BATS,23.2,0.2,0.04,0,-97.9,0,37,C+,-,C+,0
MOO,Vaneck Agribusiness Etf,MISC,Finance-ETF / ETN,102,ARCA,94.57,0.4,0.38,267,354.8,0,77,C+,-,B,0
MOON,Direxion Moonshot Invtr,MISC,Finance-ETF / ETN,102,ARCA,20.67,-4.1,-0.88,47,-24.1,0,14,C+,-,C+,0
MORT,Vaneck Mortgage Reit Inc,MISC,Finance-ETF / ETN,102,ARCA,17.4,-1.1,-0.2,95,-29.4,0,42,C+,-,E,0
MOTE,VanEck Mrnstr Esg Moat,MISC,Finance-ETF / ETN,102,BATS,25.47,0.2,0.06,0,-26.5,0,52,C+,-,E,0
MOTG,Vaneck Mrnstr Glb Wi Mt,MISC,Finance-ETF / ETN,102,BATS,37.21,0.2,0.07,1,-67.2,0,44,C+,-,C-,0
MOTI,Vaneck Morningstar Intl,MISC,Finance-ETF / ETN,102,BATS,33.27,0.4,0.12,4,-51,0,48,C+,-,B-,0
MOTO,Smartetfs Smrt TransTech,MISC,Finance-ETF / ETN,102,ARCA,44.69,1,0.44,2,22.5,0,44,C+,-,C+,0
MPRO,Monarch Procap ETF,MISC,Finance-ETF / ETN,102,BATS,27.31,0.1,0.04,0,-93.1,0,75,C+,-,C+,0
MRAD,SmartETFs Adv & Mkt Tech,MISC,Finance-ETF / ETN,102,ARCA,23.38,0.6,0.15,0,-55.9,0,24,C+,-,C+,0
MRGR,Proshrs Merger Etf,MISC,Finance-ETF / ETN,102,BATS,40.87,-0.1,-0.06,5,-54.7,0,69,C+,-,E,0
MRSK,Toews Aglty Shrs Mgd Rsk,MISC,Finance-ETF / ETN,102,BATS,28.74,-0.1,-0.03,5,-59.3,0,37,C+,-,B,0
MSGR,Direxion Mrna Etf,MISC,Finance-ETF / ETN,102,ARCA,18.4,-2.5,-0.48,3,-35.9,0,22,C+,-,-,0
MSMR,Mcelhenny SheffieldMngRk,MISC,Finance-ETF / ETN,102,BATS,23.08,0.1,0.03,1,-92.7,0,37,C+,-,C+,0
MSOS,Advisorshrs PrUSCannabis,MISC,Finance-ETF / ETN,102,ARCA,22.01,-3,-0.68,1458,3.2,0,16,C+,-,D,0
MSTB,Lha Market State Tact Bt,MISC,Finance-ETF / ETN,102,BATS,30.5,1.6,0.48,451,236.3,0,55,C+,-,D-,0
MSVX,Lha Mkt State Al Seeker,MISC,Finance-ETF / ETN,102,BATS,25.66,0.6,0.16,9,-22.8,0,65,C+,-,B,0
MTGP,Wisdomtree Mort Pl Bd Fd,MISC,Finance-ETF / ETN,102,ARCA,49.68,0.1,0.03,0,-73,0,52,C+,-,D,0
MTUL,Etracs 2xLvgdMsciUS MtFt,MISC,Finance-ETF / ETN,102,ARCA,23.36,1.8,0.41,97,170.5,0,28,C+,-,C+,0
MTUM,Ishares MSCI USA Mtm Fac,MISC,Finance-ETF / ETN,102,BATS,168.88,0.9,1.58,1385,-6.2,0,39,C+,-,E,0
MUB,Ishares National Muni Bd,MISC,Finance-ETF / ETN,102,ARCA,113.81,0.2,0.23,2174,18.9,0,52,C+,-,E,0
MUNI,Pimco Intmd Muni Bd Acti,MISC,Finance-ETF / ETN,102,ARCA,55.1,0.2,0.1,150,151.9,0,52,C+,-,E,0
MUSI,American Centry Multisec,MISC,Finance-ETF / ETN,102,ARCA,48.49,0,0,0,0,0,52,C+,-,D+,0
MUST,Columbia Mult-Sctr Mncpl,MISC,Finance-ETF / ETN,102,ARCA,21.73,-0.2,-0.05,99,14.8,0,52,C+,-,E,0
MVP,Roundhill Pro SprMd&Aprl,MISC,Finance-ETF / ETN,102,ARCA,12.7,0,0,0,0,0,29,C+,-,E,0
MVPS,Amplify ThematicAll-Strs,MISC,Finance-ETF / ETN,102,ARCA,21.69,-1.7,-0.38,3,-60.3,0,25,C+,-,E,0
MVRL,Etracs M P 1.5x LMtgReit,MISC,Finance-ETF / ETN,102,ARCA,40.15,-1.4,-0.59,26,112.4,0,32,C+,-,C+,0
MVV,Proshrs Ultra Midcap 400,MISC,Finance-ETF / ETN,102,ARCA,61.86,0.2,0.15,17,-71.8,0,48,C+,-,B,0
MXDU,Nationwide MaxDivrUSCore,MISC,Finance-ETF / ETN,102,ARCA,37.8,-0.3,-0.1,0,-96.9,0,39,C+,-,E,0
MXI,Ishares Global Materials,MISC,Finance-ETF / ETN,102,ARCA,89.45,0.6,0.56,19,-47.8,0,65,C+,-,C+,0
MYY,Proshrs Short Midcap 400,MISC,Finance-ETF / ETN,102,ARCA,24.02,-0.2,-0.06,10,-18.8,0,60,C+,-,C-,0
MZZ,Proshrs Ultsht Mdcap 400,MISC,Finance-ETF / ETN,102,ARCA,17.27,0.4,0.07,1,-67.4,0,55,C+,-,C+,0
NACP,Impact ShrNaacp MnrtyEmp,MISC,Finance-ETF / ETN,102,ARCA,34.39,1.4,0.48,12,164.8,0,75,C+,-,D+,0
NAIL,Direxion Home Sp Bull 3X,MISC,Finance-ETF / ETN,102,ARCA,77.37,3.6,2.7,360,-2.3,0,39,C+,-,E,0
NANR,Spdr S&P Nrth Am Nat Res,MISC,Finance-ETF / ETN,102,ARCA,48.92,0.6,0.3,26,31.6,0,93,C+,-,B-,0
NAPR,Innov Grwth100 PwrBr Apr,MISC,Finance-ETF / ETN,102,BATS,38.35,-0.1,-0.05,0,-93.4,0,75,C+,-,D-,0
NDJI,Nationwide Dow Jones Rsk,MISC,Finance-ETF / ETN,102,ARCA,24.25,0.2,0.04,6,-83.2,0,52,C+,-,-,0
NDVG,Nuveen Dividend Growth,MISC,Finance-ETF / ETN,102,ARCA,26.84,0.9,0.23,0,-84.3,0,77,C+,-,C-,0
NEAR,Blackrock ShrtMaturityBd,MISC,Finance-ETF / ETN,102,BATS,49.87,0,0.01,430,-39.4,0,65,C+,-,B,0
NERD,Roundhill BITKRAFT Esprt,MISC,Finance-ETF / ETN,102,ARCA,23.45,-0.6,-0.15,9,-37.3,0,25,C+,-,D-,0
NETL,Net Lease Corp Rl Est,MISC,Finance-ETF / ETN,102,ARCA,29.35,0.3,0.08,6,-56.2,0,55,C+,-,D-,0
NFLT,Virtus Newfleet Mult-Sec,MISC,Finance-ETF / ETN,102,ARCA,24.79,0.2,0.05,0,-82.1,0,52,C+,-,E,0
NFRA,Flexshr STOXX Gl Brd Inf,MISC,Finance-ETF / ETN,102,ARCA,56.85,1,0.59,52,-46.4,0,55,C+,-,D-,0
NFTY,First Tr In Nfy 50 Eqwgt,MISC,Finance-ETF / ETN,102,NASDAQ,49.22,0.7,0.36,0,-92.7,0,83,C+,-,C-,0
NFTZ,Defiance Digital Revltin,MISC,Finance-ETF / ETN,102,ARCA,14.42,-4,-0.6,26,-38.4,0,14,C+,-,-,0
NGE,Global X Msci Nigeria,MISC,Finance-ETF / ETN,102,ARCA,9.7,-1.9,-0.19,5,-61.9,0,28,C+,-,D,0
NIB,Ipath Bloom Cocoa Etn,MISC,Finance-ETF / ETN,102,ARCA,30.12,0.1,0.04,14,-41.7,0,72,C+,-,C-,0
NIFE,Direxion Fallen Knives,MISC,Finance-ETF / ETN,102,ARCA,53.41,0,0,0,0,0,20,C+,-,C+,0
NJAN,Innov Grwth100 PwrBr Jan,MISC,Finance-ETF / ETN,102,BATS,40.89,0.1,0.06,9,-74.6,0,65,C+,-,D-,0
NJUL,Innovator Grwth100 PwrBf,MISC,Finance-ETF / ETN,102,BATS,47.22,0,0,0,-90,0,72,C+,-,D,0
NLR,Vaneck Uranium Nuclr Eng,MISC,Finance-ETF / ETN,102,ARCA,53.75,1.2,0.66,1,-63,0,65,C+,-,D,0
NOBL,Proshares S&P 500 Div Ar,MISC,Finance-ETF / ETN,102,BATS,95.37,0.7,0.68,509,-21.6,0,79,C+,-,E,0
NOCT,Innov Grwth100 Pwr BfOct,MISC,Finance-ETF / ETN,102,BATS,39.5,0,-0.02,1,-93,0,75,C+,-,C-,0
NORW,Global X Msci Norway Etf,MISC,Finance-ETF / ETN,102,ARCA,30.65,0.7,0.21,4,-89.2,0,60,C+,-,B-,0
NOVZ,TrueShares Struc Out Nov,MISC,Finance-ETF / ETN,102,BATS,32.27,0,0,0,0,0,75,C+,-,B,0
NRGD,Micsec Us BigOil3XInvLev,MISC,Finance-ETF / ETN,102,ARCA,3.58,-2.2,-0.08,2820,63.3,0,1,C+,-,E,0
NRGU,Micsec Us Big Oil 3X Lev,MISC,Finance-ETF / ETN,102,ARCA,306.8,2.4,7.24,298,-5.6,0,99,C+,-,B,0
NSCS,Nuveen Small Cap Select,MISC,Finance-ETF / ETN,102,ARCA,24.08,0,0,0,0,0,37,C+,-,C,0
NSPI,Nationwide S&P500RkMgInc,MISC,Finance-ETF / ETN,102,ARCA,24.18,0.4,0.09,21,-28.8,0,52,C+,-,-,0
NTKI,Nationwide Russell 2000,MISC,Finance-ETF / ETN,102,ARCA,23.85,-0.6,-0.14,1,-92.5,0,44,C+,-,-,0
NTSE,Wisdomtree EmMkts Eff Cr,MISC,Finance-ETF / ETN,102,ARCA,37.29,0,0,4,-75.6,0,42,C+,-,D-,0
NTSI,Wisdomtree Intl Effic Cr,MISC,Finance-ETF / ETN,102,ARCA,39.4,0.8,0.31,4,-91.5,0,48,C+,-,E,0
NTSX,Wisdomtree U.S. Eff Cr,MISC,Finance-ETF / ETN,102,ARCA,42.11,0.8,0.32,151,-37,0,72,C+,-,E,0
NTZO,Impact ShrsMSCIGlbClmSel,MISC,Finance-ETF / ETN,102,ARCA,19.09,0,0,0,0,0,42,C+,-,A-,0
NUAG,Nushares Enh Yl US Ag Bd,MISC,Finance-ETF / ETN,102,ARCA,24.01,0.1,0.03,146,270.6,0,48,C+,-,E,0
NUBD,Nushares Esg US Ag Bd,MISC,Finance-ETF / ETN,102,ARCA,25.16,0.2,0.06,42,-0.1,0,48,C+,-,D,0
NUDM,Nuveen Esg Intl DevMkt,MISC,Finance-ETF / ETN,102,BATS,30.2,0.6,0.19,88,79.8,0,44,C+,-,D-,0
NUDV,Nuveen ESG Dividend ETF,MISC,Finance-ETF / ETN,102,BATS,25.92,0,0,0,0,0,75,C+,-,E,0
NUEM,Nuveen Esg Emg Mkt Eq,MISC,Finance-ETF / ETN,102,BATS,32.49,0.1,0.04,60,58.9,0,39,C+,-,C-,0
NUGO,Nuveen Growth Opprtunty,MISC,Finance-ETF / ETN,102,ARCA,23.84,-0.1,-0.02,1,-99.3,0,44,C+,-,C+,0
NUGT,Direxion Gld Mnr Bull 2X,MISC,Finance-ETF / ETN,102,ARCA,46.23,1.2,0.53,2300,-3.1,0,25,C+,-,E,0
NUHY,Nuveen Esg Hi Yd Corp Bd,MISC,Finance-ETF / ETN,102,ARCA,23.78,0.3,0.07,8,-54.6,0,48,C+,-,D,0
NULC,Nuveen Esg Large-Cap,MISC,Finance-ETF / ETN,102,BATS,38.68,0.4,0.16,3,49.6,0,44,C+,-,E,0
NULG,Nuveen Esg LrgCap Grw,MISC,Finance-ETF / ETN,102,BATS,60.76,0,-0.02,101,39.9,0,39,C+,-,E,0
NULV,Nuveen Esg LargeCap Vl,MISC,Finance-ETF / ETN,102,BATS,38.1,0.9,0.34,145,-16.8,0,69,C+,-,B,0
NUMG,Nuveen Esg MidCap Grw,MISC,Finance-ETF / ETN,102,BATS,43.45,-0.3,-0.11,53,-34.6,0,24,C+,-,D,0
NUMV,Nuveen Esg MidCp Value,MISC,Finance-ETF / ETN,102,BATS,36.15,0.2,0.08,383,886.6,0,65,C+,-,D,0
NURE,Nuveen Short Term Reit,MISC,Finance-ETF / ETN,102,BATS,38.43,2,0.74,12,-66.7,0,87,C+,-,C+,0
NUSA,NuShares Enh Yl 1-5Yr Us,MISC,Finance-ETF / ETN,102,ARCA,24.44,0,0.01,5,8.3,0,52,C+,-,D+,0
NUSC,Nuveen Esg Small-Cap,MISC,Finance-ETF / ETN,102,BATS,39.26,-0.5,-0.21,213,38.5,0,32,C+,-,B-,0
NUSI,Nationwide Nsdq100RskMng,MISC,Finance-ETF / ETN,102,ARCA,25.81,0.4,0.1,392,-29.2,0,37,C+,-,C+,0
NVQ,Qraft AI Enhanced NxtVal,MISC,Finance-ETF / ETN,102,NYSE,32.87,0.2,0.05,2,218.4,0,77,C+,-,B,0
NWLG,Nuveen Winslow Lg Cp Esg,MISC,Finance-ETF / ETN,102,ARCA,23.86,0.1,0.03,0,-40.7,0,37,C+,-,C+,0
NXTG,First Trust Indxx Nextg,MISC,Finance-ETF / ETN,102,NASDAQ,78.96,0.9,0.72,146,263.2,0,75,C+,-,E,0
NYF,Ishares Ny Amt Muni Bond,MISC,Finance-ETF / ETN,102,ARCA,56.59,0.2,0.09,29,-7,0,52,C+,-,E,0
NZRO,Strategy Shrs Hlt ClimCh,MISC,Finance-ETF / ETN,102,NASDAQ,23.66,-0.6,-0.14,1,-18.8,0,42,C+,-,-,0
OALC,Oneascent Large Cap Core,MISC,Finance-ETF / ETN,102,ARCA,23.33,0.7,0.16,3,-93.3,0,37,C+,-,C+,0
OBND,Spdr Loomis Syls Opp Bd,MISC,Finance-ETF / ETN,102,BATS,29.44,0.3,0.07,0,-61.1,0,55,C+,-,D-,0
OBOR,Kraneshars Msci One Belt,MISC,Finance-ETF / ETN,102,NYSE,30.26,-0.1,-0.04,1,22.4,0,65,C+,-,C,0
OCEN,IQ Clean Oceans Etf,MISC,Finance-ETF / ETN,102,ARCA,23.93,0,0,0,0,0,42,C+,-,C+,0
OCIO,Clearshares Ocio Etf,MISC,Finance-ETF / ETN,102,ARCA,31.91,0.5,0.16,0,-92.7,0,55,C+,-,B-,0
OCTZ,Trueshrs Structred Outcm,MISC,Finance-ETF / ETN,102,BATS,31.59,0,0,0,0,0,77,C+,-,D,0
OEF,Ishares S&P 100 Etf,MISC,Finance-ETF / ETN,102,ARCA,212.61,1,2.08,639,106.2,0,83,C+,-,E,0
OEUR,Oshares Europe Qlty Div,MISC,Finance-ETF / ETN,102,BATS,27.67,1.1,0.31,19,-16.5,0,60,C+,-,E,0
OGIG,OShares Glbl Int Giants,MISC,Finance-ETF / ETN,102,BATS,41.97,-1.5,-0.63,85,-7.2,0,21,C+,-,D-,0
OIH,Vaneck Oil Services Etf,MISC,Finance-ETF / ETN,102,ARCA,232.49,-1.1,-2.67,1026,22.4,0,93,C+,-,B,0
OIL,Ipath Pure Beta Crud Oil,MISC,Finance-ETF / ETN,102,ARCA,26.92,0.1,0.04,64,12.6,0,96,C+,-,A-,0
OILD,MicrosectorsOil&GasEx-3x,MISC,Finance-ETF / ETN,102,ARCA,13.82,2.8,0.38,4,120.4,0,10,C+,-,D-,0
OILK,Proshrs K-1 FreeCrOi Str,MISC,Finance-ETF / ETN,102,BATS,46.27,0.2,0.08,85,68.9,0,25,C+,-,B-,0
OILU,Microsectors Oil&GasEx3x,MISC,Finance-ETF / ETN,102,ARCA,37,0.7,0.26,52,117.4,0,98,C+,-,A,0
OMFL,Invesco Rus1000DynMulfac,MISC,Finance-ETF / ETN,102,BATS,48.59,1.5,0.71,78,-51.2,0,72,C+,-,B,0
OMFS,Invesco Rus 2000DynMlfac,MISC,Finance-ETF / ETN,102,BATS,38.61,-1,-0.39,23,-49.9,0,48,C+,-,C-,0
OND,Proshares On Demand Etf,MISC,Finance-ETF / ETN,102,ARCA,29.07,-2,-0.58,0,-26.5,0,20,C+,-,C+,0
ONEO,Spdr Russell 1000 Moment,MISC,Finance-ETF / ETN,102,ARCA,100.42,0,0,0,0,0,69,C+,-,D+,0
ONEQ,Fidelity Nasdaq Comp In,MISC,Finance-ETF / ETN,102,NASDAQ,56.24,0.6,0.33,580,49.6,0,60,C+,-,D+,0
ONEV,Spdr Russell 1000 Lw Vol,MISC,Finance-ETF / ETN,102,ARCA,108.89,0.9,0.92,15,51.8,0,77,C+,-,D,0
ONEY,Spdr Russell 1000 Yield,MISC,Finance-ETF / ETN,102,ARCA,100.01,0.7,0.72,57,313.8,0,84,C+,-,B-,0
ONG,Direxion DlyOilSvcsBul2x,MISC,Finance-ETF / ETN,102,ARCA,27.36,-2.2,-0.62,3,-66.8,0,94,C+,-,-,0
ONLN,Proshares Online Retail,MISC,Finance-ETF / ETN,102,ARCA,49.45,-4.4,-2.25,64,-30.7,0,18,C+,-,C,0
ONOF,Global X Adapt US RkMgmt,MISC,Finance-ETF / ETN,102,ARCA,28.03,-0.6,-0.16,5,-51.6,0,65,C+,-,E,0
OOTO,Direxion Dly Trav&Vac 2x,MISC,Finance-ETF / ETN,102,ARCA,18.31,-1.9,-0.35,84,-20.8,0,28,C+,-,D-,0
OPER,Clearshrs UltraSht Matur,MISC,Finance-ETF / ETN,102,ARCA,100.09,0,-0.01,0,-96.2,0,65,C+,-,D+,0
OPPX,Corbett Rd Tactical Opp,MISC,Finance-ETF / ETN,102,ARCA,25.84,0,0,0,0,0,48,C+,-,C+,0
OSCV,Opus Small Cap Value Pl,MISC,Finance-ETF / ETN,102,BATS,32.98,-0.4,-0.14,28,-14.3,0,69,C+,-,D-,0
OUNZ,Van Eck Merk Gold Trust,MISC,Finance-ETF / ETN,102,ARCA,17.55,0.3,0.05,107,-55,0,65,C+,-,D+,0
OUSA,Oshares US Quality Div,MISC,Finance-ETF / ETN,102,BATS,44.98,1.1,0.47,103,-1.3,0,81,C+,-,D+,0
OUSM,Oshares US SmCp Qlty Div,MISC,Finance-ETF / ETN,102,BATS,35.48,0.2,0.06,7,-8.9,0,69,C+,-,C+,0
OVB,Overlay Shares Core Bond,MISC,Finance-ETF / ETN,102,ARCA,24.64,-0.1,-0.03,4,-85.5,0,44,C+,-,B-,0
OVF,Overlay Shares ForeignEq,MISC,Finance-ETF / ETN,102,ARCA,25.49,0,0,0,0,0,42,C+,-,D-,0
OVL,Overlay Shares Lrg CapEq,MISC,Finance-ETF / ETN,102,ARCA,38.58,0.9,0.33,5,-85.6,0,75,C+,-,D-,0
OVLH,Overlay Shares HdLgCp Eq,MISC,Finance-ETF / ETN,102,ARCA,28.52,0,0,0,0,0,72,C+,-,C+,0
OVM,Overlay Shares Muni Bd,MISC,Finance-ETF / ETN,102,ARCA,24.58,0.5,0.12,1,-2,0,42,C+,-,C+,0
OVS,Overlay Shares Sml CapEq,MISC,Finance-ETF / ETN,102,ARCA,34.42,0,0,0,0,0,42,C+,-,C+,0
OVT,Overlay Shrs Short Tr Bd,MISC,Finance-ETF / ETN,102,ARCA,23.95,0.3,0.06,0,-98.4,0,48,C+,-,C+,0
OWNS,Impact Shrs Affrdble MBS,MISC,Finance-ETF / ETN,102,ARCA,19.35,0,0,0,0,0,52,C+,-,B+,0
PAB,Pgim Active Aggregate Bd,MISC,Finance-ETF / ETN,102,ARCA,48.62,0.3,0.15,3,-57.1,0,48,C+,-,D-,0
PAK,Global X Msci Pakistan,MISC,Finance-ETF / ETN,102,ARCA,24.01,0.8,0.19,5,39.5,0,27,C+,-,C-,0
PALC,Pacer Lunt LgCp MltiFctr,MISC,Finance-ETF / ETN,102,ARCA,39.91,0.7,0.29,197,137.5,0,77,C+,-,E,0
PALL,Aberdeen Std Phy Pal,MISC,Finance-ETF / ETN,102,ARCA,220.88,0.8,1.67,42,5.5,0,69,C+,-,A-,0
PAMC,Pacer Lunt MdCp MltiFctr,MISC,Finance-ETF / ETN,102,ARCA,34.33,0.5,0.17,18,39,0,42,C+,-,E,0
PAPR,Innov US Eqt Pwr Bf Apr,MISC,Finance-ETF / ETN,102,BATS,29.28,0,0.01,12,-68.7,0,75,C+,-,A,0
PAUG,Innov US Eqt Pwr Bf-Aug,MISC,Finance-ETF / ETN,102,BATS,30.15,0.3,0.09,19,80.6,0,72,C+,-,A-,0
PAVE,US Infrastructure Dvlp,MISC,Finance-ETF / ETN,102,BATS,26.76,0.6,0.16,796,-46.7,0,75,C+,-,D,0
PAWZ,Proshares Pet Care ETF,MISC,Finance-ETF / ETN,102,BATS,68.3,-0.5,-0.34,13,-63,0,29,C+,-,D-,0
PBD,Invesco Glb Cln Energy,MISC,Finance-ETF / ETN,102,ARCA,22.18,-0.7,-0.17,50,-45.9,0,18,C+,-,E,0
PBDM,Invesco Pb Ftse DvExNA,MISC,Finance-ETF / ETN,102,BATS,28.48,0.2,0.07,1,-34.6,0,52,C+,-,B-,0
PBE,Invesco Dyn Bio & Genm,MISC,Finance-ETF / ETN,102,ARCA,60.7,-1.5,-0.95,5,-50.9,0,25,C+,-,D-,0
PBEE,Invesco Pb Ftse EmgMkt,MISC,Finance-ETF / ETN,102,BATS,27.9,-0.4,-0.11,2,-59.9,0,48,C+,-,B-,0
PBJ,Invesco Dyn Food & Bev,MISC,Finance-ETF / ETN,102,ARCA,44.73,0.8,0.37,20,-62.4,0,84,C+,-,D-,0
PBND,Invesco Pb US Agg Bd,MISC,Finance-ETF / ETN,102,BATS,25.08,0.2,0.05,1,-72,0,48,C+,-,D+,0
PBP,Invesco S&P 500 Buy Wr,MISC,Finance-ETF / ETN,102,ARCA,22.64,0,-0.01,31,-18.4,0,65,C+,-,C+,0
PBS,Invesco Dyn Media,MISC,Finance-ETF / ETN,102,ARCA,48.46,-0.1,-0.04,5,-81.3,0,37,C+,-,B+,0
PBSM,Invesco Pb Msci Sm Cp,MISC,Finance-ETF / ETN,102,BATS,36.37,-0.5,-0.17,6,-54.9,0,39,C+,-,E,0
PBTP,Invesco Pb 0-5 Yr US,MISC,Finance-ETF / ETN,102,BATS,26.27,0.1,0.02,41,40,0,60,C+,-,C-,0
PBUG,Pacer Ipath GldTrndpilot,MISC,Finance-ETF / ETN,102,ARCA,22.56,0.5,0.12,0,120.4,0,42,C+,-,C+,0
PBUS,Invesco Pb Msci USA,MISC,Finance-ETF / ETN,102,BATS,46.1,0.9,0.39,10,-83.3,0,77,C+,-,C-,0
PBW,Invesco Wh Clean Enrgy,MISC,Finance-ETF / ETN,102,ARCA,55.2,-3.5,-2.02,443,4.4,0,14,C+,-,D,0
PCEF,Invesco Cef Inc Compst,MISC,Finance-ETF / ETN,102,ARCA,23.14,0.2,0.05,146,-13.8,0,48,C+,-,D-,0
PCY,Invesco Emrg Mkt Sovgn,MISC,Finance-ETF / ETN,102,ARCA,25.26,0.5,0.14,852,-21.9,0,37,C+,-,D-,0
PDBC,Invesco Opt Yld DivCmd,MISC,Finance-ETF / ETN,102,NASDAQ,15.32,0.5,0.08,6594,-17,0,92,C+,-,B+,0
PDEC,Innovator U.S. Eq PB-Dec,MISC,Finance-ETF / ETN,102,BATS,31.29,0.3,0.08,33,-69.3,0,75,C+,-,D-,0
PDN,Invesco Ftse DM X-US Sm,MISC,Finance-ETF / ETN,102,ARCA,35.66,1,0.37,16,-81,0,39,C+,-,D-,0
PDP,Invesco Dwa Momemtum,MISC,Finance-ETF / ETN,102,NASDAQ,83.3,1.2,0.99,109,12.8,0,31,C+,-,D+,0
PEJ,Invesco Dyn Leisr & En,MISC,Finance-ETF / ETN,102,ARCA,47.29,-0.8,-0.37,125,-50.1,0,65,C+,-,C+,0
PEX,Proshrs Glb Listd Pvt Eq,MISC,Finance-ETF / ETN,102,BATS,34.59,0.9,0.29,1,-67.4,0,39,C+,-,E,0
PEXL,Pacer US Expt Ldrs,MISC,Finance-ETF / ETN,102,ARCA,42.92,-0.2,-0.07,0,-75.8,0,72,C+,-,E,0
PEY,Invesco Hi Yld Eq Div,MISC,Finance-ETF / ETN,102,NASDAQ,21.5,0.5,0.1,343,75.3,0,83,C+,-,E,0
PEZ,Invesco Dwa Cnsmr Cycl,MISC,Finance-ETF / ETN,102,NASDAQ,80.98,0.2,0.16,14,-47,0,31,C+,-,E,0
PFEB,Innov US Eqt Pwr Bf-Feb,MISC,Finance-ETF / ETN,102,BATS,29.54,0.4,0.13,132,29,0,77,C+,-,B,0
PFF,Ishares Pfd and Incm Sec,MISC,Finance-ETF / ETN,102,NASDAQ,37.4,-0.4,-0.17,7048,57.7,0,52,C+,-,E,0
PFFA,Virtus InfraCap USPfStk,MISC,Finance-ETF / ETN,102,ARCA,24.25,-0.9,-0.21,168,22.7,0,65,C+,-,E,0
PFFD,Global X US Preferred,MISC,Finance-ETF / ETN,102,ARCA,24.52,-0.5,-0.13,560,-23.5,0,44,C+,-,E,0
PFFL,Etracs MPay 2x Lev PfdSt,MISC,Finance-ETF / ETN,102,ARCA,17.29,-0.1,-0.02,1,-86.4,0,33,C+,-,E,0
PFFR,Infracap Reit Pref,MISC,Finance-ETF / ETN,102,ARCA,23.07,-0.8,-0.19,54,142.2,0,48,C+,-,D+,0
PFFV,Glbl X Variable RatePref,MISC,Finance-ETF / ETN,102,ARCA,26.76,-0.9,-0.24,55,34.5,0,52,C+,-,C+,0
PFI,Invesco Dwa Fincl Mom,MISC,Finance-ETF / ETN,102,NASDAQ,50.16,0.7,0.35,12,-37.7,0,42,C+,-,E,0
PFIG,Invesco Fndmtl Ig Bond,MISC,Finance-ETF / ETN,102,ARCA,25.66,0,0.01,0,-90,0,44,C+,-,D-,0
PFIX,Simplify Int Rate Hedge,MISC,Finance-ETF / ETN,102,ARCA,40.45,-1.1,-0.45,34,-37.7,0,39,C+,-,B-,0
PFLD,Aam Low Duration Prefrrd,MISC,Finance-ETF / ETN,102,ARCA,24.41,-0.5,-0.12,40,-27.7,0,52,C+,-,E,0
PFM,Invesco Dividnd Achvrs,MISC,Finance-ETF / ETN,102,NASDAQ,38.9,1,0.37,33,-51.7,0,81,C+,-,D-,0
PFUT,Putnam Sustainable Futur,MISC,Finance-ETF / ETN,102,ARCA,22.08,0,0,0,0,0,25,C+,-,E,0
PFXF,VanEck Pref Sec ex Fin,MISC,Finance-ETF / ETN,102,ARCA,20.78,-0.3,-0.07,216,15.6,0,55,C+,-,E,0
PGAL,Global X Msci Portugal,MISC,Finance-ETF / ETN,102,ARCA,10.56,-0.4,-0.04,0,-90,0,42,C+,-,C+,0
PGF,Invesco Financial Pfd,MISC,Finance-ETF / ETN,102,ARCA,17.84,-0.8,-0.15,730,110.3,0,44,C+,-,E,0
PGHY,Invesco Global ShTr HYBd,MISC,Finance-ETF / ETN,102,ARCA,21.16,0.2,0.04,73,40.5,0,52,C+,-,D-,0
PGJ,Invesco Gold Drg China,MISC,Finance-ETF / ETN,102,NASDAQ,34.03,-3,-1.05,51,-57.1,0,16,C+,-,B-,0
PGM,Ipath Sr B Blom Platinum,MISC,Finance-ETF / ETN,102,ARCA,48.38,0,0,0,0,0,48,C+,-,B-,0
PGRO,Putnam Focused Lg Cp Grw,MISC,Finance-ETF / ETN,102,ARCA,26.81,-0.2,-0.06,0,-71,0,60,C+,-,C+,0
PGX,Invesco Preferred,MISC,Finance-ETF / ETN,102,ARCA,14.24,-0.7,-0.11,3832,16.2,0,44,C+,-,E,0
PHB,Invesco High Yld Corp,MISC,Finance-ETF / ETN,102,ARCA,18.96,0.3,0.05,104,-69.5,0,52,C+,-,D+,0
PHDG,Invesco S&P5 Down Hedg,MISC,Finance-ETF / ETN,102,ARCA,37.25,0.7,0.26,505,333.6,0,75,C+,-,E,0
PHO,Invesco Water Resource,MISC,Finance-ETF / ETN,102,NASDAQ,53.43,0.5,0.25,131,-15.8,0,52,C+,-,E,0
PHYL,Pgim Active Hi Yld Bond,MISC,Finance-ETF / ETN,102,ARCA,39.58,0.4,0.14,2,-75.7,0,48,C+,-,E,0
PHYS,Sprott Physical Gold Tr,MISC,Finance-ETF / ETN,102,ARCA,14.34,0.1,0.02,1221,-8.4,0,69,C+,-,C-,0
PICB,Invesco Intl Corp Bond,MISC,Finance-ETF / ETN,102,ARCA,27,0.5,0.14,51,-8.8,0,39,C+,-,E,0
PICK,Ishares Msci Glb M&M Prd,MISC,Finance-ETF / ETN,102,BATS,44.49,1.1,0.5,525,73.1,0,75,C+,-,C+,0
PID,Invesco Intl Div Achvr,MISC,Finance-ETF / ETN,102,NASDAQ,19.01,0.9,0.17,156,39.3,0,84,C+,-,B-,0
PIE,Invesco Dwa Emg Mk Mom,MISC,Finance-ETF / ETN,102,NASDAQ,24.19,0.3,0.08,56,-5.5,0,48,C+,-,C-,0
PIFI,ClearshrsPiton IntmdFdIc,MISC,Finance-ETF / ETN,102,ARCA,97.4,0,0,0,0,0,55,C+,-,C+,0
PILL,Direxion Phr&Med Bull 3X,MISC,Finance-ETF / ETN,102,ARCA,13.55,-0.8,-0.11,48,-33.1,0,15,C+,-,C+,0
PIN,Invesco India Etf,MISC,Finance-ETF / ETN,102,ARCA,26.72,0.7,0.19,10,-77.5,0,69,C+,-,D,0
PINK,Simplify Health Care Etf,MISC,Finance-ETF / ETN,102,ARCA,25.64,1.1,0.29,36,-44.8,0,60,C+,-,D-,0
PIO,Invesco Global Water,MISC,Finance-ETF / ETN,102,NASDAQ,38.96,0.7,0.29,26,30.8,0,52,C+,-,D,0
PIZ,Invesco Dwa Dev Mk Mom,MISC,Finance-ETF / ETN,102,NASDAQ,35.3,1.5,0.51,101,87,0,35,C+,-,E,0
PJAN,Innov US Eqt Pwr Bf-Jan,MISC,Finance-ETF / ETN,102,BATS,32.76,0.5,0.18,55,-75.3,0,69,C+,-,E,0
PJP,Invesco Dyn Pharmactls,MISC,Finance-ETF / ETN,102,ARCA,77.51,-0.1,-0.08,8,-38.4,0,52,C+,-,C-,0
PJUL,Innovator US EqtPwrBfJul,MISC,Finance-ETF / ETN,102,BATS,30.62,0.4,0.13,6,-86.3,0,72,C+,-,B-,0
PJUN,Innov US Eqt Pwr Bf-Jun,MISC,Finance-ETF / ETN,102,BATS,32.05,0.1,0.05,11,7,0,72,C+,-,B-,0
PKB,Invesco Dyn Bld & Cnst,MISC,Finance-ETF / ETN,102,ARCA,48.1,0.2,0.08,33,36.9,0,52,C+,-,D,0
PKW,Invesco Buyback Achvrs,MISC,Finance-ETF / ETN,102,NASDAQ,92.71,0.8,0.73,80,-22.8,0,75,C+,-,D-,0
PLAT,WisdomTree GrowthLeaders,MISC,Finance-ETF / ETN,102,ARCA,39.19,-0.9,-0.36,2,3.1,0,27,C+,-,C,0
PLDR,Putnam Sustainable Ldrs,MISC,Finance-ETF / ETN,102,ARCA,25.98,0,0,0,0,0,55,C+,-,B-,0
PLRG,Principal Us LgCpAdaptMF,MISC,Finance-ETF / ETN,102,BATS,27.38,0.5,0.15,2,-96.5,0,72,C+,-,C+,0
PLTL,Principal Us SmCpAdaptMF,MISC,Finance-ETF / ETN,102,BATS,24.69,0,0,0,0,0,48,C+,-,C+,0
PLTM,GraniteShares Platinm Tr,MISC,Finance-ETF / ETN,102,ARCA,10.18,1.1,0.11,25,-31.7,0,42,C+,-,C,0
PLW,Invesco 1-30 Ladd Trsy,MISC,Finance-ETF / ETN,102,NASDAQ,35.66,0.4,0.15,15,-76.1,0,52,C+,-,C-,0
PMAR,Innov US Eqt Pwr Bf-Mar,MISC,Finance-ETF / ETN,102,BATS,31.53,0,0.01,2,-82.8,0,77,C+,-,B,0
PMAY,Innov US Eqt Pwr Bf May,MISC,Finance-ETF / ETN,102,BATS,30.45,0.3,0.09,8,-76.3,0,75,C+,-,B-,0
PNOV,Innovator U.S. Eq PB-Nov,MISC,Finance-ETF / ETN,102,BATS,30.57,0.2,0.07,16,-76.4,0,69,C+,-,B,0
PNQI,Invesco Nasdaq Intrnet,MISC,Finance-ETF / ETN,102,NASDAQ,188.45,-2.7,-5.25,33,-4.6,0,24,C+,-,D-,0
POCT,Innov U.S. Eq Pwr Bf-Oct,MISC,Finance-ETF / ETN,102,BATS,30.15,0.2,0.06,2,-93,0,75,C+,-,B-,0
POTX,Global X Cannabis ETF,MISC,Finance-ETF / ETN,102,NASDAQ,5.14,-3.7,-0.2,148,-38.6,0,7,C+,-,E,0
PPA,Invesco Aero & Defense,MISC,Finance-ETF / ETN,102,ARCA,71.27,0.6,0.46,18,-21.6,0,55,C+,-,B,0
PPH,Vaneck Pharmaceutical,MISC,Finance-ETF / ETN,102,NASDAQ,76.98,0.8,0.63,26,-50.9,0,77,C+,-,B-,0
PPI,Axs Astoria Infl Sensitv,MISC,Finance-ETF / ETN,102,ARCA,26.31,1,0.25,46,-46.9,0,81,C+,-,-,0
PPLT,Aberdeen Std Phy Plat,MISC,Finance-ETF / ETN,102,ARCA,96.43,0.8,0.81,81,-31.1,0,42,C+,-,B-,0
PPTY,US Diversified Real Est,MISC,Finance-ETF / ETN,102,ARCA,37.1,1.1,0.41,4,-54,0,81,C+,-,D+,0
PQDI,Principal SpecTx-AdvDiv,MISC,Finance-ETF / ETN,102,ARCA,20.6,0,0,0,0,0,48,C+,-,D-,0
PQIN,Pgim Qnt Sol Alp Intl Eq,MISC,Finance-ETF / ETN,102,ARCA,55.36,0,0,0,0,0,33,C+,-,A+,0
PREF,Principal Spec Pfd Sec,MISC,Finance-ETF / ETN,102,ARCA,19.78,0.1,0.01,83,-35.9,0,48,C+,-,E,0
PRF,Invesco Ftse Rafi Us10,MISC,Finance-ETF / ETN,102,ARCA,171.99,0.9,1.45,140,48,0,84,C+,-,D+,0
PRFZ,Invesco Ftse Rafi Us15,MISC,Finance-ETF / ETN,102,NASDAQ,179.16,-0.7,-1.25,28,-24.2,0,60,C+,-,D+,0
PRN,Invesco Dwa Indstrials,MISC,Finance-ETF / ETN,102,NASDAQ,101.06,0.3,0.31,14,-60.7,0,39,C+,-,D-,0
PRNT,The 3D Printing Etf,MISC,Finance-ETF / ETN,102,BATS,30.33,-0.8,-0.25,31,-67.3,0,23,C+,-,E,0
PSC,Principal US SmCp MF Etf,MISC,Finance-ETF / ETN,102,NASDAQ,44.34,-0.4,-0.19,13,-39.6,0,55,C+,-,C,0
PSCC,Invesco S&P Sc Cns Stp,MISC,Finance-ETF / ETN,102,NASDAQ,101.46,-0.2,-0.19,30,1055.2,0,65,C+,-,D-,0
PSCD,Invesco S&P Sc Cns Dis,MISC,Finance-ETF / ETN,102,NASDAQ,100.39,-1.1,-1.07,5,85.7,0,37,C+,-,C-,0
PSCE,Invesco S&P Sc Energy,MISC,Finance-ETF / ETN,102,NASDAQ,8.07,0,0,196,-46.2,0,92,C+,-,B,0
PSCF,Invesco S&P Sc Fncls,MISC,Finance-ETF / ETN,102,NASDAQ,58.59,-0.6,-0.37,7,74.3,0,72,C+,-,C+,0
PSCH,Invesco S&P Sc Hlth Cr,MISC,Finance-ETF / ETN,102,NASDAQ,155.92,-0.8,-1.24,7,-12.1,0,27,C+,-,C-,0
PSCI,Invesco S&P Sc Indstrl,MISC,Finance-ETF / ETN,102,NASDAQ,89.62,-0.7,-0.6,1,-52,0,52,C+,-,B-,0
PSCJ,Pacer Swan SOS Consrvtiv,MISC,Finance-ETF / ETN,102,BATS,20.98,0,0,0,0,0,69,C+,-,D-,0
PSCM,Invesco S&P Sc Mtrls,MISC,Finance-ETF / ETN,102,NASDAQ,65.6,0.7,0.47,5,181,0,65,C+,-,C-,0
PSCQ,Pacer Swan Sos Cons Oct,MISC,Finance-ETF / ETN,102,BATS,20.87,0,0,0,0,0,69,C+,-,B-,0
PSCT,Invesco S&P Sc Info Tech,MISC,Finance-ETF / ETN,102,NASDAQ,137.81,-0.1,-0.14,4,-50.4,0,55,C+,-,D+,0
PSCU,Invesco S&P Sc Utls Comm,MISC,Finance-ETF / ETN,102,NASDAQ,63.58,-0.8,-0.49,1,-18.6,0,60,C+,-,B,0
PSCW,Pacer Swan SOS Consv Apl,MISC,Finance-ETF / ETN,102,BATS,21.9,0,0,0,0,0,75,C+,-,B-,0
PSCX,Pacer Swan SOS Consrv Jn,MISC,Finance-ETF / ETN,102,BATS,22.24,0,0,0,0,0,72,C+,-,D,0
PSDN,Advisorshrs Poseidon Dyn,MISC,Finance-ETF / ETN,102,ARCA,6.7,-0.8,-0.05,45,79.5,0,17,C+,-,D-,0
PSEP,Innov U.S. Eq Pwr Bf Sep,MISC,Finance-ETF / ETN,102,BATS,30.06,0.4,0.12,20,-45.3,0,72,C+,-,D-,0
PSET,Principal Quality Etf,MISC,Finance-ETF / ETN,102,NASDAQ,55.77,1.2,0.64,2,-89.3,0,75,C+,-,E,0
PSFD,Pacer Swan Sos Flex Jan,MISC,Finance-ETF / ETN,102,BATS,24.03,0.3,0.06,0,-97.2,0,79,C+,-,B,0
PSFF,Pacer Swan Sos Fd of Fds,MISC,Finance-ETF / ETN,102,BATS,22.59,0.6,0.14,105,142.9,0,72,C+,-,B-,0
PSFJ,Pacer Swan SOS Flex July,MISC,Finance-ETF / ETN,102,BATS,21.31,0,0,0,0,0,69,C+,-,A-,0
PSFM,Pacer Swan SOS Flx April,MISC,Finance-ETF / ETN,102,BATS,22.89,0,0,0,0,0,77,C+,-,C,0
PSFO,Pacer Swan Sos Flex Oct,MISC,Finance-ETF / ETN,102,BATS,21.18,0,0,0,0,0,69,C+,-,D,0
PSI,Invesco Dyn Semicondtr,MISC,Finance-ETF / ETN,102,ARCA,134.5,1.7,2.28,165,203.4,0,77,C+,-,E,0
PSIL,Advisorshares Psychdelcs,MISC,Finance-ETF / ETN,102,ARCA,4.7,-5.1,-0.25,20,-18.4,0,8,C+,-,E,0
PSJ,Invesco Dyn Software,MISC,Finance-ETF / ETN,102,ARCA,109.33,-2.3,-2.54,19,1,0,18,C+,-,C-,0
PSK,Spdr Ice Preferred Secs,MISC,Finance-ETF / ETN,102,ARCA,40.86,-0.6,-0.23,302,32.1,0,44,C+,-,D-,0
PSL,Invesco Dwa Cnsmr Stpl,MISC,Finance-ETF / ETN,102,NASDAQ,85.17,0.5,0.4,2,-62.7,0,39,C+,-,B-,0
PSLV,Sprott Physical Silvr Tr,MISC,Finance-ETF / ETN,102,ARCA,7.85,0.1,0.01,1590,-45,0,31,C+,-,D-,0
PSMB,Invesco Bal Mlt Ast All,MISC,Finance-ETF / ETN,102,BATS,16.63,0.5,0.08,7,-39.7,0,65,C+,-,B-,0
PSMC,Invesco Consrv MltAst,MISC,Finance-ETF / ETN,102,BATS,13.61,0.3,0.05,7,-9.8,0,55,C+,-,D,0
PSMD,Pacer Swan Sos Moder Jan,MISC,Finance-ETF / ETN,102,BATS,22.55,0,0,0,0,0,72,C+,-,C,0
PSMG,Invesco Gr MltAst Allo,MISC,Finance-ETF / ETN,102,BATS,18.58,0.9,0.16,62,609,0,69,C+,-,D+,0
PSMJ,Pacer Swan SOS Moderate,MISC,Finance-ETF / ETN,102,BATS,21.04,0,0,0,0,0,69,C+,-,B-,0
PSMM,Invesco Mod Con MltAst,MISC,Finance-ETF / ETN,102,BATS,15.42,0.4,0.06,6,-46.7,0,65,C+,-,C+,0
PSMO,Pacer Swan Sos Moder Oct,MISC,Finance-ETF / ETN,102,BATS,20.91,0,0,0,0,0,69,C+,-,D+,0
PSMR,Pacer Swan SOS Mod April,MISC,Finance-ETF / ETN,102,BATS,22.16,0,0,0,0,0,75,C+,-,D+,0
PSP,Invesco Gl Listed PrivEq,MISC,Finance-ETF / ETN,102,ARCA,14.38,0.5,0.07,71,-55.7,0,35,C+,-,E,0
PSQ,Proshrs Short Qqq,MISC,Finance-ETF / ETN,102,ARCA,11.61,-0.8,-0.09,37838,134.2,0,48,C+,-,A-,0
PSR,Invesco Active USRealEst,MISC,Finance-ETF / ETN,102,ARCA,109.75,1.1,1.23,2,-71.4,0,79,C+,-,D-,0
PST,Proshrs Ultsht 7-10 Yr,MISC,Finance-ETF / ETN,102,ARCA,16.78,-0.4,-0.07,59,-32.9,0,77,C+,-,B,0
PSY,Defiance Nxt Gen Alt Exp,MISC,Finance-ETF / ETN,102,ARCA,10.26,-2.7,-0.28,2,-77.1,0,7,C+,-,E,0
PTA,Cohen & Steers TaxAdvPrf,MISC,Finance-ETF / ETN,102,NYSE,23.57,0.3,0.06,105,-59.6,0,39,C+,-,C+,0
PTBD,Pacer Trendpilot Us Bond,MISC,Finance-ETF / ETN,102,ARCA,26.25,0,-0.01,270,-28.5,0,48,C+,-,E,0
PTEU,Pacer Trendpilot Europe,MISC,Finance-ETF / ETN,102,BATS,24.2,0.6,0.14,5,-4.5,0,55,C+,-,C,0
PTF,Invesco Dwa Technology,MISC,Finance-ETF / ETN,102,NASDAQ,141.32,0.7,0.92,21,-10.8,0,33,C+,-,E,0
PTH,Invesco Dwa Healthcare,MISC,Finance-ETF / ETN,102,NASDAQ,132.15,1.3,1.64,16,5.7,0,23,C+,-,D-,0
PTIN,Pacer Trendpilot Intl,MISC,Finance-ETF / ETN,102,ARCA,27.93,0.4,0.1,6,-48.7,0,52,C+,-,E,0
PTLC,Pacer Trendpilot US LgCp,MISC,Finance-ETF / ETN,102,BATS,39.98,0.9,0.36,90,-21.9,0,79,C+,-,E,0
PTMC,Pacer Trendpilot US MdCp,MISC,Finance-ETF / ETN,102,BATS,34.57,0.1,0.03,32,-2.8,0,52,C+,-,D-,0
PTNQ,Pacer Trendpilot 100 Etf,MISC,Finance-ETF / ETN,102,BATS,56.58,0.5,0.28,18,-42.9,0,69,C+,-,E,0
PTRB,Pgim Total Return Bd Etf,MISC,Finance-ETF / ETN,102,ARCA,48.74,0.2,0.08,1,-83.6,0,52,C+,-,-,0
PUI,Invesco Dwa Utilities,MISC,Finance-ETF / ETN,102,NASDAQ,34.6,1.1,0.37,3,5.4,0,72,C+,-,D,0
PULS,PGIM Ultra Short Bond,MISC,Finance-ETF / ETN,102,ARCA,49.42,0,0,287,14.1,0,60,C+,-,D-,0
PUNK,Subversive Metaverse ETF,MISC,Finance-ETF / ETN,102,BATS,26.43,-1.9,-0.51,6,117.3,0,1,C+,-,-,0
PUTW,WisdomTree C S&P 500,MISC,Finance-ETF / ETN,102,ARCA,34.11,0.4,0.13,12,-42.5,0,83,C+,-,C,0
PVAL,Putnam Focusd LrCp Value,MISC,Finance-ETF / ETN,102,ARCA,27.51,0.7,0.2,1,-87.7,0,77,C+,-,B-,0
PVI,Invesco Vrdo Tax-Free,MISC,Finance-ETF / ETN,102,ARCA,24.86,0,0,8,95.7,0,65,C+,-,C-,0
PWB,Invesco Dynamic LgCapGrw,MISC,Finance-ETF / ETN,102,ARCA,74.28,0.4,0.31,17,-43.6,0,60,C+,-,D,0
PWC,Invesco Dynamic Market,MISC,Finance-ETF / ETN,102,ARCA,114.32,0,-0.01,0,-86.2,0,42,C+,-,B-,0
PWS,Pacer WealthShield Etf,MISC,Finance-ETF / ETN,102,BATS,30.95,0.2,0.06,2,-86.7,0,44,C+,-,C,0
PWV,Invesco Dyn Lg Cap Val,MISC,Finance-ETF / ETN,102,ARCA,49.49,1,0.49,145,210.7,0,86,C+,-,C-,0
PWZ,Invesco Ca Amt-Free,MISC,Finance-ETF / ETN,102,ARCA,27.22,0.3,0.07,46,-74.8,0,52,C+,-,E,0
PXE,Invesco Dyn Energy E&P,MISC,Finance-ETF / ETN,102,ARCA,23.73,1.1,0.26,215,54.5,0,98,C+,-,B+,0
PXF,Invesco Ftse Dv Mkt X-Us,MISC,Finance-ETF / ETN,102,ARCA,48.51,0.7,0.36,102,-9.3,0,72,C+,-,D+,0
PXH,Invesco Ftse Rafi Emrg,MISC,Finance-ETF / ETN,102,ARCA,22.82,0,0,345,-28.8,0,72,C+,-,C-,0
PXI,Invesco Dwa Energy Mom,MISC,Finance-ETF / ETN,102,NASDAQ,36.3,0.8,0.28,98,-37.7,0,97,C+,-,B,0
PXJ,Invesco Dyn Oil/Gas Sv,MISC,Finance-ETF / ETN,102,ARCA,3.83,-1,-0.04,64,-55.1,0,87,C+,-,B-,0
PXQ,Invesco Dyn Networking,MISC,Finance-ETF / ETN,102,ARCA,90.22,-0.6,-0.53,1,-53.7,0,55,C+,-,E,0
PXUS,Principal Intl Adaptv MF,MISC,Finance-ETF / ETN,102,BATS,24.56,0.7,0.18,0,-99.5,0,48,C+,-,C+,0
PY,Principal Value Etf,MISC,Finance-ETF / ETN,102,NASDAQ,43.7,0.6,0.24,43,24.9,0,79,C+,-,B-,0
PYPE,Pickens Core Midstream,MISC,Finance-ETF / ETN,102,ARCA,20,0,0,0,0,0,86,C+,-,E,0
PYZ,Invesco Dwa Basic Mat,MISC,Finance-ETF / ETN,102,NASDAQ,88.6,0.5,0.43,26,171.2,0,72,C+,-,D-,0
PZA,Invesco Nat Amt-Free,MISC,Finance-ETF / ETN,102,ARCA,26.38,0.3,0.09,307,-13.7,0,52,C+,-,D+,0
PZT,Invesco Ny Amt-Free Mun,MISC,Finance-ETF / ETN,102,ARCA,25.32,0.3,0.08,8,-43.5,0,48,C+,-,E,0
QABA,First Tr Ndq Aba Cmty Bk,MISC,Finance-ETF / ETN,102,NASDAQ,59.11,-0.6,-0.37,20,-16.7,0,83,C+,-,C,0
QAI,Indexiq Hedge Multi-Strt,MISC,Finance-ETF / ETN,102,ARCA,31.19,0.2,0.05,213,63.2,0,52,C+,-,C,0
QARP,X Russell USQltReasPrice,MISC,Finance-ETF / ETN,102,ARCA,41.97,0,0,0,0,0,81,C+,-,B+,0
QAT,Ishares Msci Qatar Etf,MISC,Finance-ETF / ETN,102,NASDAQ,22.29,0.2,0.04,2,-88.5,0,89,C+,-,A-,0
QCLN,First Tr Ndq Cl Grn Enrg,MISC,Finance-ETF / ETN,102,NASDAQ,56.64,-2,-1.14,421,-7,0,23,C+,-,E,0
QCLR,Gbl X NSDQ100 Clr 95-110,MISC,Finance-ETF / ETN,102,NASDAQ,24.2,0.4,0.1,0,-90.8,0,42,C+,-,E,0
QCON,American Century QltCnSc,MISC,Finance-ETF / ETN,102,BATS,45.91,-0.4,-0.19,0,-93.7,0,42,C+,-,C-,0
QDEC,FT Cboe Vest Nsdq100 Bfr,MISC,Finance-ETF / ETN,102,BATS,22.55,0.4,0.09,50,-2.5,0,75,C+,-,B,0
QDEF,Flexshr Qual Div Def Ind,MISC,Finance-ETF / ETN,102,ARCA,56.88,0.9,0.5,6,-54.2,0,79,C+,-,C,0
QDF,Flexshr Quality Div Ind,MISC,Finance-ETF / ETN,102,ARCA,59.74,1,0.57,26,-34.6,0,81,C+,-,C,0
QDIV,Global X S&P 500 Qlt Div,MISC,Finance-ETF / ETN,102,ARCA,33.43,-0.2,-0.08,0,-92.6,0,86,C+,-,B,0
QDPL,Pacer Metaurus US Lg 400,MISC,Finance-ETF / ETN,102,ARCA,35.34,0.7,0.23,376,5432,0,60,C+,-,D,0
QDYN,Flexshr Qual Div Dyn Ind,MISC,Finance-ETF / ETN,102,ARCA,64.4,0.8,0.49,2,160.6,0,83,C+,-,B+,0
QED,Iq Hedge Event-Driven Tr,MISC,Finance-ETF / ETN,102,ARCA,22.6,-0.1,-0.03,1,-77.6,0,44,C+,-,B-,0
QEFA,Spdr Msci Eafe StFacSM,MISC,Finance-ETF / ETN,102,ARCA,75.04,0.8,0.59,449,646.4,0,60,C+,-,D-,0
QEMM,Spdr Msci Em Mkt StFacSM,MISC,Finance-ETF / ETN,102,ARCA,67.24,0.2,0.13,2,-42.1,0,55,C+,-,A-,0
QGRO,American Cent US Qlty Gr,MISC,Finance-ETF / ETN,102,ARCA,70,1.1,0.74,45,215.9,0,55,C+,-,D+,0
QID,Proshrs Ultsht Qqq,MISC,Finance-ETF / ETN,102,ARCA,17.85,-1.4,-0.26,15935,-14.8,0,35,C+,-,A+,0
QINT,American Cen Ql Div Intl,MISC,Finance-ETF / ETN,102,ARCA,49.14,1,0.49,3,-79.7,0,44,C+,-,C,0
QJUN,FT Cboe Vest Nsdq 100 Bf,MISC,Finance-ETF / ETN,102,BATS,20.9,0.5,0.1,1,-87.5,0,69,C+,-,B+,0
QLC,Flexshrs US Qlty Lrg Cap,MISC,Finance-ETF / ETN,102,BATS,51.12,1.4,0.73,6,41.8,0,81,C+,-,C+,0
QLD,Proshrs Ultra Qqq,MISC,Finance-ETF / ETN,102,ARCA,75.89,1.7,1.3,6593,-4.1,0,72,C+,-,E,0
QLS,Iq Hedge Long Short Trac,MISC,Finance-ETF / ETN,102,ARCA,27.22,0.5,0.13,0,-82.4,0,60,C+,-,D,0
QLTA,Ishares AAA - A RtCorpBd,MISC,Finance-ETF / ETN,102,ARCA,54.35,0,0.01,69,-12.2,0,48,C+,-,B-,0
QLV,Flexshrs US Qlt Lw Vl Id,MISC,Finance-ETF / ETN,102,ARCA,54.14,1.3,0.67,39,290.5,0,77,C+,-,B-,0
QLVD,Flexshrs DevMk xUSQtLwVl,MISC,Finance-ETF / ETN,102,ARCA,27.1,0,0,0,0,0,52,C+,-,D-,0
QLVE,Flexshrs Emg Mk QtLwVlId,MISC,Finance-ETF / ETN,102,ARCA,26.71,0,0,0,0,0,60,C+,-,C,0
QMAR,FT Cboe VestNsdq100BfMar,MISC,Finance-ETF / ETN,102,BATS,22.42,0.2,0.05,1,-65.1,0,77,C+,-,C+,0
QMN,Iq Hedge Mkt Neutral,MISC,Finance-ETF / ETN,102,ARCA,26.77,0.2,0.06,1,-35.2,0,55,C+,-,C-,0
QMOM,Alpha Architect Us Quan,MISC,Finance-ETF / ETN,102,BATS,47.91,0,-0.02,4,-45.5,0,35,C+,-,B,0
QPFF,American Century Qlt Prf,MISC,Finance-ETF / ETN,102,BATS,39.79,-0.2,-0.08,1,-59.6,0,52,C+,-,B-,0
QPT,Advisorshrs Q Port Blend,MISC,Finance-ETF / ETN,102,ARCA,25.36,0,0,0,0,0,55,C+,-,D,0
QPX,Advisorshares Q Dyn Grw,MISC,Finance-ETF / ETN,102,ARCA,28.37,0.6,0.16,8,-74.3,0,65,C+,-,E,0
QQC,Simplify Nasdaq100PlCnvx,MISC,Finance-ETF / ETN,102,NASDAQ,30.44,1.3,0.39,45,220.7,0,60,C+,-,D,0
QQD,Simplify Nasdaq100PlDwn,MISC,Finance-ETF / ETN,102,NASDAQ,29.75,0.1,0.03,5,-49.9,0,69,C+,-,E,0
QQEW,First Tr Ndq100 Eql Wght,MISC,Finance-ETF / ETN,102,NASDAQ,108.78,0.2,0.21,125,128.5,0,52,C+,-,D,0
QQH,Hcm Defender 100 Index,MISC,Finance-ETF / ETN,102,ARCA,48.14,0.3,0.15,50,-1.5,0,55,C+,-,D,0
QQJG,Invesco ESGNsdqNxtGen100,MISC,Finance-ETF / ETN,102,NASDAQ,22.48,0.1,0.01,2,25.9,0,33,C+,-,B-,0
QQMG,Invesco ESG Nasdaq 100,MISC,Finance-ETF / ETN,102,NASDAQ,24.59,0.3,0.08,11,-5.1,0,48,C+,-,D,0
QQQ,Invesco Qqq Trust Sr 1,MISC,Finance-ETF / ETN,102,NASDAQ,368.75,0.9,3.23,63796,3.2,0,72,C+,-,E,0
QQQA,Proshrs Ndaq 100Dr WrMom,MISC,Finance-ETF / ETN,102,NASDAQ,39.84,1.5,0.58,5,-15.7,0,33,C+,-,B,0
QQQE,Direxion Nasdaq100 Eq Wt,MISC,Finance-ETF / ETN,102,ARCA,78.35,0.1,0.09,31,-40.5,0,42,C+,-,D,0
QQQJ,Invesco Nasdaq Next Gen,MISC,Finance-ETF / ETN,102,NASDAQ,29.9,-0.3,-0.09,304,-21.5,0,32,C+,-,E,0
QQQM,Invesco Nasdaq 100 Etf,MISC,Finance-ETF / ETN,102,NASDAQ,151.61,0.8,1.27,837,12.2,0,72,C+,-,E,0
QQQN,Victoryshares Ndq Nxt 50,MISC,Finance-ETF / ETN,102,NASDAQ,29.92,-0.3,-0.08,12,-24.4,0,32,C+,-,B,0
QQXT,First Tr Ndq100 Ex-Tech,MISC,Finance-ETF / ETN,102,NASDAQ,82.24,-0.1,-0.11,24,290.8,0,44,C+,-,E,0
QRFT,Qraft AI-Enh US Lrg Cap,MISC,Finance-ETF / ETN,102,ARCA,42.78,0.4,0.16,5,13.3,0,60,C+,-,D-,0
QRMI,Gbl X NSDQ100 Rsk MgdInc,MISC,Finance-ETF / ETN,102,NASDAQ,22.21,0.3,0.06,7,-57.3,0,35,C+,-,D-,0
QSPT,FT Cboe VestNsdq100BfSep,MISC,Finance-ETF / ETN,102,BATS,20.13,0.4,0.08,17,-26.3,0,60,C+,-,B+,0
QSWN,Amplify BlackswanTech&Tr,MISC,Finance-ETF / ETN,102,ARCA,23.3,0.6,0.14,2,-31.5,0,39,C+,-,-,0
QTAP,Innovator Grw Accel PlAp,MISC,Finance-ETF / ETN,102,BATS,29.62,0.1,0.04,4,-32.9,0,79,C+,-,E,0
QTEC,First Tr Ndq100 Technlgy,MISC,Finance-ETF / ETN,102,NASDAQ,158.6,1,1.5,209,93.9,0,60,C+,-,B-,0
QTJA,Innovator Grw AccelPlJan,MISC,Finance-ETF / ETN,102,BATS,23.81,0.4,0.09,3,-80.5,0,35,C+,-,-,0
QTJL,Innovator Grwth Acc Pls,MISC,Finance-ETF / ETN,102,BATS,26.76,-0.3,-0.09,0,-97.3,0,69,C+,-,C+,0
QTOC,Innovator Grw Acc PlsOct,MISC,Finance-ETF / ETN,102,BATS,25.05,-0.1,-0.02,0,-96.6,0,60,C+,-,D+,0
QTR,Global X NASDAQ100 TaRsk,MISC,Finance-ETF / ETN,102,NASDAQ,23.57,0,0,0,0,0,37,C+,-,C+,0
QTUM,Defiance Quantum Etf,MISC,Finance-ETF / ETN,102,ARCA,51.24,1.1,0.56,44,41.1,0,69,C+,-,D-,0
QUAL,Ishares MSCI USA Qlty Fc,MISC,Finance-ETF / ETN,102,BATS,138.01,1.3,1.8,953,-32.9,0,75,C+,-,D-,0
QULL,Etracs2x LvgdMsciUSQtyFt,MISC,Finance-ETF / ETN,102,ARCA,34.59,2.9,0.98,130,234.7,0,79,C+,-,C+,0
QUS,Spdr Msci USA StFacSM,MISC,Finance-ETF / ETN,102,ARCA,125.84,1,1.28,21,-56.4,0,79,C+,-,D-,0
QVAL,Alpha Architect US QuaVl,MISC,Finance-ETF / ETN,102,BATS,35.88,0.4,0.14,26,-22.9,0,77,C+,-,E,0
QVML,Invesco S&P 500QVM Multi,MISC,Finance-ETF / ETN,102,ARCA,27.07,0.8,0.22,0,-93.9,0,75,C+,-,C,0
QVMM,Invesco S&P Midcp 400QVM,MISC,Finance-ETF / ETN,102,ARCA,24.69,-0.1,-0.02,1,57.4,0,44,C+,-,C,0
QVMS,Invesco S&P Smlcp 600QVM,MISC,Finance-ETF / ETN,102,ARCA,24.35,0,0,0,0,0,44,C+,-,D,0
QWLD,SPDR Msci World StFacSM,MISC,Finance-ETF / ETN,102,ARCA,107.16,0.9,0.93,0,-30,0,75,C+,-,C,0
QYLD,Global X Nasdaq 100 Cov,MISC,Finance-ETF / ETN,102,NASDAQ,20.92,0.2,0.05,4504,-19.8,0,37,C+,-,E,0
QYLG,Global X Nasdaq100 CovGr,MISC,Finance-ETF / ETN,102,NASDAQ,29.85,0.6,0.18,21,-41.4,0,39,C+,-,E,0
RAAX,Vaneck Inflation Alloc,MISC,Finance-ETF / ETN,102,ARCA,25.13,0.1,0.02,12,-27.3,0,52,C+,-,C-,0
RAFE,Pimco Rafi Esg US Etf,MISC,Finance-ETF / ETN,102,ARCA,32.64,0.7,0.22,1,-35.2,0,81,C+,-,E,0
RALS,Proshrs Rafi Long Short,MISC,Finance-ETF / ETN,102,ARCA,32.17,0,0,0,0,0,75,C+,-,B+,0
RAVI,Flexshr Rd Acc Var Inc,MISC,Finance-ETF / ETN,102,ARCA,75.37,0,0,100,130.1,0,60,C+,-,E,0
RAYC,Rayliant QuantamentalChi,MISC,Finance-ETF / ETN,102,ARCA,23.55,0.3,0.06,4,-75.1,0,35,C+,-,D-,0
RAYD,Rayliant Quan Dev Mkt Eq,MISC,Finance-ETF / ETN,102,ARCA,23.94,0.2,0.05,13,-87.4,0,44,C+,-,-,0
RAYE,Rayliant Quant Emg MktEq,MISC,Finance-ETF / ETN,102,ARCA,24.86,0,0,0,0,0,55,C+,-,-,0
RAYS,Global X Solar Etf,MISC,Finance-ETF / ETN,102,NASDAQ,19.46,-2.4,-0.48,11,-55.8,0,22,C+,-,D-,0
RBIN,Nationwide RskBasedIntEq,MISC,Finance-ETF / ETN,102,ARCA,26.43,0,0,0,0,0,39,C+,-,D,0
RBND,Spdr Blom Sasb CorpBdEsg,MISC,Finance-ETF / ETN,102,ARCA,23.87,0.1,0.02,0,-92.8,0,48,C+,-,E,0
RBUS,Nationwide Risk-Based US,MISC,Finance-ETF / ETN,102,ARCA,38.93,0.2,0.09,8,410.1,0,65,C+,-,D-,0
RCD,Invesco S&PEqWgtConDis,MISC,Finance-ETF / ETN,102,ARCA,145.51,0,-0.03,19,-64.4,0,65,C+,-,B,0
RDFI,Rareview DynamicFixedInc,MISC,Finance-ETF / ETN,102,BATS,27.59,-0.3,-0.08,0,-92.3,0,44,C+,-,C,0
RDIV,Invesco S&P Ultr Div Rev,MISC,Finance-ETF / ETN,102,ARCA,42.6,1,0.43,60,-18.3,0,84,C+,-,B-,0
RDMX,Spdr Blom SasbDevMktExUS,MISC,Finance-ETF / ETN,102,ARCA,28.07,0,0,0,0,0,44,C+,-,-,0
RDOG,Alps Reit Dividend Dogs,MISC,Finance-ETF / ETN,102,ARCA,49.85,0,0,0,0,0,77,C+,-,E,0
RDVY,First Tr Rising Div Achv,MISC,Finance-ETF / ETN,102,NASDAQ,51.39,1.1,0.58,2763,87.9,0,84,C+,-,C+,0
REC,Emles Real Estate Credit,MISC,Finance-ETF / ETN,102,BATS,24.07,0.2,0.06,0,-80.5,0,48,C+,-,C+,0
RECS,Columbia Resrch Enh Core,MISC,Finance-ETF / ETN,102,ARCA,26.49,1.1,0.28,0,-94.1,0,32,C+,-,C,0
REET,Ishares Global Reit Etf,MISC,Finance-ETF / ETN,102,ARCA,28.85,1.2,0.33,479,-18.5,0,75,C+,-,D,0
REGL,Proshrs S&P MdCp 400 Div,MISC,Finance-ETF / ETN,102,BATS,71.48,-0.1,-0.1,27,-38.8,0,72,C+,-,C+,0
REIT,ALPS Active Reit Etf,MISC,Finance-ETF / ETN,102,NASDAQ,29.24,1.2,0.36,3,-64.8,0,75,C+,-,E,0
REK,Proshrs Short Real Est,MISC,Finance-ETF / ETN,102,ARCA,17.09,-1.5,-0.27,14,58.5,0,42,C+,-,B+,0
REM,Ishares Mortg Real Est,MISC,Finance-ETF / ETN,102,BATS,33.55,-0.7,-0.22,437,-40.9,0,42,C+,-,D-,0
REMG,Spdr Blom SasbEmrgMktEsg,MISC,Finance-ETF / ETN,102,ARCA,28.84,0,0,0,0,0,39,C+,-,-,0
REMX,Vaneck RareEarth/StratMt,MISC,Finance-ETF / ETN,102,ARCA,104.15,0.4,0.38,95,-47.2,0,84,C+,-,D-,0
RESD,Wisdomtree Intl Esg,MISC,Finance-ETF / ETN,102,BATS,30.09,0,0,0,0,0,52,C+,-,C,0
RESE,Wisdomtree Emg Mkt Esg,MISC,Finance-ETF / ETN,102,BATS,35.02,0.4,0.13,0,-58.7,0,42,C+,-,E,0
RESI,Kelly Residtl & AptRlEst,MISC,Finance-ETF / ETN,102,ARCA,14.42,2.5,0.35,0,-33.9,0,48,C+,-,-,0
RESP,Wisdomtree Us Esg Fund,MISC,Finance-ETF / ETN,102,ARCA,49.19,0.8,0.38,1,-67.6,0,75,C+,-,D,0
RETL,Direxion Retail 3X Bull,MISC,Finance-ETF / ETN,102,ARCA,24.88,-8.2,-2.21,251,-9.4,0,17,C+,-,D,0
REVS,Columbia Resrh Enh Value,MISC,Finance-ETF / ETN,102,ARCA,21.51,1,0.22,13,-53.1,0,83,C+,-,B+,0
REW,Proshrs Ultsht Tech,MISC,Finance-ETF / ETN,102,ARCA,14.75,-3.6,-0.55,15,-40.8,0,27,C+,-,C,0
REZ,Ishares Residtl MltiRlEs,MISC,Finance-ETF / ETN,102,ARCA,94.18,2.1,1.9,208,40.5,0,87,C+,-,D-,0
RFCI,Riverfront Dyn Core Inc,MISC,Finance-ETF / ETN,102,ARCA,24.44,0.4,0.09,1,-92.7,0,44,C+,-,E,0
RFDA,Riverfront Dy Us Div Adv,MISC,Finance-ETF / ETN,102,ARCA,47.62,0.7,0.32,1,-87.7,0,85,C+,-,B-,0
RFDI,First Tr Rifr Dy DevIntl,MISC,Finance-ETF / ETN,102,NASDAQ,68.75,0.9,0.64,40,365.2,0,48,C+,-,C,0
RFEM,First Tr Rifr Dy Emg Mkt,MISC,Finance-ETF / ETN,102,NASDAQ,67.55,0.5,0.31,5,-7.4,0,44,C+,-,D-,0
RFEU,First Tr Rifr Dy Europe,MISC,Finance-ETF / ETN,102,NASDAQ,74.44,0.6,0.45,1,58.4,0,65,C+,-,B+,0
RFFC,Riverfront Dy Us FlexCap,MISC,Finance-ETF / ETN,102,ARCA,46.67,0.4,0.19,7,-32,0,75,C+,-,C+,0
RFG,Invesco S&PMdCp400Pr,MISC,Finance-ETF / ETN,102,ARCA,206.49,-0.2,-0.33,2,-34.5,0,32,C+,-,D-,0
RFV,Invesco S&PMdCp400PV,MISC,Finance-ETF / ETN,102,ARCA,95.72,0.2,0.23,55,155.6,0,79,C+,-,D+,0
RGI,Invesco S&P500Eq WgtInds,MISC,Finance-ETF / ETN,102,ARCA,188.01,0.6,1.07,10,-44.1,0,72,C+,-,E,0
RHRX,RH Tactical Rotation Etf,MISC,Finance-ETF / ETN,102,ARCA,13.82,0.8,0.11,10,-49.5,0,44,C+,-,B,0
RHS,Invesco S&P500EqW CnS,MISC,Finance-ETF / ETN,102,ARCA,170.24,0.8,1.38,19,-2.6,0,84,C+,-,C+,0
RHTX,RH Tactical Outlook Etf,MISC,Finance-ETF / ETN,102,ARCA,14.84,0.5,0.07,10,-32.4,0,39,C+,-,B-,0
RIET,Hoya Capital High Div Yd,MISC,Finance-ETF / ETN,102,ARCA,14.82,-0.1,-0.02,11,-53.2,0,48,C+,-,E,0
RIGS,Riverfront Strategic ETF,MISC,Finance-ETF / ETN,102,ARCA,24.27,-0.6,-0.15,9,-57.9,0,60,C+,-,C,0
RIGZ,ViridiClnerEngyCrypto-Mn,MISC,Finance-ETF / ETN,102,ARCA,22.43,-5.3,-1.26,4,-73.9,0,19,C+,-,D-,0
RINF,Proshrs Inflation Expect,MISC,Finance-ETF / ETN,102,ARCA,29.52,-0.5,-0.14,11,-7,0,69,C+,-,A-,0
RING,Ishares Msci Glb Gold,MISC,Finance-ETF / ETN,102,NASDAQ,25.92,0.5,0.14,41,-66,0,39,C+,-,D+,0
RISN,Inspire Tactical Bal Esg,MISC,Finance-ETF / ETN,102,ARCA,25.9,0.3,0.08,1,-93.3,0,32,C+,-,C-,0
RISR,Foliobeyond Rising Rate,MISC,Finance-ETF / ETN,102,ARCA,28,-1,-0.27,9,-2,0,88,C+,-,C+,0
RITA,Etfb Green Sri Reits Etf,MISC,Finance-ETF / ETN,102,ARCA,24.19,0,0,0,0,0,52,C+,-,-,0
RJA,Elements Rici Ag Tot Ret,MISC,Finance-ETF / ETN,102,ARCA,9.02,0.1,0.01,80,-56.6,0,91,C+,-,B-,0
RJI,Elements Rici Tot Re Etn,MISC,Finance-ETF / ETN,102,ARCA,7.66,0.7,0.06,61,-57.6,0,93,C+,-,B,0
RJN,Elements Rici Energy Etn,MISC,Finance-ETF / ETN,102,ARCA,3.19,0.3,0.01,12,-52.6,0,96,C+,-,A-,0
RJZ,Elements Rici Metals Etn,MISC,Finance-ETF / ETN,102,ARCA,11.75,0.1,0.01,0,-85.5,0,83,C+,-,C,0
RLY,Spdr Multi Asst Real Rtn,MISC,Finance-ETF / ETN,102,ARCA,28.23,0.7,0.19,46,-24.3,0,60,C+,-,B,0
RNDM,First Tr Dev Intl Eq Sel,MISC,Finance-ETF / ETN,102,NASDAQ,54.23,0.9,0.46,0,-95.3,0,52,C+,-,E,0
RNDV,First Tr US Eq Div Sel,MISC,Finance-ETF / ETN,102,NASDAQ,30.58,-0.2,-0.07,0,-94.8,0,81,C+,-,D-,0
RNEM,First Tr Emg Mkt Eq Sel,MISC,Finance-ETF / ETN,102,NASDAQ,49.78,0.1,0.07,0,-52.4,0,72,C+,-,B+,0
RNLC,First Tr Lg Cp US Eq Sel,MISC,Finance-ETF / ETN,102,NASDAQ,33.51,0,0,0,0,0,77,C+,-,E,0
RNMC,First Tr Md Cp US Eq Sel,MISC,Finance-ETF / ETN,102,NASDAQ,29,0.3,0.1,0,-89.3,0,69,C+,-,D-,0
RNRG,Global X Renewable En Pd,MISC,Finance-ETF / ETN,102,NASDAQ,14.45,0.9,0.12,82,24.9,0,29,C+,-,E,0
RNSC,First Tr Sm Cp US Eq Sel,MISC,Finance-ETF / ETN,102,NASDAQ,28.47,-0.7,-0.21,0,-86,0,65,C+,-,B,0
ROAM,Hartford Mltfct Emg Mkt,MISC,Finance-ETF / ETN,102,ARCA,24.17,0,0,2,-33.2,0,55,C+,-,D,0
ROBO,Robo Global Robo/Automat,MISC,Finance-ETF / ETN,102,ARCA,62.73,0.4,0.23,167,52.5,0,39,C+,-,D-,0
ROBT,Ft Ndaq Art Intel & Robo,MISC,Finance-ETF / ETN,102,NASDAQ,49.39,-0.1,-0.05,118,262.4,0,33,C+,-,D+,0
RODE,Hrtfrd Mltfct Div Intl,MISC,Finance-ETF / ETN,102,BATS,28.17,0,0,0,0,0,55,C+,-,E,0
RODI,Barclays Return on Disab,MISC,Finance-ETF / ETN,102,BATS,121.39,0,0,0,0,0,75,C+,-,A+,0
RODM,Hartford Mltfct Dev Mkt,MISC,Finance-ETF / ETN,102,ARCA,29.82,1,0.29,1261,400.2,0,52,C+,-,C-,0
ROKT,Spdr S&P Kensho Finl Fro,MISC,Finance-ETF / ETN,102,ARCA,37.77,-0.2,-0.09,5,92.8,0,39,C+,-,C-,0
ROM,Proshrs Ultra Technology,MISC,Finance-ETF / ETN,102,ARCA,55.43,3.4,1.81,163,-5,0,86,C+,-,C-,0
ROMO,Strategy Shrs Newfnd/Rsl,MISC,Finance-ETF / ETN,102,BATS,28.98,0.7,0.19,8,11.4,0,72,C+,-,E,0
ROOF,Indexiq Rl Est Sm Cp,MISC,Finance-ETF / ETN,102,ARCA,25.25,-0.4,-0.09,1,-87.2,0,60,C+,-,C+,0
RORO,ATAC US Rotation ETF,MISC,Finance-ETF / ETN,102,ARCA,19.9,0.8,0.15,2,-92.7,0,25,C+,-,D-,0
ROSC,Hartford Mltfct Sm Cp,MISC,Finance-ETF / ETN,102,ARCA,37.8,-1,-0.37,0,-91.5,0,60,C+,-,C,0
ROUS,Hartford Mltfct US Eq,MISC,Finance-ETF / ETN,102,ARCA,42.34,0.9,0.38,224,673.7,0,79,C+,-,C,0
RPAR,RPAR Risk Parity Etf,MISC,Finance-ETF / ETN,102,ARCA,24.25,0.4,0.09,80,-63.2,0,60,C+,-,E,0
RPG,Invesco S&P500PureGr,MISC,Finance-ETF / ETN,102,ARCA,186.68,1.1,2,223,42.2,0,52,C+,-,E,0
RPV,Invesco S&P500 Pure,MISC,Finance-ETF / ETN,102,ARCA,83.84,0.8,0.66,872,43.8,0,86,C+,-,B-,0
RRH,Advocate Rising Rate Hdg,MISC,Finance-ETF / ETN,102,ARCA,23.23,-0.8,-0.18,7,-1.5,0,37,C+,-,B+,0
RSEE,Rareview Systematic Eq,MISC,Finance-ETF / ETN,102,BATS,25.17,0,0,0,0,0,69,C+,-,-,0
RSP,Invesco S&P500 EqW,MISC,Finance-ETF / ETN,102,ARCA,158.1,0.8,1.25,4249,17.9,0,79,C+,-,E,0
RSPE,Invesco Esg S&P 500EqWgt,MISC,Finance-ETF / ETN,102,ARCA,24.33,0.3,0.07,0,-56.9,0,52,C+,-,E,0
RSPY,Revere SectorOpportunity,MISC,Finance-ETF / ETN,102,ARCA,24.91,0,0,0,0,0,55,C+,-,C+,0
RSX,Vaneck Russia Etf,MISC,Finance-ETF / ETN,102,BATS,24.34,0.4,0.1,3821,-42.9,0,29,C+,-,D-,0
RSXJ,Vaneck Russia Small Cap,MISC,Finance-ETF / ETN,102,BATS,30.19,-0.6,-0.18,1,-92.9,0,23,C+,-,C,0
RTAI,Rareview Tax Advtg Incm,MISC,Finance-ETF / ETN,102,BATS,25.75,0,0,0,0,0,37,C+,-,E,0
RTH,Vaneck Retail Etf,MISC,Finance-ETF / ETN,102,NASDAQ,182.97,0.3,0.57,8,-33.1,0,75,C+,-,B,0
RTM,Invesco S&P500 EqWgtMat,MISC,Finance-ETF / ETN,102,ARCA,176.28,0.1,0.21,12,14.7,0,84,C+,-,D-,0
RTYD,Simplify USSmCpPlusDwnsd,MISC,Finance-ETF / ETN,102,ARCA,23.68,-0.6,-0.15,0,-83.2,0,42,C+,-,-,0
RUFF,Alpha Dog Etf,MISC,Finance-ETF / ETN,102,ARCA,23.21,-1.9,-0.46,2,-91.8,0,37,C+,-,B,0
RULE,Adaptive Core Etf,MISC,Finance-ETF / ETN,102,BATS,23.45,0,0,0,0,0,35,C+,-,C+,0
RUSL,Direxion Russia Bull 2X,MISC,Finance-ETF / ETN,102,ARCA,21.99,0.8,0.17,85,21.2,0,22,C+,-,B-,0
RVNU,X Muni Infra Rev Bond,MISC,Finance-ETF / ETN,102,ARCA,28.37,0.1,0.03,8,-67,0,52,C+,-,E,0
RWGV,Direxion Rsl1000GrOvrVal,MISC,Finance-ETF / ETN,102,ARCA,118.22,0.1,0.15,0,-95.5,0,60,C+,-,C-,0
RWJ,Invesco S&P Smlcap600Rev,MISC,Finance-ETF / ETN,102,ARCA,117.71,-0.6,-0.69,44,-16.2,0,77,C+,-,C,0
RWK,Invesco S&P Midcap400Rev,MISC,Finance-ETF / ETN,102,ARCA,90.63,0.3,0.25,7,-62.1,0,75,C+,-,D,0
RWL,Invesco S&P 500 Revenue,MISC,Finance-ETF / ETN,102,ARCA,79.9,0.9,0.7,76,30,0,85,C+,-,D,0
RWM,Proshrs Short Russ 2000,MISC,Finance-ETF / ETN,102,ARCA,22.92,1,0.22,4418,81.8,0,83,C+,-,B+,0
RWO,Spdr Dj Global Real Est,MISC,Finance-ETF / ETN,102,ARCA,53.55,1.3,0.68,74,-36.1,0,75,C+,-,D-,0
RWR,Spdr Dj Reit,MISC,Finance-ETF / ETN,102,ARCA,115.42,1.6,1.77,224,45.5,0,84,C+,-,D+,0
RWVG,Direxion Rsl1000ValOvrGr,MISC,Finance-ETF / ETN,102,ARCA,60.64,1.1,0.65,2,-64.9,0,81,C+,-,C+,0
RWX,Spdr Dj Intl Real Est,MISC,Finance-ETF / ETN,102,ARCA,34.11,0.6,0.22,844,482.7,0,42,C+,-,E,0
RXD,Proshrs Ultsht Hlthcare,MISC,Finance-ETF / ETN,102,ARCA,13.38,-2,-0.28,0,-96,0,48,C+,-,A,0
RXI,Ishares Global Cnsr Disc,MISC,Finance-ETF / ETN,102,ARCA,167.26,-0.3,-0.44,12,-57.5,0,52,C+,-,D,0
RXL,Proshrs Ultra Hlth Care,MISC,Finance-ETF / ETN,102,ARCA,97.28,1.4,1.35,1,-86.6,0,69,C+,-,D,0
RYE,Invesco S&P500EqW Egy,MISC,Finance-ETF / ETN,102,ARCA,58.92,0.8,0.48,298,81.4,0,97,C+,-,B,0
RYF,Invesco S&P500 EqWgtFin,MISC,Finance-ETF / ETN,102,ARCA,65.5,0.8,0.54,60,-22.1,0,85,C+,-,D+,0
RYH,Invesco S&P500 EqWgt,MISC,Finance-ETF / ETN,102,ARCA,300.51,1.3,3.74,4,-42.1,0,69,C+,-,E,0
RYJ,Invesco Raymond James Eq,MISC,Finance-ETF / ETN,102,ARCA,60.09,-0.4,-0.25,1,-10.9,0,65,C+,-,D+,0
RYLD,Global X Rus2000CvrdCall,MISC,Finance-ETF / ETN,102,BATS,22.91,-0.3,-0.08,751,-17.3,0,39,C+,-,E,0
RYT,Invesco S&P500 EqWgtTech,MISC,Finance-ETF / ETN,102,ARCA,298.16,0.8,2.5,45,-29.2,0,75,C+,-,C-,0
RYU,Invesco S&P500EqWUtl,MISC,Finance-ETF / ETN,102,ARCA,112.75,1.4,1.6,15,32.2,0,79,C+,-,D+,0
RZG,Invesco S&PSmCp600PG,MISC,Finance-ETF / ETN,102,ARCA,144.06,-1.8,-2.57,0,-86.2,0,33,C+,-,C-,0
RZV,Invesco S&PSmCp600PV,MISC,Finance-ETF / ETN,102,ARCA,93.82,-0.7,-0.67,21,-25.6,0,81,C+,-,D+,0
SAA,Proshrs Ultra Smcap 600,MISC,Finance-ETF / ETN,102,ARCA,28.17,-1.1,-0.31,12,-8.7,0,42,C+,-,C-,0
SAEF,Schwab Ariel Esg Etf,MISC,Finance-ETF / ETN,102,ARCA,23.55,-0.1,-0.02,4,-49.1,0,42,C+,-,D+,0
SAGP,Strategas Glb Policy Opp,MISC,Finance-ETF / ETN,102,ARCA,25.52,0.3,0.08,3,-71.4,0,1,C+,-,-,0
SAMT,Strategas Mac Themtc Opp,MISC,Finance-ETF / ETN,102,ARCA,25.8,0.2,0.05,4,-84,0,1,C+,-,-,0
SARK,Tuttle Capital Shrt Inov,MISC,Finance-ETF / ETN,102,NASDAQ,46.02,5.2,2.28,3587,176,0,97,C+,-,B-,0
SATO,InvescoAlerGlxyCryptoEco,MISC,Finance-ETF / ETN,102,BATS,16.7,-4.9,-0.86,9,-12,0,14,C+,-,E,0
SAVN,Lifegoal Consrv WlthBldr,MISC,Finance-ETF / ETN,102,ARCA,9.87,0.4,0.04,0,-17.4,0,52,C+,-,C,0
SBB,Proshrs Short Smcap 600,MISC,Finance-ETF / ETN,102,ARCA,17.57,1,0.17,2,-72.8,0,60,C+,-,B+,0
SBIO,ALPS Medical Breakthrghs,MISC,Finance-ETF / ETN,102,ARCA,34.2,-3.5,-1.23,64,136.4,0,19,C+,-,D+,0
SBM,Proshrs Short Basic Mtrl,MISC,Finance-ETF / ETN,102,ARCA,48.41,0,0,0,0,0,42,C+,-,B-,0
SBND,Columbia Short Duratn Bd,MISC,Finance-ETF / ETN,102,ARCA,19.53,0.2,0.05,1,-91.6,0,52,C+,-,E,0
SBUG,Ipath Silver Etn,MISC,Finance-ETF / ETN,102,ARCA,30.9,0,0,0,0,0,33,C+,-,A-,0
SCC,Proshrs Ultsht Con Svcs,MISC,Finance-ETF / ETN,102,ARCA,10.33,0.9,0.09,1,-65.1,0,86,C+,-,D,0
SCDL,Etracs 2x LvgdUS DivFctr,MISC,Finance-ETF / ETN,102,ARCA,37.51,1.5,0.54,137,292,0,89,C+,-,C+,0
SCHA,Schwab Us Small Cap,MISC,Finance-ETF / ETN,102,ARCA,93.52,-0.8,-0.79,631,5.1,0,37,C+,-,C-,0
SCHB,Schwab Us Broad Market,MISC,Finance-ETF / ETN,102,ARCA,107.82,0.7,0.73,596,-20,0,75,C+,-,E,0
SCHC,Schwab Intl Small Cap,MISC,Finance-ETF / ETN,102,ARCA,39.13,0.8,0.3,358,-10.5,0,39,C+,-,D-,0
SCHD,Schwab Divd Eqty Etf,MISC,Finance-ETF / ETN,102,ARCA,79.87,1,0.78,2868,4.2,0,81,C+,-,E,0
SCHE,Schwab Emerging Markets,MISC,Finance-ETF / ETN,102,ARCA,30.08,-0.2,-0.06,1816,-13.2,0,48,C+,-,D,0
SCHF,Schwab Intl Equity,MISC,Finance-ETF / ETN,102,ARCA,38.17,0.7,0.28,4566,-3.6,0,52,C+,-,E,0
SCHG,Schwab Us Large Cap Grth,MISC,Finance-ETF / ETN,102,ARCA,151.37,0.7,1.03,653,37.6,0,72,C+,-,E,0
SCHH,Schwab Us Reit,MISC,Finance-ETF / ETN,102,ARCA,48.89,1.5,0.72,801,-16.3,0,81,C+,-,D+,0
SCHI,Schwab 5-10 Year Corp Bd,MISC,Finance-ETF / ETN,102,ARCA,50.37,0.1,0.05,29,-37.2,0,48,C+,-,E,0
SCHJ,Schwab 1-5 Year Corp Bd,MISC,Finance-ETF / ETN,102,ARCA,49.94,0.1,0.05,200,79.6,0,55,C+,-,D-,0
SCHK,Schwab 1000 Index ETF,MISC,Finance-ETF / ETN,102,ARCA,44.52,0.9,0.38,286,7.5,0,75,C+,-,E,0
SCHM,Schwab Us Mid Cap,MISC,Finance-ETF / ETN,102,ARCA,75.65,0.1,0.06,514,28.5,0,52,C+,-,D-,0
SCHO,Schwab Sh Trm Us Treasry,MISC,Finance-ETF / ETN,102,ARCA,50.48,0,0.02,779,-23,0,60,C+,-,A-,0
SCHP,Schwab Us Tips,MISC,Finance-ETF / ETN,102,ARCA,61.15,0,0.02,3438,-7.1,0,55,C+,-,E,0
SCHQ,Schwab Long-Term US Trsy,MISC,Finance-ETF / ETN,102,ARCA,49.18,0.2,0.11,123,96.6,0,48,C+,-,C+,0
SCHR,Schwab Intm Us Treasury,MISC,Finance-ETF / ETN,102,ARCA,55.21,0.2,0.09,611,8.6,0,52,C+,-,B-,0
SCHV,Schwab Us Large Cap Val,MISC,Finance-ETF / ETN,102,ARCA,72.33,0.9,0.68,425,-13.7,0,79,C+,-,E,0
SCHX,Schwab Us Large Cap,MISC,Finance-ETF / ETN,102,ARCA,109.08,0.9,0.93,1006,-3.1,0,77,C+,-,D+,0
SCHY,Schwab Intl Dividend Eqt,MISC,Finance-ETF / ETN,102,ARCA,26.11,0.7,0.17,163,28.3,0,72,C+,-,B,0
SCHZ,Schwab Us Aggregate Bnd,MISC,Finance-ETF / ETN,102,ARCA,52.73,0.1,0.05,1089,22.7,0,48,C+,-,D,0
SCJ,Ishares Msci Japan Sm Cp,MISC,Finance-ETF / ETN,102,ARCA,73.22,2,1.46,6,-22.3,0,32,C+,-,E,0
SCO,Proshrs Ultsht Blom Crud,MISC,Finance-ETF / ETN,102,ARCA,9.67,-0.1,-0.01,3225,30.8,0,10,C+,-,D-,0
SCRD,Janus Hend Sust Corp Bnd,MISC,Finance-ETF / ETN,102,ARCA,47.6,0,0,0,0,0,44,C+,-,C,0
SCZ,Ishares Msci Eafe Sml Cp,MISC,Finance-ETF / ETN,102,NASDAQ,70,1.1,0.78,1230,-1.6,0,39,C+,-,E,0
SDCI,USCF SummerHaven DyCmStr,MISC,Finance-ETF / ETN,102,ARCA,20.3,0,0,0,0,0,75,C+,-,B+,0
SDD,Proshrs Ultsht Smcap 600,MISC,Finance-ETF / ETN,102,ARCA,24.36,0.5,0.11,3,-21.3,0,52,C+,-,B,0
SDEF,Sound Enhanced Fixed Inc,MISC,Finance-ETF / ETN,102,ARCA,20.48,0.2,0.04,7,-29.2,0,55,C+,-,C-,0
SDEI,Sound Equity Income ETF,MISC,Finance-ETF / ETN,102,ARCA,26.2,-0.5,-0.12,2,-7,0,84,C+,-,B,0
SDEM,Global X Msci SupDv EmMk,MISC,Finance-ETF / ETN,102,ARCA,11.04,0.2,0.03,12,-92.4,0,44,C+,-,E,0
SDG,Ishares Msci Glb sus dev,MISC,Finance-ETF / ETN,102,NASDAQ,87.81,0.9,0.81,14,-57.7,0,33,C+,-,C+,0
SDGA,Impact Shares SusDvGlGlb,MISC,Finance-ETF / ETN,102,ARCA,26.44,0.7,0.19,5,495.1,0,44,C+,-,B-,0
SDIV,Global X Superdividend,MISC,Finance-ETF / ETN,102,ARCA,12.48,0.1,0.01,397,-28.8,0,42,C+,-,D+,0
SDOG,ALPS Sector Div Dogs ETF,MISC,Finance-ETF / ETN,102,ARCA,55.03,0.4,0.24,30,-33.7,0,83,C+,-,B,0
SDOW,Proshrs Ultpro St Dow 30,MISC,Finance-ETF / ETN,102,ARCA,27.27,-2.1,-0.58,7180,-7.7,0,29,C+,-,A,0
SDP,Proshrs Ultsht Utilities,MISC,Finance-ETF / ETN,102,ARCA,13.25,-2,-0.26,0,-93.8,0,30,C+,-,B,0
SDS,Proshrs Ultsht S&P 500,MISC,Finance-ETF / ETN,102,ARCA,37.71,-2,-0.78,11701,91.3,0,30,C+,-,A,0
SDVY,First Tr Smid Cp Ris Div,MISC,Finance-ETF / ETN,102,NASDAQ,29.15,0,0,573,119.5,0,72,C+,-,D-,0
SDY,Spdr S&P Dividend Etf,MISC,Finance-ETF / ETN,102,ARCA,127.5,0.3,0.36,712,46.7,0,79,C+,-,B-,0
SEA,US Global Sea to Sky Crg,MISC,Finance-ETF / ETN,102,ARCA,20.31,0.6,0.13,26,4.5,0,75,C+,-,-,0
SECT,Main Sector Rotation Etf,MISC,Finance-ETF / ETN,102,BATS,42.84,0.4,0.17,80,11.1,0,77,C+,-,C+,0
SEF,Proshrs Short Financials,MISC,Finance-ETF / ETN,102,ARCA,11.57,-0.8,-0.09,33,3.3,0,35,C+,-,E,0
SEIX,Virtus Seix Senior Loan,MISC,Finance-ETF / ETN,102,ARCA,25.01,0.2,0.06,32,108.1,0,65,C+,-,B-,0
SENT,Advisorshrs Alpha Dna Eq,MISC,Finance-ETF / ETN,102,ARCA,24.88,-1.2,-0.29,4,-62.4,0,39,C+,-,B,0
SEPZ,Trueshrs Strcd Outcm Sep,MISC,Finance-ETF / ETN,102,BATS,31.44,0.3,0.1,6,231.9,0,81,C+,-,B-,0
SFIG,Wisdomtree US ST Corp Bd,MISC,Finance-ETF / ETN,102,BATS,50.05,0.2,0.08,4,157.1,0,52,C+,-,C,0
SFY,Sofi Select 500 Etf,MISC,Finance-ETF / ETN,102,ARCA,16.47,0.5,0.09,158,1.3,0,75,C+,-,E,0
SFYF,Sofi 50 Etf,MISC,Finance-ETF / ETN,102,ARCA,32.11,-3,-0.99,3,-46.4,0,42,C+,-,E,0
SFYX,Sofi Next 500 Etf,MISC,Finance-ETF / ETN,102,ARCA,13.25,-0.5,-0.06,20,6,0,39,C+,-,D,0
SGDJ,Sprott Jr Gld Miners Etf,MISC,Finance-ETF / ETN,102,ARCA,38.32,0.5,0.2,8,-65.6,0,30,C+,-,D,0
SGDM,Sprott Gold Miners Etf,MISC,Finance-ETF / ETN,102,ARCA,26.36,0.6,0.17,17,-50.3,0,39,C+,-,C,0
SGG,Ipath Sr B Blom Sugar Sb,MISC,Finance-ETF / ETN,102,BATS,54.06,-2.6,-1.47,2,-24.2,0,69,C+,-,B-,0
SGOL,Aberdeen Std Phy Gl Shrs,MISC,Finance-ETF / ETN,102,ARCA,17.33,0.3,0.05,1298,21.5,0,65,C+,-,D-,0
SGOV,Ishares 0-3 Month TrsyBd,MISC,Finance-ETF / ETN,102,ARCA,100.03,0,0,16,-79.8,0,65,C+,-,A+,0
SH,Proshrs Short S&P 500,MISC,Finance-ETF / ETN,102,ARCA,14.09,-1.1,-0.16,21599,50.2,0,39,C+,-,A,0
SHAG,Wisdomtree YldUsShTm,MISC,Finance-ETF / ETN,102,BATS,49.92,0.1,0.04,7,-71.2,0,55,C+,-,E,0
SHE,Spdr Ssga Gndr Diver Ind,MISC,Finance-ETF / ETN,102,ARCA,94.08,-1.3,-1.28,19,84.3,0,42,C+,-,D+,0
SHFT,Iclima Distrb Ren EnTran,MISC,Finance-ETF / ETN,102,ARCA,17.09,-0.7,-0.13,0,-70,0,22,C+,-,D,0
SHM,Spdr Nuv Blom St Muni Bd,MISC,Finance-ETF / ETN,102,ARCA,48.36,0.1,0.03,670,21.2,0,55,C+,-,B-,0
SHUS,Syntax Strat US Mkt Hedg,MISC,Finance-ETF / ETN,102,ARCA,40.46,0.3,0.13,14,7724.2,0,60,C+,-,C+,0
SHV,Ishares Short Trsy Bond,MISC,Finance-ETF / ETN,102,NASDAQ,110.34,0,0,1246,-26.4,0,65,C+,-,E,0
SHY,Ishares 1-3 Yr Trsy Bond,MISC,Finance-ETF / ETN,102,NASDAQ,84.94,0,0.02,3937,24.1,0,60,C+,-,E,0
SHYD,Vaneck Shrt Hg Yield Mun,MISC,Finance-ETF / ETN,102,BATS,24.47,0.1,0.02,57,-57.2,0,52,C+,-,D-,0
SHYG,Ishares 0-5 Yr Hi Yield,MISC,Finance-ETF / ETN,102,ARCA,44.66,0,0.02,776,-32.4,0,55,C+,-,C-,0
SHYL,Xtrackers ShDur Hi YldBd,MISC,Finance-ETF / ETN,102,ARCA,46.73,0,0.02,15,84.9,0,55,C+,-,E,0
SIFI,Harbor ScientificAlph In,MISC,Finance-ETF / ETN,102,ARCA,47.37,0,0,0,0,0,44,C+,-,E,0
SIHY,Harbor ScientificAlpHgYd,MISC,Finance-ETF / ETN,102,ARCA,48.27,0,0,0,0,0,52,C+,-,D-,0
SIJ,Proshrs Ultsht Industrl,MISC,Finance-ETF / ETN,102,ARCA,15.01,2.3,0.33,0,-94.5,0,60,C+,-,A-,0
SIL,Global X Silver Miners,MISC,Finance-ETF / ETN,102,ARCA,33.18,-0.8,-0.26,122,-60.4,0,25,C+,-,E,0
SILJ,Etf M G Prime Jr Sl Min,MISC,Finance-ETF / ETN,102,ARCA,11.4,-1.4,-0.16,566,-51.9,0,25,C+,-,E,0
SILX,ETFMG Prime 2x Dly Jr,MISC,Finance-ETF / ETN,102,ARCA,4.16,-0.7,-0.03,15,55.5,0,13,C+,-,C+,0
SIMS,Spdr S&P Kensho IntelStr,MISC,Finance-ETF / ETN,102,ARCA,40.17,-0.5,-0.21,2,-70.9,0,30,C+,-,E,0
SINV,ETFMG Prime 2x Dly Invrs,MISC,Finance-ETF / ETN,102,ARCA,14.52,0,0,0,0,0,95,C+,-,C+,0
SIVR,Aberdeen Std Phy Sil Shr,MISC,Finance-ETF / ETN,102,ARCA,21.82,0,0.01,346,-40,0,33,C+,-,D+,0
SIXA,ETC 6 Meridian Mega CpEq,MISC,Finance-ETF / ETN,102,ARCA,36.01,0,0,0,0,0,81,C+,-,A-,0
SIXH,ETC 6 MeridianHdgEqIdxOp,MISC,Finance-ETF / ETN,102,ARCA,30.83,0,0,0,0,0,77,C+,-,C,0
SIXJ,Allianzim USLgCpBf10jan,MISC,Finance-ETF / ETN,102,ARCA,24.65,0.7,0.17,6,-88.9,0,52,C+,-,-,0
SIXL,ETC 6 Meridian LowBetaEq,MISC,Finance-ETF / ETN,102,ARCA,33.7,0.1,0.03,0,-97.5,0,60,C+,-,E,0
SIXO,AllianzIM US LgCp 6MApOc,MISC,Finance-ETF / ETN,102,ARCA,25.95,0.4,0.1,2,-83.4,0,72,C+,-,C+,0
SIXS,ETC 6 Meridian Sml Cp Eq,MISC,Finance-ETF / ETN,102,ARCA,48.47,0,0,0,0,0,75,C+,-,B-,0
SIZE,iShares MSCI USA Sz Fac,MISC,Finance-ETF / ETN,102,ARCA,130.75,0.6,0.72,8,-67.5,0,72,C+,-,D,0
SJB,Proshrs Short High Yield,MISC,Finance-ETF / ETN,102,ARCA,17.73,-0.3,-0.05,108,19.5,0,60,C+,-,D+,0
SJNK,Spdr Blom St Hi Yld Bd,MISC,Finance-ETF / ETN,102,ARCA,26.79,0,0.01,7671,54.9,0,55,C+,-,B,0
SKF,Proshrs Ultsht Financial,MISC,Finance-ETF / ETN,102,ARCA,16.32,-1.5,-0.25,7,-68.8,0,26,C+,-,C,0
SKOR,Flexshr Cr Scor US Cp Bd,MISC,Finance-ETF / ETN,102,NASDAQ,51.76,0,0.02,26,-4.1,0,48,C+,-,E,0
SKYU,Proshr Ultra Nasdaq Cld,MISC,Finance-ETF / ETN,102,NASDAQ,33.6,-3.5,-1.21,1,-44.9,0,20,C+,-,C+,0
SKYY,First Trust Cloud Comp,MISC,Finance-ETF / ETN,102,NASDAQ,92.34,-1.2,-1.15,436,-5.7,0,31,C+,-,E,0
SLQD,Ishares 0-5 Yr Inv Grade,MISC,Finance-ETF / ETN,102,NASDAQ,50.52,0.1,0.03,407,14.4,0,55,C+,-,E,0
SLT,Pacer SaltHigh TrubetaUS,MISC,Finance-ETF / ETN,102,BATS,37.59,-3,-1.18,0,-87.8,0,35,C+,-,D,0
SLV,Ishares Silver Trust,MISC,Finance-ETF / ETN,102,ARCA,20.94,0,-0.01,18228,-18.8,0,33,C+,-,D+,0
SLVO,Credit Suisse Xlnk Sl Sh,MISC,Finance-ETF / ETN,102,NASDAQ,4.97,0,0,231,-49.2,0,28,C+,-,D,0
SLVP,Ishares Msci Glb Silver,MISC,Finance-ETF / ETN,102,BATS,11.86,-0.9,-0.11,66,-58.9,0,25,C+,-,E,0
SLX,Vaneck Steel Etf,MISC,Finance-ETF / ETN,102,ARCA,55.59,1.4,0.77,21,-54.3,0,60,C+,-,D+,0
SLY,Spdr S&P 600 Small Cap,MISC,Finance-ETF / ETN,102,ARCA,92.28,-0.7,-0.61,60,-29.7,0,52,C+,-,C+,0
SLYG,Spdr S&P 600 Small Grwth,MISC,Finance-ETF / ETN,102,ARCA,83.55,-0.6,-0.52,148,55.4,0,44,C+,-,D-,0
SLYV,Spdr S&P 600 Small Value,MISC,Finance-ETF / ETN,102,ARCA,81.29,-0.6,-0.52,197,-13.8,0,65,C+,-,B,0
SMB,Vaneck Short Muni Etf,MISC,Finance-ETF / ETN,102,BATS,17.56,0.1,0.02,79,-25.4,0,52,C+,-,C-,0
SMCP,Alphamark Actively Mngd,MISC,Finance-ETF / ETN,102,NASDAQ,28.46,4.8,1.31,2,105.7,0,32,C+,-,E,0
SMDD,Proshrs Ultpro St Mc 400,MISC,Finance-ETF / ETN,102,ARCA,24.85,-0.2,-0.04,10,-46.2,0,44,C+,-,B+,0
SMDV,Proshrs Russell 2000 Div,MISC,Finance-ETF / ETN,102,BATS,63.77,-0.4,-0.26,292,643.9,0,65,C+,-,D,0
SMDY,Syntax Stratified Midcap,MISC,Finance-ETF / ETN,102,ARCA,38.33,0.8,0.31,3,809.1,0,44,C+,-,B,0
SMH,Vaneck Semiconductor Etf,MISC,Finance-ETF / ETN,102,NASDAQ,283.35,2.4,6.77,5355,2.7,0,83,C+,-,D-,0
SMHB,Etracs MonPay 2xLev UsSm,MISC,Finance-ETF / ETN,102,ARCA,11.48,-1.3,-0.15,61,56.6,0,69,C+,-,D+,0
SMI,Vaneck Hip Sust Muni,MISC,Finance-ETF / ETN,102,BATS,48.98,0.4,0.18,14,1072.8,0,55,C+,-,D-,0
SMIG,AAM Bahl&Gaynor SmMiCpIn,MISC,Finance-ETF / ETN,102,ARCA,24.26,-0.4,-0.1,17,-28.4,0,52,C+,-,D-,0
SMIN,Ishares Msci India SmCap,MISC,Finance-ETF / ETN,102,BATS,60.6,1.1,0.64,51,-35.8,0,87,C+,-,C,0
SMLE,Xtrackers S&P SC 600 Esg,MISC,Finance-ETF / ETN,102,ARCA,25.48,0,0,0,0,0,42,C+,-,A+,0
SMLF,Shares MSCI USA SmlCp Mf,MISC,Finance-ETF / ETN,102,ARCA,54.01,0,0.02,53,-35.2,0,60,C+,-,C+,0
SMLV,Spdr Ssga UsSmCpLwVlIndx,MISC,Finance-ETF / ETN,102,ARCA,113.56,-0.2,-0.24,2,-25.3,0,69,C+,-,E,0
SMMD,Ishares Russell 2500 Etf,MISC,Finance-ETF / ETN,102,BATS,61.21,-0.4,-0.25,59,-27.9,0,42,C+,-,B+,0
SMMU,Pimco St Tm Muni Bd Act,MISC,Finance-ETF / ETN,102,ARCA,50.73,0,0.02,33,-54.1,0,60,C+,-,D-,0
SMMV,Ishares MSCI USA SCMinVF,MISC,Finance-ETF / ETN,102,BATS,36.55,-0.2,-0.06,46,-34.9,0,52,C+,-,D,0
SMN,Proshrs Ultsht Basic Mat,MISC,Finance-ETF / ETN,102,ARCA,12.04,-1.2,-0.15,4,-40.8,0,29,C+,-,B,0
SMOG,Vaneck Low Carbon Eng,MISC,Finance-ETF / ETN,102,ARCA,137.78,-0.3,-0.42,7,-6.8,0,25,C+,-,E,0
SNLN,Highland/iBoxx Sr Loan,MISC,Finance-ETF / ETN,102,NASDAQ,15.84,0.2,0.03,2,-87.2,0,55,C+,-,E,0
SNPE,Xtrackers S&P 500 Esg,MISC,Finance-ETF / ETN,102,ARCA,41.33,1.2,0.5,214,1.5,0,83,C+,-,E,0
SNSR,Global X Int of Things,MISC,Finance-ETF / ETN,102,NASDAQ,35.36,0.9,0.31,48,-33.2,0,48,C+,-,D+,0
SNUG,Merlyn AI Tac Gr and Inc,MISC,Finance-ETF / ETN,102,NASDAQ,27.25,0.2,0.07,2,-37,0,48,C+,-,D,0
SOCL,Global X Social Media,MISC,Finance-ETF / ETN,102,NASDAQ,50.05,-0.4,-0.21,15,-56,0,22,C+,-,C+,0
SOGU,Short De Spac Etf,MISC,Finance-ETF / ETN,102,NASDAQ,38.54,3.1,1.16,26,-17.6,0,97,C+,-,B,0
SOLR,Smartetfs Sust Energy II,MISC,Finance-ETF / ETN,102,ARCA,29.34,0.4,0.13,0,-70,0,30,C+,-,C+,0
SOXL,Direxion Semicon Bull 3X,MISC,Finance-ETF / ETN,102,ARCA,49.24,7.3,3.33,37423,76,0,81,C+,-,D-,0
SOXQ,Invesco PHLX Semicondctr,MISC,Finance-ETF / ETN,102,NASDAQ,28.22,2.3,0.63,43,2,0,77,C+,-,C,0
SOXS,Direxion Semicon Bear 3X,MISC,Finance-ETF / ETN,102,ARCA,4.09,-6.4,-0.28,75413,123.6,0,14,C+,-,A-,0
SOXX,Ishares Semicondctor Etf,MISC,Finance-ETF / ETN,102,NASDAQ,495.93,2.6,12.47,1576,33.8,0,83,C+,-,D,0
SOYB,Teucrium Soybean Fund,MISC,Finance-ETF / ETN,102,ARCA,25.61,0.7,0.17,65,18,0,91,C+,-,A,0
SPAB,Spdr Portfolio Agg Bond,MISC,Finance-ETF / ETN,102,ARCA,29.01,0.1,0.04,1469,-7.7,0,48,C+,-,D+,0
SPAK,Defiance NextGen SPACDer,MISC,Finance-ETF / ETN,102,NYSE,17.99,-2.7,-0.5,2,-89.7,0,19,C+,-,E,0
SPAX,Robinson Alt Yld Pre-Mrg,MISC,Finance-ETF / ETN,102,ARCA,20.48,0,0,0,0,0,69,C+,-,E,0
SPBC,Simplify UsEq Pls Gbtc,MISC,Finance-ETF / ETN,102,NASDAQ,26.28,0.4,0.11,0,-96.1,0,55,C+,-,E,0
SPBO,Spdr Portfolio Corp Bond,MISC,Finance-ETF / ETN,102,ARCA,33.73,0.1,0.02,343,180.6,0,44,C+,-,E,0
SPC,Crossingbridge PrMrgSpac,MISC,Finance-ETF / ETN,102,NASDAQ,20.65,0.9,0.18,43,39.6,0,72,C+,-,A-,0
SPCX,Spac and New Issue Etf,MISC,Finance-ETF / ETN,102,NASDAQ,27.78,0.3,0.07,5,-77.1,0,44,C+,-,B-,0
SPD,Simplify Us EqPlDownside,MISC,Finance-ETF / ETN,102,ARCA,31.89,1.1,0.36,180,3.4,0,77,C+,-,C+,0
SPDN,Direxion S&P 500 Br 1X,MISC,Finance-ETF / ETN,102,ARCA,14.54,-1,-0.15,1248,11.2,0,42,C+,-,C,0
SPDV,A A M S&P 500 High Div,MISC,Finance-ETF / ETN,102,ARCA,31.66,0.2,0.05,5,-42.2,0,84,C+,-,B+,0
SPDW,Spdr Portfolio Dev Wrld,MISC,Finance-ETF / ETN,102,ARCA,35.61,0.7,0.27,4959,76.5,0,48,C+,-,E,0
SPEM,Spdr Portfolio Emg Mkt,MISC,Finance-ETF / ETN,102,ARCA,41.92,0,-0.02,2932,9.3,0,48,C+,-,D-,0
SPEU,Spdr Portfolio Europe,MISC,Finance-ETF / ETN,102,ARCA,41.82,0.9,0.36,67,-7.8,0,65,C+,-,B-,0
SPFF,Global X SuperInc Prf,MISC,Finance-ETF / ETN,102,ARCA,11.39,-0.5,-0.06,60,-17.1,0,48,C+,-,D-,0
SPGM,Spdr Ptf Msci Global Stk,MISC,Finance-ETF / ETN,102,ARCA,56.28,0.7,0.4,49,-53.9,0,69,C+,-,C,0
SPGP,Invesco S&P 500 Garp ETF,MISC,Finance-ETF / ETN,102,ARCA,92.12,1.4,1.26,186,43.6,0,79,C+,-,B+,0
SPHB,Invesco S&P 500 H Beta,MISC,Finance-ETF / ETN,102,ARCA,76.09,0.4,0.32,545,-30.7,0,79,C+,-,C-,0
SPHD,Invesco S&P 500HiDivLwVl,MISC,Finance-ETF / ETN,102,ARCA,45.73,0.6,0.25,1849,86.7,0,83,C+,-,C,0
SPHQ,Invesco S&P 500 Qlty,MISC,Finance-ETF / ETN,102,ARCA,52.16,1,0.5,951,-20.4,0,83,C+,-,D-,0
SPHY,Spdr Portfolio Hi Yi Bd,MISC,Finance-ETF / ETN,102,ARCA,25.92,0.2,0.05,196,-34.6,0,52,C+,-,C-,0
SPIB,Spdr Ptf Intm Trm Corp,MISC,Finance-ETF / ETN,102,ARCA,35.5,0.1,0.03,3212,7.3,0,52,C+,-,D-,0
SPIP,Spdr Portfolio Tips ETF,MISC,Finance-ETF / ETN,102,ARCA,30.49,0.1,0.02,7676,377.8,0,52,C+,-,E,0
SPLB,Spdr Portfolio Lt Cp Bd,MISC,Finance-ETF / ETN,102,ARCA,29.88,0,0.01,1655,1.6,0,42,C+,-,C+,0
SPLG,Spdr Portfolio S&P 500,MISC,Finance-ETF / ETN,102,ARCA,53.84,1,0.53,3992,-4.1,0,79,C+,-,D-,0
SPLV,Invesco S&P 500 Lw Vol,MISC,Finance-ETF / ETN,102,ARCA,65.84,1.3,0.82,3554,-31.7,0,81,C+,-,E,0
SPMB,Spdr Portfolio Mtg BckBd,MISC,Finance-ETF / ETN,102,ARCA,24.92,0.2,0.05,890,-13.9,0,48,C+,-,D-,0
SPMD,Spdr Portfolio S&P400 Mc,MISC,Finance-ETF / ETN,102,ARCA,46.67,0.1,0.05,924,-27.4,0,55,C+,-,D-,0
SPMO,Invesco S&P500 Mom,MISC,Finance-ETF / ETN,102,ARCA,62.38,2,1.22,7,-57.5,0,72,C+,-,C-,0
SPMV,Invesco S&P 500 Min,MISC,Finance-ETF / ETN,102,BATS,39.95,1.1,0.43,6,322,0,79,C+,-,E,0
SPPP,Sprott Physical Plat/Pal,MISC,Finance-ETF / ETN,102,ARCA,16.15,0.1,0.02,27,-59.4,0,42,C+,-,A-,0
SPQQ,Siren Large Cap BlendIdx,MISC,Finance-ETF / ETN,102,NASDAQ,31.07,0,0,0,0,0,48,C+,-,E,0
SPRE,SP Fd S&PGlb Reit Sharia,MISC,Finance-ETF / ETN,102,ARCA,25.9,1.7,0.44,36,319.4,0,84,C+,-,C,0
SPRX,Spear Alpha Etf,MISC,Finance-ETF / ETN,102,NASDAQ,19.28,-0.6,-0.11,1,-3.6,0,39,C+,-,E,0
SPSB,Spdr Ptf St Trm Corp Bd,MISC,Finance-ETF / ETN,102,ARCA,30.72,0.1,0.03,1405,-22.8,0,55,C+,-,D-,0
SPSK,Sp Funds Dj Global Sukuk,MISC,Finance-ETF / ETN,102,ARCA,19.36,0.1,0.02,36,213.3,0,52,C+,-,D-,0
SPSM,Spdr Portfolio S&P 600SC,MISC,Finance-ETF / ETN,102,ARCA,41.51,-0.6,-0.23,1649,202.2,0,52,C+,-,D-,0
SPTI,Spdr Ptf Inter Term Tr,MISC,Finance-ETF / ETN,102,ARCA,31.52,0.1,0.05,1906,64.8,0,52,C+,-,D+,0
SPTL,Spdr Portfolio Lg Tr Trs,MISC,Finance-ETF / ETN,102,ARCA,40.52,0.3,0.14,2338,-14.9,0,48,C+,-,B-,0
SPTM,Spdr Portfolio S&P 1500,MISC,Finance-ETF / ETN,102,ARCA,56.22,0.9,0.52,494,-6.8,0,79,C+,-,C+,0
SPTS,SPDR Portfolio St TmTrea,MISC,Finance-ETF / ETN,102,ARCA,30.22,0,0.01,409,-70.4,0,60,C+,-,D-,0
SPUC,Simplify Us Eq Pl Upside,MISC,Finance-ETF / ETN,102,ARCA,33.05,0.8,0.28,14,78.6,0,75,C+,-,D,0
SPUS,Sp Funds S&P 500 Sharia,MISC,Finance-ETF / ETN,102,ARCA,31.95,1.1,0.34,61,62.7,0,84,C+,-,C+,0
SPUU,Direxion Dly Sp5 Bull 2X,MISC,Finance-ETF / ETN,102,ARCA,107.69,1.9,1.97,29,28.8,0,84,C+,-,D,0
SPVM,Invs S&P 500 ValwithMmtm,MISC,Finance-ETF / ETN,102,ARCA,53.47,1,0.51,12,30.7,0,86,C+,-,D,0
SPVU,Invesco SP500 Enh Vl,MISC,Finance-ETF / ETN,102,ARCA,45.74,1,0.44,40,1.9,0,86,C+,-,D,0
SPXB,Proshares S&P 500 Bond,MISC,Finance-ETF / ETN,102,ARCA,87.59,0,0,1,-78.4,0,48,C+,-,E,0
SPXE,Proshrs S&P500 Ex-Energy,MISC,Finance-ETF / ETN,102,ARCA,98.17,0.4,0.41,0,-74.9,0,75,C+,-,D-,0
SPXL,Direxion Dly Sp5 Bull 3x,MISC,Finance-ETF / ETN,102,ARCA,127.11,3.1,3.82,9253,4.7,0,91,C+,-,E,0
SPXN,Proshrs S&P 500 Ex-Finls,MISC,Finance-ETF / ETN,102,ARCA,95.7,0.2,0.16,0,-72.8,0,77,C+,-,E,0
SPXS,Direxion Dly Sp5 Bear 3x,MISC,Finance-ETF / ETN,102,ARCA,18.01,-3.1,-0.59,15577,15.9,0,25,C+,-,A+,0
SPXT,Proshrs S&P 500 Ex-Tech,MISC,Finance-ETF / ETN,102,ARCA,77.11,0,0,0,0,0,77,C+,-,C-,0
SPXU,Proshrs Ultpro St Sp 500,MISC,Finance-ETF / ETN,102,ARCA,13.65,-3.1,-0.43,25394,35.7,0,25,C+,-,A-,0
SPXV,Proshrs S&P500 Ex-HlthCr,MISC,Finance-ETF / ETN,102,ARCA,95.72,0,0,0,0,0,77,C+,-,E,0
SPXZ,Morgan CreekExos SpacOrg,MISC,Finance-ETF / ETN,102,ARCA,13.3,-2.3,-0.31,4,-64.6,0,17,C+,-,D+,0
SPY,Spdr S&P 500,MISC,Finance-ETF / ETN,102,ARCA,457.85,1.1,4.9,86657,9.3,0,79,C+,-,E,0
SPYC,Simplify UsEqPlConvexity,MISC,Finance-ETF / ETN,102,ARCA,32.68,0.4,0.14,31,0,0,79,C+,-,D+,0
SPYD,Spdr Ptf S&P 500 Hi Div,MISC,Finance-ETF / ETN,102,ARCA,43.46,0.7,0.31,2002,18.6,0,86,C+,-,D,0
SPYG,Spdr Ptf S&P 500 Grwth,MISC,Finance-ETF / ETN,102,ARCA,67.67,1.2,0.82,3826,30.3,0,77,C+,-,D+,0
SPYV,Spdr Portfolio S&P500 Vl,MISC,Finance-ETF / ETN,102,ARCA,41.92,0.8,0.34,3189,8.2,0,81,C+,-,D,0
SPYX,Spdr S&P Fossil Fuel Rsv,MISC,Finance-ETF / ETN,102,ARCA,112.68,0.9,1.04,82,77.9,0,79,C+,-,D-,0
SQEW,Leadershares Equity Skew,MISC,Finance-ETF / ETN,102,ARCA,33.84,0.4,0.14,7,-39.9,0,39,C+,-,D-,0
SQLV,Legg Mason Sm-Cp Qlt Val,MISC,Finance-ETF / ETN,102,NASDAQ,37.98,-0.8,-0.29,4,471.7,0,75,C+,-,C-,0
SQQQ,Proshrs Ultpro St Qqq,MISC,Finance-ETF / ETN,102,NASDAQ,35.76,-2.2,-0.82,69259,62.7,0,29,C+,-,A,0
SRET,Global X Super Div Reit,MISC,Finance-ETF / ETN,102,ARCA,9.16,-0.2,-0.02,140,-44.5,0,44,C+,-,E,0
SRLN,SPDR Blackstone Sr Loan,MISC,Finance-ETF / ETN,102,ARCA,45.55,0.2,0.11,5869,91.7,0,60,C+,-,C-,0
SRS,Proshrs Ultsht Real Est,MISC,Finance-ETF / ETN,102,ARCA,13.71,-2.7,-0.38,70,78.2,0,31,C+,-,B,0
SRTY,Proshrs Ultpro St R 2000,MISC,Finance-ETF / ETN,102,ARCA,54.79,3,1.62,1771,-3.8,0,89,C+,-,A+,0
SRVR,Pacer Benchmark DataInfr,MISC,Finance-ETF / ETN,102,ARCA,37.82,0.3,0.11,107,-35.4,0,44,C+,-,E,0
SSFI,Day HaganNedDavisRsSmSct,MISC,Finance-ETF / ETN,102,ARCA,24.42,0.2,0.06,2,-76.8,0,55,C+,-,D-,0
SSG,Proshrs Ultsht Semicond,MISC,Finance-ETF / ETN,102,ARCA,21.13,-4.9,-1.08,48,134.3,0,19,C+,-,B,0
SSLY,Syntax Stratified SmlCap,MISC,Finance-ETF / ETN,102,ARCA,46.63,0.1,0.06,0,-44.9,0,31,C+,-,B-,0
SSO,Proshrs Ultra S&P 500,MISC,Finance-ETF / ETN,102,ARCA,67.74,2.1,1.41,3150,-52.1,0,87,C+,-,E,0
SSPX,Janus Hend US Sust Eqty,MISC,Finance-ETF / ETN,102,ARCA,23.14,0,0,0,0,0,37,C+,-,A-,0
SSPY,Syntax Stratified Lg Cap,MISC,Finance-ETF / ETN,102,ARCA,69.62,0.9,0.62,17,245.1,0,79,C+,-,C+,0
SSUS,Day Hagan/Ned Davis RsSm,MISC,Finance-ETF / ETN,102,ARCA,35.88,0.3,0.09,77,29.1,0,81,C+,-,C+,0
STBL,Drivewealth Steady Saver,MISC,Finance-ETF / ETN,102,ARCA,24.13,0,0,0,0,0,52,C+,-,C+,0
STIP,Ishares 0-5 Yr Tips Bond,MISC,Finance-ETF / ETN,102,ARCA,104.65,0.1,0.08,1617,90.5,0,60,C+,-,E,0
STLG,Ishares Fctrs US Growth,MISC,Finance-ETF / ETN,102,BATS,37.04,0,0,0,0,0,69,C+,-,A+,0
STLV,Ishares Factors US Value,MISC,Finance-ETF / ETN,102,BATS,29.58,0,0,0,0,0,72,C+,-,D-,0
STNC,Stance Eqty Esg Lg Cp Cr,MISC,Finance-ETF / ETN,102,ARCA,27.38,0.3,0.08,3,78.2,0,72,C+,-,C+,0
STOT,Spdr Dblline Sh Dur TR,MISC,Finance-ETF / ETN,102,BATS,48.55,0.1,0.04,36,15.6,0,55,C+,-,E,0
STPZ,Pimco 1-5 Yr Us Tips Idx,MISC,Finance-ETF / ETN,102,ARCA,54.42,0,0.02,213,2,0,60,C+,-,D-,0
SUB,IShares ST Natl Muni Bd,MISC,Finance-ETF / ETN,102,ARCA,106.13,0,0.05,373,-21.7,0,55,C+,-,D+,0
SUBZ,Roundhill Stream SvcTech,MISC,Finance-ETF / ETN,102,ARCA,8.21,-1.2,-0.1,9,-45.5,0,18,C+,-,E,0
SUNY,Lifegoal Vacation Invest,MISC,Finance-ETF / ETN,102,ARCA,9.61,0,0,0,0,0,52,C+,-,E,0
SUSA,Ishares Usa Esg Sel Etf,MISC,Finance-ETF / ETN,102,ARCA,100,0.8,0.8,123,-57.3,0,75,C+,-,D-,0
SUSB,Ishares ESGAware1-5YrUsd,MISC,Finance-ETF / ETN,102,NASDAQ,25.34,0,0.01,248,-4.3,0,52,C+,-,E,0
SUSC,Ishares ESG AwareUsdCpBd,MISC,Finance-ETF / ETN,102,NASDAQ,26.45,0,0.01,179,-40.4,0,48,C+,-,D+,0
SUSL,Ishrs Esg Msci USA Ldrs,MISC,Finance-ETF / ETN,102,NASDAQ,80.65,1.4,1.14,1230,1228.2,0,79,C+,-,C-,0
SVAL,Ishares US SmlCp Val Fct,MISC,Finance-ETF / ETN,102,BATS,30.94,-0.4,-0.13,30,-46.8,0,75,C+,-,D,0
SVOL,Simplify Volatility Prem,MISC,Finance-ETF / ETN,102,ARCA,26.22,-0.1,-0.02,15,-70.1,0,60,C+,-,C,0
SVXY,Proshrs Sht Vix Sht Trm,MISC,Finance-ETF / ETN,102,BATS,58.84,0.9,0.54,3526,-34.4,0,88,C+,-,E,0
SWAN,Amplify BlackswanGr&TrCr,MISC,Finance-ETF / ETN,102,ARCA,32.91,0.7,0.22,162,-29.7,0,42,C+,-,E,0
SWAR,Direxion Dly Sftw Bul 2x,MISC,Finance-ETF / ETN,102,ARCA,19.2,-1.5,-0.3,7,10.2,0,26,C+,-,-,0
SXQG,ETC 6 Meridian Qlty Grd,MISC,Finance-ETF / ETN,102,ARCA,24.58,0,0,0,0,0,44,C+,-,D-,0
SXUS,Janus Hend Intl Sust Eqt,MISC,Finance-ETF / ETN,102,ARCA,21.1,1.3,0.27,3,451,0,28,C+,-,C-,0
SYLD,Cambria Sharehldr Yield,MISC,Finance-ETF / ETN,102,BATS,64.3,0.6,0.36,58,-18.6,0,79,C+,-,C,0
SYUS,Syntax Strtiid US Tl Mkt,MISC,Finance-ETF / ETN,102,ARCA,43.76,0,0,0,0,0,69,C+,-,C+,0
SZK,Proshrs Ultsht Con Goods,MISC,Finance-ETF / ETN,102,ARCA,12.45,1.4,0.17,0,-97.3,0,32,C+,-,B-,0
SZNE,Pacer CFRA-Stovall EqWgt,MISC,Finance-ETF / ETN,102,ARCA,37.66,0.2,0.08,6,1,0,69,C+,-,D+,0
TAGG,T Rowe Price Qm US Bond,MISC,Finance-ETF / ETN,102,ARCA,48.77,0,0,0,0,0,55,C+,-,D+,0
TAGS,Teucrium Agricultural Fd,MISC,Finance-ETF / ETN,102,ARCA,27.69,-0.9,-0.26,3,-56.7,0,86,C+,-,B-,0
TAIL,Cambria Tail Risk Etf,MISC,Finance-ETF / ETN,102,BATS,17.54,-0.1,-0.02,575,61.3,0,39,C+,-,C-,0
TAN,Invesco Solar,MISC,Finance-ETF / ETN,102,ARCA,63.89,-2,-1.32,940,-30.5,0,18,C+,-,D+,0
TAXF,American Cen Div Mun Bd,MISC,Finance-ETF / ETN,102,ARCA,53.94,0.3,0.18,13,-44.5,0,52,C+,-,E,0
TBF,Proshrs Short 20+ Yr Trs,MISC,Finance-ETF / ETN,102,ARCA,16.64,-0.3,-0.05,1613,2,0,69,C+,-,D+,0
TBJL,Innov 20+Yr TrsyBd 9 Jul,MISC,Finance-ETF / ETN,102,BATS,24.05,0,0,0,0,0,65,C+,-,D+,0
TBT,Proshrs Ultsht 20+ Yr,MISC,Finance-ETF / ETN,102,ARCA,18.18,-0.4,-0.08,5367,-26.3,0,72,C+,-,C+,0
TBUX,T Rowe Price Ultr ShTrBd,MISC,Finance-ETF / ETN,102,ARCA,49.69,0,0,3,-18.7,0,60,C+,-,A,0
TBX,Proshrs Short 7-10 Yr Tr,MISC,Finance-ETF / ETN,102,ARCA,24.81,-0.4,-0.1,103,7,0,72,C+,-,B,0
TCHI,Ishares Msci China Multi,MISC,Finance-ETF / ETN,102,NASDAQ,24.73,-1.1,-0.27,1,0,0,1,C+,-,-,0
TCHP,T Rowe Price Blue ChipGr,MISC,Finance-ETF / ETN,102,ARCA,30.18,0.8,0.23,174,50.5,0,44,C+,-,E,0
TCTL,Premise Cap Div Tactical,MISC,Finance-ETF / ETN,102,BATS,33.09,0.2,0.08,4,226.7,0,65,C+,-,B-,0
TDIV,First Tr Nasdaq Tech Div,MISC,Finance-ETF / ETN,102,NASDAQ,61.42,1.6,0.94,210,129,0,83,C+,-,B-,0
TDSA,Cabana Target Drawdown 5,MISC,Finance-ETF / ETN,102,ARCA,24.64,0.5,0.12,31,98.5,0,48,C+,-,D+,0
TDSB,Cabana Target Drawdown 7,MISC,Finance-ETF / ETN,102,ARCA,24.6,0.6,0.15,60,-50,0,44,C+,-,B-,0
TDSC,Cabana Target Drawdown10,MISC,Finance-ETF / ETN,102,ARCA,26.16,0.6,0.15,73,-51.2,0,52,C+,-,B-,0
TDSD,Cabana Target Drawdown13,MISC,Finance-ETF / ETN,102,ARCA,26.05,0.4,0.1,25,-61.9,0,39,C+,-,B,0
TDSE,Cabana Target Drawdown16,MISC,Finance-ETF / ETN,102,ARCA,26.57,0.5,0.12,80,131.2,0,39,C+,-,C+,0
TDTF,Flexshr 5Yr Tgt Dur Tips,MISC,Finance-ETF / ETN,102,ARCA,27.36,0.2,0.05,157,35.6,0,52,C+,-,B-,0
TDTT,Flexshr 3Yr Tgt Dur Tips,MISC,Finance-ETF / ETN,102,ARCA,25.91,0,0.01,136,-12.6,0,55,C+,-,B-,0
TDV,Proshrs S&P Tech Div Ar,MISC,Finance-ETF / ETN,102,BATS,64.08,1.1,0.69,5,-55.3,0,81,C+,-,B-,0
TDVG,T Rowe Price DividendGrw,MISC,Finance-ETF / ETN,102,ARCA,34.1,1,0.33,34,19,0,81,C+,-,C,0
TECB,Ishares US Tech Brkthrgh,MISC,Finance-ETF / ETN,102,ARCA,37.8,-0.4,-0.14,25,16.8,0,44,C+,-,C,0
TECL,Direxion Tech Bull 3X,MISC,Finance-ETF / ETN,102,ARCA,70.35,2.3,1.6,2598,17.7,0,94,C+,-,D,0
TECS,Direxion Tech Bear 3X,MISC,Finance-ETF / ETN,102,ARCA,32.3,-2,-0.66,1250,10.2,0,17,C+,-,A+,0
TEMP,J P Morgan Clim Chng Sol,MISC,Finance-ETF / ETN,102,ARCA,43.07,0.1,0.04,1,-37.7,0,32,C+,-,-,0
TENG,Direxion Dly5G ComBull2X,MISC,Finance-ETF / ETN,102,ARCA,26.68,2,0.52,0,-87,0,60,C+,-,E,0
TEQI,T Rowe Price Equity Incm,MISC,Finance-ETF / ETN,102,ARCA,37.23,0.9,0.32,9,-35.1,0,84,C+,-,C-,0
TFI,Spdr Nuveen Blom Muni Bd,MISC,Finance-ETF / ETN,102,ARCA,50.38,0.3,0.17,1269,39.5,0,52,C+,-,E,0
TFJL,Innov 20+YrTr Bd 5 FlJul,MISC,Finance-ETF / ETN,102,BATS,23.43,0.5,0.11,0,-97.3,0,60,C+,-,D,0
TFLO,Ishares Treasury Flt Rt,MISC,Finance-ETF / ETN,102,ARCA,50.31,0,0.01,109,-11.2,0,65,C+,-,E,0
TGIF,Sofi Weekly Income Etf,MISC,Finance-ETF / ETN,102,ARCA,101.75,-0.1,-0.13,1,-5.5,0,48,C+,-,E,0
TGRW,T Rowe Price GrowthStock,MISC,Finance-ETF / ETN,102,ARCA,30.04,0,0.01,10,51.6,0,37,C+,-,D-,0
THCX,Cannabis ETF,MISC,Finance-ETF / ETN,102,NYSE,7.45,-3.1,-0.24,63,-4,0,10,C+,-,D+,0
THD,Ishares Msci Thailand,MISC,Finance-ETF / ETN,102,ARCA,77.07,0.2,0.14,59,-13.4,0,65,C+,-,D+,0
THNQ,Robo Global Art Intel,MISC,Finance-ETF / ETN,102,ARCA,38.66,-1,-0.4,2,-60.5,0,32,C+,-,C-,0
THY,Toews Aglty ShDyn TacInc,MISC,Finance-ETF / ETN,102,BATS,24.18,0,0,1,-88.7,0,48,C+,-,C+,0
TILT,Flexshr Us Mkt Fctr Tilt,MISC,Finance-ETF / ETN,102,BATS,174.89,0.4,0.65,7,-53.2,0,75,C+,-,A-,0
TINT,Proshrs Smart Materials,MISC,Finance-ETF / ETN,102,ARCA,37.74,0.4,0.15,0,-89.3,0,39,C+,-,C+,0
TINY,Proshares Nanotechnology,MISC,Finance-ETF / ETN,102,ARCA,37.65,0.6,0.23,0,-87.2,0,35,C+,-,C+,0
TIP,Ishares TIPS Bond Etf,MISC,Finance-ETF / ETN,102,ARCA,125.37,0.1,0.09,6355,44,0,55,C+,-,E,0
TIPX,Spdr Blom 1-10 Yr Tips,MISC,Finance-ETF / ETN,102,ARCA,20.77,0.1,0.02,614,-19.7,0,55,C+,-,E,0
TIPZ,Pimco Broad Us Tips Idx,MISC,Finance-ETF / ETN,102,ARCA,63.92,0,0.02,60,16.2,0,52,C+,-,E,0
TLH,Ishares 10-20 Yr Trsy Bd,MISC,Finance-ETF / ETN,102,ARCA,143.5,0.4,0.54,254,36.5,0,48,C+,-,D,0
TLT,Ishares 20+ Yr Trsy Bond,MISC,Finance-ETF / ETN,102,NASDAQ,142.09,0.3,0.37,14770,-2.1,0,48,C+,-,D,0
TLTD,Flexshr Morstar Dvp exUs,MISC,Finance-ETF / ETN,102,ARCA,71.2,0.8,0.59,7,-50.1,0,55,C+,-,C+,0
TLTE,Flexshr Morstar Emg Tilt,MISC,Finance-ETF / ETN,102,ARCA,59.11,0,0.02,10,-34,0,48,C+,-,C,0
TMAT,Main Thematic Innovation,MISC,Finance-ETF / ETN,102,BATS,17.52,-2.1,-0.38,15,-2.2,0,20,C+,-,C+,0
TMDV,ProShares Russell US Dvd,MISC,Finance-ETF / ETN,102,BATS,48.46,0,0,0,0,0,75,C+,-,D-,0
TMF,Direxion 20+ Trs Bull 3X,MISC,Finance-ETF / ETN,102,ARCA,24.79,0.9,0.22,2145,13.8,0,31,C+,-,E,0
TMFC,Motley Fool 100 Index,MISC,Finance-ETF / ETN,102,BATS,41.35,0.9,0.35,39,-26.1,0,72,C+,-,E,0
TMFE,Motley Fool Cap Eff 100,MISC,Finance-ETF / ETN,102,ARCA,18.78,1,0.19,17,161.2,0,39,C+,-,-,0
TMFG,Motley Fool Global Opp,MISC,Finance-ETF / ETN,102,BATS,29.66,-0.3,-0.1,13,-48.8,0,44,C+,-,-,0
TMFM,Motley Fool Mid Cap Grw,MISC,Finance-ETF / ETN,102,BATS,26.47,0,0.01,6,-51.8,0,37,C+,-,-,0
TMFS,Motley Fool SmlCp Growth,MISC,Finance-ETF / ETN,102,BATS,31.68,-1.2,-0.38,31,40.5,0,25,C+,-,D,0
TMFX,Motley Fool Next Index,MISC,Finance-ETF / ETN,102,ARCA,17.71,-1.2,-0.21,28,-67.1,0,33,C+,-,-,0
TMV,Direxion 20+ Trs Bear 3X,MISC,Finance-ETF / ETN,102,ARCA,60.6,-0.8,-0.51,680,33,0,69,C+,-,C,0
TNA,Direxion Sc Bull 3X Shrs,MISC,Finance-ETF / ETN,102,ARCA,61.18,-3.1,-1.97,11467,-21.2,0,17,C+,-,E,0
TOK,Ishares Msci Kokusai Idx,MISC,Finance-ETF / ETN,102,ARCA,97.89,0.3,0.28,0,-86.9,0,75,C+,-,D+,0
TOKE,Cambria Cannabis ETF,MISC,Finance-ETF / ETN,102,BATS,11.59,-0.8,-0.1,4,-67.9,0,20,C+,-,C-,0
TOLZ,Proshrs Dj Brkfld Gl Inf,MISC,Finance-ETF / ETN,102,ARCA,47.69,0.7,0.32,4,-74.2,0,77,C+,-,D+,0
TOTL,Spdr Dblline Ttl Rt Tact,MISC,Finance-ETF / ETN,102,ARCA,46.55,0.2,0.07,529,63.3,0,48,C+,-,C-,0
TOTR,T Rowe Price Total Rtrn,MISC,Finance-ETF / ETN,102,ARCA,49.03,0.3,0.16,1,22.4,0,55,C+,-,E,0
TPAY,Ecofin Dig Pymts Infra,MISC,Finance-ETF / ETN,102,ARCA,34.79,-3.7,-1.33,5,84.8,0,25,C+,-,C-,0
TPHD,Timothy Plan High DivStk,MISC,Finance-ETF / ETN,102,ARCA,32.09,0.8,0.25,27,60.4,0,83,C+,-,B-,0
TPHE,Timothy Plan Hg DvStkEnh,MISC,Finance-ETF / ETN,102,ARCA,26.59,0.8,0.22,46,568.7,0,75,C+,-,E,0
TPIF,Timothy Plan Intl ETF,MISC,Finance-ETF / ETN,102,ARCA,28.18,0.8,0.23,2,-65.6,0,52,C+,-,C+,0
TPLC,Timothy Plan US Lg/Mid,MISC,Finance-ETF / ETN,102,ARCA,36.31,0.8,0.28,21,107.4,0,72,C+,-,E,0
TPLE,Timothy Plan US LrgMidCp,MISC,Finance-ETF / ETN,102,ARCA,25.54,0.7,0.17,17,216.2,0,60,C+,-,E,0
TPOR,Direxion Dly Trans Bul3X,MISC,Finance-ETF / ETN,102,ARCA,45.06,2.2,0.97,55,9.7,0,83,C+,-,B-,0
TPSC,Timothy Plan US Small Ca,MISC,Finance-ETF / ETN,102,ARCA,33.16,-0.6,-0.19,3,-22.9,0,69,C+,-,C+,0
TPYP,Tortoise Nrth Americ Pip,MISC,Finance-ETF / ETN,102,ARCA,24.09,0.6,0.15,133,91.9,0,88,C+,-,A+,0
TQQQ,Proshrs Ultpro Qqq,MISC,Finance-ETF / ETN,102,NASDAQ,64.65,2.6,1.64,92199,-19.1,0,65,C+,-,D-,0
TRDF,Nextgen Trend and Defend,MISC,Finance-ETF / ETN,102,BATS,23.94,-0.4,-0.11,0,-90.2,0,60,C+,-,-,0
TRND,Pacer Trendpilot FdofFds,MISC,Finance-ETF / ETN,102,ARCA,30.11,0.5,0.14,11,0.5,0,60,C+,-,D-,0
TRPL,Pacer Metaurus US Lg 300,MISC,Finance-ETF / ETN,102,ARCA,41.33,0,0,0,0,0,60,C+,-,E,0
TRTY,Cambria Trinity ETF,MISC,Finance-ETF / ETN,102,BATS,27.41,0.5,0.13,4,-13.7,0,65,C+,-,D,0
TRYP,Sonicshrs Arlins Htls Cr,MISC,Finance-ETF / ETN,102,ARCA,4.7,-0.2,-0.01,29,-33.5,0,44,C+,-,B,0
TSJA,Innovator TripleStckrJan,MISC,Finance-ETF / ETN,102,BATS,28.36,0.1,0.04,0,-99.5,0,65,C+,-,E,0
TSOC,Innovator Triple Stacker,MISC,Finance-ETF / ETN,102,BATS,31.3,0,0,0,0,0,72,C+,-,C-,0
TSPA,T Rowe Price US EqResrch,MISC,Finance-ETF / ETN,102,ARCA,27.34,0.9,0.24,16,533.6,0,77,C+,-,C+,0
TTAC,Fcf US Quality Etf,MISC,Finance-ETF / ETN,102,BATS,52.53,0.9,0.47,8,-36.7,0,52,C+,-,E,0
TTAI,Fcf International Qlty,MISC,Finance-ETF / ETN,102,BATS,34.66,0.8,0.27,0,-90,0,52,C+,-,D-,0
TTT,Proshrs Ultpro St 20+ Yr,MISC,Finance-ETF / ETN,102,ARCA,34.11,-1.2,-0.42,127,-1.5,0,69,C+,-,C-,0
TUR,Ishares Msci Turkey Inve,MISC,Finance-ETF / ETN,102,NASDAQ,19.91,-2.4,-0.49,605,-19.8,0,31,C+,-,B-,0
TUSA,First Tr Tot US Mkt Alph,MISC,Finance-ETF / ETN,102,ARCA,47.31,0,0,0,0,0,60,C+,-,B-,0
TWIO,Trajan Wealth Inc OppETF,MISC,Finance-ETF / ETN,102,ARCA,10.3,0.5,0.05,2,-70,0,60,C+,-,C+,0
TWM,Proshrs Ultsht Russ 2000,MISC,Finance-ETF / ETN,102,ARCA,15.52,2,0.31,3515,3.9,0,87,C+,-,B+,0
TYA,Simplify Risk Parity Trs,MISC,Finance-ETF / ETN,102,BATS,23.39,0.6,0.14,14,-40,0,39,C+,-,C-,0
TYD,Direxion 7-10Y Trs Bl 3X,MISC,Finance-ETF / ETN,102,ARCA,49.38,0.8,0.4,5,-61.5,0,35,C+,-,C+,0
TYNE,Direxion Nanotechnology,MISC,Finance-ETF / ETN,102,ARCA,19.68,-1.6,-0.32,0,-44.9,0,23,C+,-,C+,0
TYO,Direxion 7-10Y Trs Br 3X,MISC,Finance-ETF / ETN,102,ARCA,8.97,-1,-0.09,67,-39.1,0,81,C+,-,C+,0
TZA,Direxion Sc Bear 3X Shrs,MISC,Finance-ETF / ETN,102,ARCA,35.16,3.1,1.05,26153,37.3,0,90,C+,-,A-,0
UAE,Ishares Msci UAE Etf,MISC,Finance-ETF / ETN,102,NASDAQ,16.57,-0.6,-0.1,25,13.4,0,91,C+,-,B-,0
UAPR,Innov US Eqt Ult Bf-Apr,MISC,Finance-ETF / ETN,102,BATS,26.23,0.2,0.05,8,-47.1,0,72,C+,-,B-,0
UAUG,Innov S&P 500 Ult Bf-Aug,MISC,Finance-ETF / ETN,102,BATS,29.04,0.3,0.08,18,237.8,0,69,C+,-,B,0
UBCB,UBC Algorithmic Fndt Etf,MISC,Finance-ETF / ETN,102,ARCA,23.42,1.2,0.28,0,-88.4,0,42,C+,-,-,0
UBND,Victoryshares ESGCrPlsBd,MISC,Finance-ETF / ETN,102,NASDAQ,24.47,0,0,0,0,0,55,C+,-,A-,0
UBOT,Direxion Robo Art Bul 3X,MISC,Finance-ETF / ETN,102,ARCA,30.82,1.1,0.34,16,31.4,0,16,C+,-,E,0
UBR,Proshrs Ult MSCI Brzl Cp,MISC,Finance-ETF / ETN,102,ARCA,27.91,-1.3,-0.36,27,91.2,0,81,C+,-,B+,0
UBT,Proshrs Ultra 20+ Yr Tr,MISC,Finance-ETF / ETN,102,ARCA,50.5,0.6,0.28,17,-69.7,0,39,C+,-,D-,0
UCC,Proshrs Ultra Cnsmr Svcs,MISC,Finance-ETF / ETN,102,ARCA,43.66,-0.9,-0.39,0,-82.4,0,30,C+,-,C,0
UCIB,Etracs Cmci Tot Rtrn SrB,MISC,Finance-ETF / ETN,102,ARCA,22.41,-0.2,-0.05,2,-55.6,0,92,C+,-,B+,0
UCO,Proshrs Ultra Blom Crude,MISC,Finance-ETF / ETN,102,ARCA,112.58,0.3,0.34,342,-50.9,0,98,C+,-,B,0
UCON,First Trust Tcw Un Pl Bd,MISC,Finance-ETF / ETN,102,ARCA,26.16,0,-0.01,237,-27.5,0,55,C+,-,B-,0
UCRD,Victoryshares ESG Cp Bd,MISC,Finance-ETF / ETN,102,NASDAQ,24.06,0,0,0,0,0,48,C+,-,-,0
UCYB,Proshr Ult Nsdq Cybersec,MISC,Finance-ETF / ETN,102,NASDAQ,41.1,-0.8,-0.32,0,-93.6,0,39,C+,-,C+,0
UDEC,Innovator U.S. Eq UB-Dec,MISC,Finance-ETF / ETN,102,BATS,29.91,0.2,0.07,6,-65.9,0,72,C+,-,B,0
UDN,Invesco Db Us$ Bearish,MISC,Finance-ETF / ETN,102,ARCA,20.18,0.4,0.07,37,9.1,0,44,C+,-,D-,0
UDOW,Proshrs Ultpro Dow 30,MISC,Finance-ETF / ETN,102,ARCA,79.59,2.1,1.65,4913,-19.6,0,86,C+,-,E,0
UEVM,VicShrs Msci Emg Mkt Val,MISC,Finance-ETF / ETN,102,ARCA,47.81,-0.2,-0.12,7,59.2,0,55,C+,-,D-,0
UFEB,Innov US Eqt Ult Bf-Feb,MISC,Finance-ETF / ETN,102,BATS,28.17,0.2,0.05,29,418.1,0,75,C+,-,D+,0
UFO,Procure Space Etf,MISC,Finance-ETF / ETN,102,NASDAQ,24.66,-0.9,-0.22,10,-66.7,0,27,C+,-,D+,0
UGA,United States Gas Fd Lp,MISC,Finance-ETF / ETN,102,ARCA,48.02,1,0.49,54,28.4,0,96,C+,-,B,0
UGCE,Uncommon PrtflioDsg CrEq,MISC,Finance-ETF / ETN,102,ARCA,26.24,0.2,0.04,6,65.8,0,69,C+,-,C-,0
UGE,Proshrs Ultra Cnsmr Gds,MISC,Finance-ETF / ETN,102,ARCA,26.27,-0.4,-0.12,3,-43.4,0,81,C+,-,D+,0
UGL,Proshrs Ultra Gold,MISC,Finance-ETF / ETN,102,ARCA,57.92,0.6,0.35,160,16.8,0,52,C+,-,C,0
UITB,VictoryShr Cr Intm Tr Bd,MISC,Finance-ETF / ETN,102,ARCA,52.02,0.1,0.07,5,-90.6,0,52,C+,-,D-,0
UIVM,VicShrs Msci Intl Vl Mom,MISC,Finance-ETF / ETN,102,ARCA,48.97,0.8,0.41,0,-77.2,0,60,C+,-,C,0
UJAN,Innov US Eqt Ult Bf-Jan,MISC,Finance-ETF / ETN,102,BATS,31.16,0.4,0.13,49,-23.6,0,65,C+,-,C-,0
UJB,Proshrs Ultra High Yield,MISC,Finance-ETF / ETN,102,ARCA,75.14,0,0,0,0,0,55,C+,-,E,0
UJUL,Innov US Eqt Ult Bf-Jul,MISC,Finance-ETF / ETN,102,BATS,27.39,0,0,0,-92.2,0,69,C+,-,D-,0
UJUN,Innov US Eqt Ult Bf-Jun,MISC,Finance-ETF / ETN,102,BATS,29.19,0,0,0,0,0,72,C+,-,B,0
ULE,Proshrs Ultra Euro,MISC,Finance-ETF / ETN,102,ARCA,13.13,0.7,0.1,8,-60.8,0,33,C+,-,E,0
ULST,Spdr Ssga Ultr Shrt Term,MISC,Finance-ETF / ETN,102,ARCA,40.25,0,0.02,26,-81,0,65,C+,-,B-,0
ULTR,IQ Ultra Short Duration,MISC,Finance-ETF / ETN,102,ARCA,48.51,0,0.02,3,-88.3,0,55,C+,-,C-,0
ULVM,VicShrs Msci Usa Val Mom,MISC,Finance-ETF / ETN,102,ARCA,69.09,1,0.71,0,-96.1,0,77,C+,-,C-,0
UMAR,Innov US Eqt Ult Bf-Mar,MISC,Finance-ETF / ETN,102,BATS,29.8,0,0,0,0,0,75,C+,-,B,0
UMAY,Innov US Eqt Ult Bf May,MISC,Finance-ETF / ETN,102,BATS,28.71,0.5,0.14,8,-18.1,0,72,C+,-,E,0
UMDD,Proshrs Ultpro Midcp 400,MISC,Finance-ETF / ETN,102,ARCA,28.52,0.1,0.04,14,-47,0,37,C+,-,E,0
UMI,USCF Midstream Eng In Fd,MISC,Finance-ETF / ETN,102,ARCA,32.17,0.6,0.19,5,-71.2,0,89,C+,-,C+,0
UMMA,Wahed Dow Jones Islam Wd,MISC,Finance-ETF / ETN,102,NASDAQ,24.2,0.3,0.08,5,-92.6,0,48,C+,-,-,0
UNG,United States Nat Gas Fd,MISC,Finance-ETF / ETN,102,ARCA,18.96,10.8,1.86,19883,137.1,0,95,C+,-,B-,0
UNL,United States 12 Mo Ngas,MISC,Finance-ETF / ETN,102,ARCA,16.08,6.1,0.93,50,70.3,0,97,C+,-,A-,0
UNOV,Innovator U.S. Eq UB-Nov,MISC,Finance-ETF / ETN,102,BATS,29.23,0.3,0.09,4,-41.5,0,65,C+,-,D+,0
UOCT,Innov U.S. Eq Ult Bf-Oct,MISC,Finance-ETF / ETN,102,BATS,28.36,0.4,0.1,0,-81.8,0,72,C+,-,D-,0
UPAR,Upar Ultra Risk Parity,MISC,Finance-ETF / ETN,102,ARCA,19.61,1.1,0.22,4,-90.5,0,52,C+,-,-,0
UPRO,Proshrs Ultpro S&P 500,MISC,Finance-ETF / ETN,102,ARCA,67.59,3.1,2.02,9851,-17.3,0,91,C+,-,E,0
UPV,Proshrs Ultra Ftse Europ,MISC,Finance-ETF / ETN,102,ARCA,68.08,1.3,0.89,0,-63.3,0,65,C+,-,D+,0
UPW,Proshrs Ultra Utilities,MISC,Finance-ETF / ETN,102,ARCA,69.26,2,1.39,1,-20.4,0,84,C+,-,C+,0
URA,Global X Uranium,MISC,Finance-ETF / ETN,102,ARCA,20.93,-1.4,-0.3,826,-54.8,0,65,C+,-,D-,0
URE,Proshrs Ultra Real Est,MISC,Finance-ETF / ETN,102,ARCA,98.69,2.5,2.39,6,-57.6,0,86,C+,-,C+,0
URNM,North Shore Gbl Uranium,MISC,Finance-ETF / ETN,102,ARCA,65.06,-2.3,-1.51,203,-28.9,0,77,C+,-,E,0
URTH,Ishares Msci World Etf,MISC,Finance-ETF / ETN,102,AMEX,130.39,0.8,1.02,103,-52.8,0,72,C+,-,C+,0
URTY,Proshrs Ultpro Russ 2000,MISC,Finance-ETF / ETN,102,ARCA,73.16,-3.1,-2.35,943,4.7,0,17,C+,-,D-,0
USAI,Pacer American EnerIndep,MISC,Finance-ETF / ETN,102,NYSE,25.51,0,0,14,193.9,0,86,C+,-,B,0
USBF,Ishares USD Bond Factor,MISC,Finance-ETF / ETN,102,NASDAQ,97.98,0,0,0,0,0,52,C+,-,B-,0
USCI,U S Commodity Index Fd,MISC,Finance-ETF / ETN,102,ARCA,47.99,0.3,0.12,37,-14,0,92,C+,-,B,0
USD,Proshrs Ultra Semiconduc,MISC,Finance-ETF / ETN,102,ARCA,42.29,5.1,2.04,224,0,0,90,C+,-,C-,0
USDU,Wisdomtree Bloom US Dlr,MISC,Finance-ETF / ETN,102,ARCA,26.1,-0.3,-0.09,1165,1401.1,0,72,C+,-,D+,0
USEP,Innov U.S. Eq Ult Bf-Sep,MISC,Finance-ETF / ETN,102,BATS,28.4,0.3,0.09,6,31.8,0,69,C+,-,B+,0
USEQ,Invesco Rus 1000 En Eq,MISC,Finance-ETF / ETN,102,BATS,37.36,0.3,0.12,0,-45.5,0,72,C+,-,E,0
USFR,Wisdomtree Fl Rt Tr,MISC,Finance-ETF / ETN,102,ARCA,25.13,0,-0.01,659,1.9,0,65,C+,-,D-,0
USHY,Ishares Brd USD Hi Yd cp,MISC,Finance-ETF / ETN,102,BATS,40.11,0.1,0.06,2033,-24.8,0,52,C+,-,D-,0
USI,Principal Ul Sh Actv Inc,MISC,Finance-ETF / ETN,102,ARCA,24.47,0,0,0,0,0,60,C+,-,A-,0
USIG,Ishrs Broad USD InvGrCrp,MISC,Finance-ETF / ETN,102,ARCA,57.98,0.1,0.04,1023,-14.8,0,48,C+,-,C,0
USL,United States 12 Mo Oil,MISC,Finance-ETF / ETN,102,ARCA,31.75,0.4,0.12,64,17.9,0,96,C+,-,C,0
USLB,Invesco Rus 1000 Lw Bt,MISC,Finance-ETF / ETN,102,NASDAQ,40.68,0,0,0,0,0,77,C+,-,E,0
USMC,Principal US Mega-Cap,MISC,Finance-ETF / ETN,102,NASDAQ,43.05,0.8,0.35,65,40.2,0,83,C+,-,D-,0
USMF,Wisdomtree US Mf Fund,MISC,Finance-ETF / ETN,102,BATS,40.78,0.5,0.2,10,20.6,0,75,C+,-,B-,0
USML,Etracs 2x LvgdMsciUS Min,MISC,Finance-ETF / ETN,102,ARCA,32.05,0,0,0,0,0,72,C+,-,C+,0
USMV,Ishares MSCI USA Min VF,MISC,Finance-ETF / ETN,102,BATS,76.87,0.9,0.7,3016,-22.4,0,75,C+,-,D-,0
USO,United States Oil Fnd Lp,MISC,Finance-ETF / ETN,102,ARCA,62.57,0.1,0.04,2847,-51.3,0,96,C+,-,B-,0
USOI,Credit Suisse Xlnk CrOil,MISC,Finance-ETF / ETN,102,NASDAQ,5.33,0.2,0.01,380,-49.7,0,72,C+,-,D+,0
USRT,Ishares Core US Reit ETF,MISC,Finance-ETF / ETN,102,ARCA,63.47,1.5,0.95,363,55.3,0,83,C+,-,E,0
USSG,X MSCI USA ESG Ldrs Eq,MISC,Finance-ETF / ETN,102,ARCA,42.41,1.3,0.55,26,-85.2,0,79,C+,-,C,0
UST,Proshrs Ultra 7-10 Yr Tr,MISC,Finance-ETF / ETN,102,ARCA,65.27,0.5,0.32,0,-98,0,42,C+,-,C-,0
USTB,VictoryShrs Cr Sh Tr Bd,MISC,Finance-ETF / ETN,102,ARCA,51.01,0.1,0.03,15,-24.1,0,55,C+,-,D-,0
USVM,VictoryShr Msci Usa SmCp,MISC,Finance-ETF / ETN,102,ARCA,68.36,-0.1,-0.09,10,9.1,0,52,C+,-,C-,0
USVT,U S Value Etf,MISC,Finance-ETF / ETN,102,ARCA,26.62,-0.5,-0.15,13,4969.2,0,79,C+,-,C,0
USXF,Ishares Esg Adv Msci Usa,MISC,Finance-ETF / ETN,102,NASDAQ,36.79,0.6,0.23,62,-13.1,0,69,C+,-,D+,0
UTES,Virtus Reaves Utls ETF,MISC,Finance-ETF / ETN,102,ARCA,45.55,1.3,0.58,3,-1,0,77,C+,-,D-,0
UTRN,Vesper US LargeCapStRev,MISC,Finance-ETF / ETN,102,ARCA,28.6,0.7,0.19,7,-52.2,0,26,C+,-,E,0
UTSL,Direxion Dly Utls Bul 3X,MISC,Finance-ETF / ETN,102,ARCA,35.87,4.2,1.46,29,-55.8,0,86,C+,-,B+,0
UUP,Invesco Db Us$ Bullish,MISC,Finance-ETF / ETN,102,ARCA,25.7,-0.4,-0.1,4117,224.8,0,77,C+,-,C+,0
UVDV,U V A Dividend Value Etf,MISC,Finance-ETF / ETN,102,ARCA,10.2,0,0,0,0,0,72,C+,-,C+,0
UVXY,Proshrs Ultra Vix Sht Tm,MISC,Finance-ETF / ETN,102,BATS,13.13,-3.2,-0.44,53846,-17.8,0,9,C+,-,A+,0
UWM,Proshrs Ultra Russ 2000,MISC,Finance-ETF / ETN,102,ARCA,45.02,-2.2,-1,1014,26.9,0,24,C+,-,D-,0
UXI,Proshrs Ultra Industrial,MISC,Finance-ETF / ETN,102,ARCA,29.64,-1.6,-0.49,3,-20.9,0,48,C+,-,D-,0
UYG,Proshrs Ultra Financials,MISC,Finance-ETF / ETN,102,ARCA,68.12,1.8,1.21,42,-34.6,0,87,C+,-,C+,0
UYM,Proshrs Ultra Basic Mtrl,MISC,Finance-ETF / ETN,102,ARCA,101.69,1.3,1.35,2,-70,0,84,C+,-,D+,0
VABS,Virtus Newfleet ABS/MBS,MISC,Finance-ETF / ETN,102,ARCA,24.62,0,0,0,0,0,55,C+,-,E,0
VALQ,American Cen Stoxx Us Ql,MISC,Finance-ETF / ETN,102,ARCA,51.95,0.9,0.45,6,-20.3,0,79,C+,-,B-,0
VALT,Etfmg Sit Ultra Shrt Etf,MISC,Finance-ETF / ETN,102,ARCA,49.4,-0.1,-0.04,2,-20.5,0,65,C+,-,A-,0
VAMO,Cambria Value & Momentum,MISC,Finance-ETF / ETN,102,BATS,24.81,-0.4,-0.09,0,-69.5,0,75,C+,-,B-,0
VAW,Vanguard Materials Etf,MISC,Finance-ETF / ETN,102,ARCA,186.84,0.4,0.68,72,-21.1,0,75,C+,-,D-,0
VB,Vanguard Small-Cp,MISC,Finance-ETF / ETN,102,ARCA,209.8,-0.5,-0.96,786,7.2,0,42,C+,-,C,0
VBB,Valkyrie Balance Sht Opp,MISC,Finance-ETF / ETN,102,NASDAQ,19.14,-5.7,-1.15,1,46.9,0,23,C+,-,-,0
VBK,Vanguard Small-Cp Growth,MISC,Finance-ETF / ETN,102,ARCA,246.2,-1.1,-2.83,390,23.2,0,29,C+,-,E,0
VBND,E S S Vident Cor US Bd,MISC,Finance-ETF / ETN,102,ARCA,49.82,0.2,0.11,21,40.3,0,48,C+,-,C+,0
VBR,Vanguard Small-Cp Value,MISC,Finance-ETF / ETN,102,ARCA,173.01,0.1,0.17,715,28.1,0,69,C+,-,D-,0
VCAR,Simplify Volt RoboCar,MISC,Finance-ETF / ETN,102,ARCA,13.1,-0.2,-0.03,9,-63.7,0,42,C+,-,D-,0
VCEB,Vanguard Esg US Corp Bd,MISC,Finance-ETF / ETN,102,BATS,71.29,0.2,0.11,77,262,0,48,C+,-,C+,0
VCIT,Vanguard Intmd Corp Bond,MISC,Finance-ETF / ETN,102,NASDAQ,90.43,0.1,0.08,3463,-11.7,0,44,C+,-,D,0
VCLN,Virtus Duff & Phelps Cln,MISC,Finance-ETF / ETN,102,ARCA,21.42,0,0,0,0,0,25,C+,-,E,0
VCLO,Simplify VoltCldCybersec,MISC,Finance-ETF / ETN,102,ARCA,12.35,0.9,0.11,35,32.9,0,28,C+,-,D,0
VCLT,Vanguard Lt Corp Bond,MISC,Finance-ETF / ETN,102,NASDAQ,100.55,0,-0.03,1094,14.6,0,42,C+,-,D-,0
VCR,Vanguard Cnsmr Disc Etf,MISC,Finance-ETF / ETN,102,ARCA,307.7,-0.7,-2.14,171,16,0,52,C+,-,E,0
VCSH,Vanguard St Corp Bond,MISC,Finance-ETF / ETN,102,NASDAQ,80.31,0.1,0.08,4581,11.9,0,52,C+,-,E,0
VDC,Vanguard Cnsmr Stpls Etf,MISC,Finance-ETF / ETN,102,ARCA,197.93,1.1,2.23,113,-34.3,0,84,C+,-,B-,0
VDE,Vanguard Energy Etf,MISC,Finance-ETF / ETN,102,ARCA,95.03,0.5,0.5,1975,21.2,0,96,C+,-,C,0
VDNI,V Shares US Leadshp Div,MISC,Finance-ETF / ETN,102,ARCA,24.65,0,0,0,0,0,55,C+,-,-,0
VEA,Vanguard Ftse Dvlp Mkts,MISC,Finance-ETF / ETN,102,ARCA,49.98,0.8,0.4,14316,-11.6,0,52,C+,-,E,0
VEGA,Advisorshrs Star GlbByWr,MISC,Finance-ETF / ETN,102,ARCA,40.02,0.5,0.19,161,3818,0,65,C+,-,D+,0
VEGI,Ishares Msci Glb Agric,MISC,Finance-ETF / ETN,102,ARCA,41.95,0.2,0.1,8,-31.3,0,81,C+,-,D-,0
VEGN,US Vegan Climate ETF,MISC,Finance-ETF / ETN,102,ARCA,40.53,0.4,0.17,4,-59.3,0,72,C+,-,D+,0
VEU,Vanguard Fts Wrd X-Us,MISC,Finance-ETF / ETN,102,ARCA,60.68,0.5,0.32,4726,-1.2,0,52,C+,-,E,0
VFH,Vanguard Financials Etf,MISC,Finance-ETF / ETN,102,ARCA,97.88,0.6,0.56,631,-23.7,0,84,C+,-,E,0
VFIN,Simplify Volt Fintech,MISC,Finance-ETF / ETN,102,ARCA,6.55,-3.8,-0.26,2,-49.4,0,13,C+,-,E,0
VFLQ,Vanguard US Liquidityfac,MISC,Finance-ETF / ETN,102,BATS,105.7,0,0,0,0,0,44,C+,-,C,0
VFMF,Vanguard US Multifactor,MISC,Finance-ETF / ETN,102,BATS,103.94,0.4,0.42,3,-56,0,75,C+,-,D-,0
VFMO,Vanguard US Momentum Fac,MISC,Finance-ETF / ETN,102,BATS,123.67,0.5,0.61,20,60.2,0,39,C+,-,C-,0
VFMV,Vanguard US Minimum Vol,MISC,Finance-ETF / ETN,102,BATS,102.55,0.8,0.82,2,1.4,0,75,C+,-,D+,0
VFQY,Vanguard US Quality Fact,MISC,Finance-ETF / ETN,102,BATS,117.69,0.1,0.14,5,-69.9,0,60,C+,-,D-,0
VFVA,Vanguard US Value Factor,MISC,Finance-ETF / ETN,102,BATS,105.95,0.1,0.15,22,-38.3,0,85,C+,-,B+,0
VGIT,Vanguard Intmd Term Tr,MISC,Finance-ETF / ETN,102,NASDAQ,65.39,0.1,0.07,775,-42.1,0,48,C+,-,D-,0
VGK,Vanguard Ftse Europe Etf,MISC,Finance-ETF / ETN,102,ARCA,67.01,0.6,0.41,5897,-16.1,0,65,C+,-,E,0
VGLT,Vanguard Long Term Trsy,MISC,Finance-ETF / ETN,102,NASDAQ,85.94,0.2,0.19,2248,-11.7,0,48,C+,-,D+,0
VGSH,Vanguard Short Term Trsy,MISC,Finance-ETF / ETN,102,NASDAQ,60.4,0.1,0.04,1549,-30.8,0,55,C+,-,D+,0
VGT,Vanguard Info Tech Etf,MISC,Finance-ETF / ETN,102,ARCA,425.99,0.5,1.98,438,-47.3,0,79,C+,-,E,0
VHT,Vanguard Health Care Etf,MISC,Finance-ETF / ETN,102,ARCA,248.9,1.1,2.62,296,6.6,0,60,C+,-,E,0
VIB,Valkyrie US Inov Bal Sht,MISC,Finance-ETF / ETN,102,NASDAQ,0,-,0,0,0,-,1,C+,-,-,0
VICE,AdvisorShares Vice Etf,MISC,Finance-ETF / ETN,102,ARCA,30.44,-0.4,-0.12,0,-58.7,0,35,C+,-,B,0
VIDI,Vident Intl Equity Fund,MISC,Finance-ETF / ETN,102,ARCA,26.75,0.6,0.17,24,-33.9,0,55,C+,-,B+,0
VIG,Vanguard Div Appr Etf,MISC,Finance-ETF / ETN,102,ARCA,165.36,1.1,1.85,1717,-19.7,0,77,C+,-,E,0
VIGI,Vanguard Intl Div Appr,MISC,Finance-ETF / ETN,102,NASDAQ,81.88,0.8,0.67,344,22,0,39,C+,-,D,0
VIOG,Vanguard S&P Sc 600 Grth,MISC,Finance-ETF / ETN,102,ARCA,215.29,-0.5,-1.15,53,326.2,0,44,C+,-,D-,0
VIOO,Vanguard S&P Sc 600 Etf,MISC,Finance-ETF / ETN,102,ARCA,195.01,-0.6,-1.2,23,-62.9,0,52,C+,-,C,0
VIOV,Vanguard S&P Sc 600 Val,MISC,Finance-ETF / ETN,102,ARCA,172.95,-0.6,-1.03,45,0.9,0,65,C+,-,C-,0
VIRS,Pacer BioThreat Strategy,MISC,Finance-ETF / ETN,102,BATS,31.73,-0.4,-0.13,0,-59.2,0,55,C+,-,E,0
VIS,Vanguard Industrials Etf,MISC,Finance-ETF / ETN,102,ARCA,193.87,0.5,0.89,94,-39.5,0,65,C+,-,D,0
VIXM,Proshrs Vix Mt Futures,MISC,Finance-ETF / ETN,102,BATS,29.63,-0.1,-0.04,102,-20.7,0,33,C+,-,C,0
VIXY,Proshrs Vix St Futures,MISC,Finance-ETF / ETN,102,BATS,15.87,-2,-0.32,6855,-7,0,16,C+,-,A,0
VLU,Spdr S&P 1500 Value Tilt,MISC,Finance-ETF / ETN,102,ARCA,155.37,0.6,0.99,16,44.6,0,83,C+,-,C,0
VLUE,Ishares MSCI USA Val Fac,MISC,Finance-ETF / ETN,102,BATS,108.84,1,1.09,1983,-17.4,0,81,C+,-,D+,0
VMBS,Vanguard Mrtg Backed Sec,MISC,Finance-ETF / ETN,102,NASDAQ,52.02,0.1,0.04,1268,-17.2,0,52,C+,-,E,0
VMOT,Alpha Architect Val Mom,MISC,Finance-ETF / ETN,102,BATS,25.44,0.4,0.09,24,617.8,0,33,C+,-,E,0
VNAM,Global X Msci VietnamEtf,MISC,Finance-ETF / ETN,102,ARCA,25.46,-0.2,-0.05,0,-90.9,0,60,C+,-,-,0
VNLA,Janus Hend Short Dur Inc,MISC,Finance-ETF / ETN,102,ARCA,49.39,0.1,0.03,349,10.2,0,55,C+,-,C-,0
VNM,Vaneck Vietnam Etf,MISC,Finance-ETF / ETN,102,BATS,19.87,0.2,0.04,96,-59.4,0,75,C+,-,C+,0
VNMC,Natixis Vaughan NlsnMdCp,MISC,Finance-ETF / ETN,102,ARCA,31.79,1.4,0.44,0,-48,0,69,C+,-,B-,0
VNQ,Vanguard Real Estate Ind,MISC,Finance-ETF / ETN,102,ARCA,107.37,1.4,1.51,3833,-27,0,77,C+,-,E,0
VNQI,Vanguard Gbl Rl Est X-Us,MISC,Finance-ETF / ETN,102,NASDAQ,53.08,0.7,0.36,488,53.2,0,55,C+,-,D,0
VNSE,Natixis Vaughan Nlsn Sel,MISC,Finance-ETF / ETN,102,ARCA,30.15,1,0.31,0,-93.2,0,84,C+,-,C-,0
VO,Vanguard Mid-Cap,MISC,Finance-ETF / ETN,102,ARCA,237.95,0.5,1.18,1035,13.6,0,65,C+,-,E,0
VOE,Vanguard Mid-Cap Value,MISC,Finance-ETF / ETN,102,ARCA,148.63,0.8,1.21,439,4,0,81,C+,-,D-,0
VONE,Vanguard Russ 1000 Etf,MISC,Finance-ETF / ETN,102,NASDAQ,209.62,0.8,1.74,51,-17.4,0,75,C+,-,C+,0
VONG,Vanguard Russ 1000 Grwth,MISC,Finance-ETF / ETN,102,NASDAQ,72.86,0.8,0.56,810,68.3,0,72,C+,-,E,0
VONV,Vanguard Russ 1000 Value,MISC,Finance-ETF / ETN,102,NASDAQ,73.14,0.9,0.69,384,-4.3,0,79,C+,-,C-,0
VOO,Vanguard S&P 500 Etf,MISC,Finance-ETF / ETN,102,ARCA,420.92,1.1,4.53,6004,-14.7,0,79,C+,-,E,0
VOOG,Vanguard S&P 500 Growth,MISC,Finance-ETF / ETN,102,ARCA,281.7,1.1,3.18,261,48.7,0,79,C+,-,C-,0
VOOV,Vanguard S&P 500 Value,MISC,Finance-ETF / ETN,102,ARCA,151.09,0.8,1.13,195,61.1,0,81,C+,-,D+,0
VOT,Vanguard Mid-Cap Growth,MISC,Finance-ETF / ETN,102,ARCA,224.3,0.1,0.15,393,77.4,0,42,C+,-,E,0
VOTE,Engine No. 1 Trnsfrm 500,MISC,Finance-ETF / ETN,102,BATS,53.63,0.8,0.43,33,-4.7,0,72,C+,-,C-,0
VOX,Vanguard Comm Svcs Etf,MISC,Finance-ETF / ETN,102,ARCA,130.86,1.6,2.11,449,102.1,0,42,C+,-,D+,0
VPC,Virtus Private Cr Strgy,MISC,Finance-ETF / ETN,102,ARCA,25.85,0.6,0.15,9,-56.5,0,77,C+,-,B-,0
VPL,Vanguard Ftse Pacifc Etf,MISC,Finance-ETF / ETN,102,ARCA,75.42,1.2,0.87,890,-16.9,0,35,C+,-,D,0
VPN,Global X DataREITs&Infra,MISC,Finance-ETF / ETN,102,NASDAQ,16.35,0.6,0.1,22,-47.2,0,44,C+,-,C,0
VPOP,Simplify Volt PopCulture,MISC,Finance-ETF / ETN,102,ARCA,9.55,0,0,0,0,0,21,C+,-,D-,0
VPU,Vanguard Utilities Etf,MISC,Finance-ETF / ETN,102,ARCA,151.18,1.4,2.06,289,25.9,0,75,C+,-,E,0
VRAI,Virtus Real Asset Income,MISC,Finance-ETF / ETN,102,ARCA,27.03,0.4,0.1,6,-42.5,0,77,C+,-,B+,0
VRIG,Invesco Var Rt Inv Grd,MISC,Finance-ETF / ETN,102,NASDAQ,25.06,0,-0.01,160,35.6,0,65,C+,-,E,0
VRP,Invesco Var Rate Pref,MISC,Finance-ETF / ETN,102,ARCA,25.42,-0.1,-0.03,403,4,0,52,C+,-,E,0
VSDA,Victoryshares Div Acltr,MISC,Finance-ETF / ETN,102,NASDAQ,45.79,0.9,0.39,12,-29.1,0,75,C+,-,D,0
VSGX,Vanguard Esg Intl Stock,MISC,Finance-ETF / ETN,102,BATS,60.7,0.7,0.45,248,-0.4,0,48,C+,-,C+,0
VSL,Volshares Large Cap Etf,MISC,Finance-ETF / ETN,102,ARCA,37.95,1.4,0.53,1,51.6,0,30,C+,-,B,0
VSLU,Applied Finance Val LgCp,MISC,Finance-ETF / ETN,102,ARCA,27.63,1.3,0.34,1,-56.7,0,77,C+,-,B-,0
VSMV,Victoryshares US Mf Min,MISC,Finance-ETF / ETN,102,NASDAQ,40.52,0.7,0.29,5,-18.7,0,79,C+,-,D+,0
VSPY,VectorShares Min Vol Etf,MISC,Finance-ETF / ETN,102,ARCA,10,0,0,0,-99.7,0,65,C+,-,B,0
VSS,Vanguard Ftse Wrd X-Us S,MISC,Finance-ETF / ETN,102,ARCA,128.31,0.8,0.98,150,-37.1,0,44,C+,-,C-,0
VT,Vanguard Total World Stk,MISC,Finance-ETF / ETN,102,ARCA,103.99,0.6,0.67,2361,-11.9,0,65,C+,-,E,0
VTC,Vanguard Total Corp Bd,MISC,Finance-ETF / ETN,102,NASDAQ,87.88,0.1,0.1,23,-19.3,0,48,C+,-,E,0
VTEB,Vanguard Tax Exempt Bond,MISC,Finance-ETF / ETN,102,ARCA,53.67,0.2,0.12,2835,33,0,52,C+,-,E,0
VTHR,Vanguard Russ 3000 Etf,MISC,Finance-ETF / ETN,102,NASDAQ,205.97,0.8,1.67,11,-49.8,0,72,C+,-,B,0
VTI,Vanguard Total Stock Mkt,MISC,Finance-ETF / ETN,102,ARCA,230.31,0.8,1.77,3698,-14.1,0,72,C+,-,E,0
VTIP,Vanguard St Trm Infl-Pro,MISC,Finance-ETF / ETN,102,NASDAQ,51,0.1,0.06,2836,-15.7,0,55,C+,-,D-,0
VTV,Vanguard Value Etf,MISC,Finance-ETF / ETN,102,ARCA,148.02,1,1.51,3775,5,0,83,C+,-,E,0
VTWG,Vanguard Russ 2000 Grwth,MISC,Finance-ETF / ETN,102,NASDAQ,184.26,-1.4,-2.63,18,-15.6,0,26,C+,-,C,0
VTWO,Vanguard Russ 2000 Etf,MISC,Finance-ETF / ETN,102,NASDAQ,81.1,-1.1,-0.89,1065,-56.8,0,33,C+,-,E,0
VTWV,Vanguard Russ 2000 Value,MISC,Finance-ETF / ETN,102,NASDAQ,137,-0.8,-1.07,233,57.1,0,55,C+,-,B+,0
VUG,Vanguard Growth Etf,MISC,Finance-ETF / ETN,102,ARCA,295.17,0.7,1.96,1155,12.6,0,69,C+,-,E,0
VUSB,Vanguard Ultra-Short Bd,MISC,Finance-ETF / ETN,102,BATS,49.8,0,0,601,-4.2,0,60,C+,-,C+,0
VUSE,Vident Core US Equity,MISC,Finance-ETF / ETN,102,ARCA,45.15,0.8,0.35,22,-3.9,0,79,C+,-,B,0
VV,Vanguard Large-Cap Etf,MISC,Finance-ETF / ETN,102,ARCA,211.06,0.8,1.64,315,-6.2,0,77,C+,-,D-,0
VWID,Virtus WMC Intl Divd,MISC,Finance-ETF / ETN,102,BATS,28.08,0,0,0,0,0,48,C+,-,B-,0
VWO,Vanguard Ftse Emg Mkt,MISC,Finance-ETF / ETN,102,ARCA,49.89,-0.1,-0.07,10973,-30.2,0,52,C+,-,E,0
VWOB,Vanguard Emg Mkts Govt,MISC,Finance-ETF / ETN,102,NASDAQ,75.32,0.4,0.3,200,-39.8,0,44,C+,-,E,0
VXF,Vanguard Extd Market Etf,MISC,Finance-ETF / ETN,102,ARCA,164.64,-1,-1.67,321,-15.6,0,32,C+,-,D-,0
VXUS,Vanguard Total Intl Stk,MISC,Finance-ETF / ETN,102,NASDAQ,62.61,0.5,0.31,4348,5.2,0,52,C+,-,E,0
VXX,Ipath Sr B S&P 500 VixSh,MISC,Finance-ETF / ETN,102,BATS,19.44,-2,-0.4,36171,-38.4,0,16,C+,-,A+,0
VXZ,Ipath Sr B S&P 500 VixMd,MISC,Finance-ETF / ETN,102,BATS,24.96,0.4,0.1,154,354.3,0,33,C+,-,B-,0
VYM,Vanguard Hi Dividend Yld,MISC,Finance-ETF / ETN,102,ARCA,113.56,1,1.08,1869,-10.9,0,84,C+,-,E,0
VYMI,Vanguard Intl Hi Div Yld,MISC,Finance-ETF / ETN,102,NASDAQ,69.69,0.6,0.41,480,27.1,0,77,C+,-,B-,0
WANT,Direxion DlyConDisBull3X,MISC,Finance-ETF / ETN,102,ARCA,68.23,-2.2,-1.55,19,-43,0,44,C+,-,C+,0
WBIF,WBI BullBear Value 3000,MISC,Finance-ETF / ETN,102,ARCA,31.03,0.1,0.03,1,-47.3,0,69,C+,-,B,0
WBIG,WBI BullBear Yield 3000,MISC,Finance-ETF / ETN,102,ARCA,27.36,0.4,0.11,2,-5.3,0,77,C+,-,B-,0
WBII,WBI BullBear Global In,MISC,Finance-ETF / ETN,102,ARCA,23.91,0,-0.01,3,-3.2,0,48,C+,-,E,0
WBIL,WBI BullBear Qlty 3000,MISC,Finance-ETF / ETN,102,ARCA,31.17,0.3,0.11,5,176.8,0,72,C+,-,B,0
WBIT,WBI BullBear Trd US 3000,MISC,Finance-ETF / ETN,102,ARCA,21.94,0.4,0.08,1,-63.5,0,81,C+,-,B-,0
WBIY,W B I Power Fac Hi Div,MISC,Finance-ETF / ETN,102,ARCA,28.45,-0.3,-0.07,4,-10.6,0,83,C+,-,B,0
WBND,Western Asset Total Rtrn,MISC,Finance-ETF / ETN,102,NASDAQ,25.51,0.3,0.09,15,-13.8,0,42,C+,-,D-,0
WCBR,WisdomTree Cybersecurity,MISC,Finance-ETF / ETN,102,NASDAQ,22.4,-2.5,-0.58,13,-44.5,0,32,C+,-,D-,0
WCLD,WisdomTree Cloud Comp,MISC,Finance-ETF / ETN,102,NASDAQ,43.55,-3.7,-1.68,534,-5.7,0,23,C+,-,C+,0
WDIV,Spdr S&P Global Dividend,MISC,Finance-ETF / ETN,102,ARCA,67.94,0.2,0.17,20,-7.1,0,72,C+,-,C+,0
WDNA,Wisdomtree Biorev Fd,MISC,Finance-ETF / ETN,102,BATS,20.34,-1.2,-0.26,4,17.4,0,23,C+,-,D-,0
WEAT,Teucrium Wheat Fund,MISC,Finance-ETF / ETN,102,ARCA,7.27,-1.6,-0.12,248,-11.3,0,77,C+,-,C+,0
WEBL,Direxion Dly DJ Int Bl3x,MISC,Finance-ETF / ETN,102,ARCA,40.61,-6.3,-2.71,296,103.8,0,10,C+,-,C-,0
WEBS,Direxion Dly DJ Int Br3x,MISC,Finance-ETF / ETN,102,ARCA,23.74,6.1,1.37,178,70.1,0,96,C+,-,B+,0
WEIX,Dynamic Sht ShtTrmVlFutr,MISC,Finance-ETF / ETN,102,ARCA,19.6,1,0.2,0,-98.3,0,52,C+,-,-,0
WFH,Direxion Work From Home,MISC,Finance-ETF / ETN,102,ARCA,67.45,-0.7,-0.5,6,-38.5,0,35,C+,-,C-,0
WFHY,Wisdomtree US HY Corp Bd,MISC,Finance-ETF / ETN,102,BATS,51.2,0.3,0.15,16,-0.2,0,52,C+,-,E,0
WFIG,Wisdomtree US Cp Bd,MISC,Finance-ETF / ETN,102,BATS,52.04,0.2,0.11,1,-54.5,0,48,C+,-,E,0
WGLD,Wilshire Wshrs En Gld Tr,MISC,Finance-ETF / ETN,102,ARCA,17.18,0,0,0,0,0,48,C+,-,C,0
WGRO,WisdomTree US Gr & MomFd,MISC,Finance-ETF / ETN,102,NASDAQ,23.6,-0.2,-0.05,0,-95.4,0,30,C+,-,C+,0
WIL,Barclays Women in Leader,MISC,Finance-ETF / ETN,102,BATS,98.37,0,0,0,0,0,75,C+,-,E,0
WINC,Western Asset Sh Dur Inc,MISC,Finance-ETF / ETN,102,NASDAQ,25.51,0.1,0.02,1,-92.5,0,52,C+,-,B+,0
WIP,Spdr Citi Intl Govt Inf,MISC,Finance-ETF / ETN,102,ARCA,53.51,0.4,0.2,17,-65.1,0,44,C+,-,D,0
WIZ,Merlyn AI Bl Rdr Br Fgtr,MISC,Finance-ETF / ETN,102,NASDAQ,34.27,0.2,0.08,1,-87.8,0,44,C+,-,D,0
WKLY,Sofi Weekly Dividend ETF,MISC,Finance-ETF / ETN,102,ARCA,51.3,-0.1,-0.04,0,-79.6,0,72,C+,-,D+,0
WLDR,Affinity World Ldrs Eqt,MISC,Finance-ETF / ETN,102,BATS,26.9,1.7,0.45,17,99.3,0,65,C+,-,B,0
WLTG,Wealthtr Dbs Lng Trm Grw,MISC,Finance-ETF / ETN,102,ARCA,24.75,1,0.25,18,393,0,48,C+,-,-,0
WLTH,Lifegoal Wealth Builder,MISC,Finance-ETF / ETN,102,ARCA,9.59,0.5,0.05,1,75,0,48,C+,-,C,0
WNDY,Global X Wind Energy Etf,MISC,Finance-ETF / ETN,102,NASDAQ,21.08,0.4,0.09,0,-86.2,0,25,C+,-,C+,0
WOMN,Impact ShrYwca Women Emp,MISC,Finance-ETF / ETN,102,ARCA,33.61,-0.5,-0.16,0,-86,0,75,C+,-,D,0
WOOD,Ishares S&P Glb Tim & Fr,MISC,Finance-ETF / ETN,102,NASDAQ,90.86,0.5,0.45,12,-50.7,0,79,C+,-,D+,0
WPS,Ishares Int Dev Property,MISC,Finance-ETF / ETN,102,ARCA,36.06,0.4,0.15,2,-51.3,0,44,C+,-,D-,0
WTAI,Wisdomtree ArtIntel&InFd,MISC,Finance-ETF / ETN,102,BATS,21.82,0.7,0.15,0,-41.7,0,30,C+,-,-,0
WTMF,Wisdomtree Managd Future,MISC,Finance-ETF / ETN,102,ARCA,34.68,-0.5,-0.18,23,-58.8,0,35,C+,-,C,0
WTV,WisdomTree U.S. Value Fd,MISC,Finance-ETF / ETN,102,ARCA,62.35,0.7,0.44,6,-26.8,0,79,C+,-,C+,0
WUGI,Esoterica Nextg Economy,MISC,Finance-ETF / ETN,102,BATS,56.05,0.5,0.27,2,-41,0,44,C+,-,E,0
WWJD,Inspire Intl Esg Etf,MISC,Finance-ETF / ETN,102,ARCA,30.6,1.2,0.35,58,73.2,0,31,C+,-,D,0
WWOW,Direxion World Wo Waste,MISC,Finance-ETF / ETN,102,ARCA,22.49,0,0,0,0,0,22,C+,-,C+,0
XAR,Spdr S&P Aerospace & Dfn,MISC,Finance-ETF / ETN,102,ARCA,111.37,-0.2,-0.27,40,-22.4,0,35,C+,-,D+,0
XBAP,Innov U.S. Eq Acc 9 BfAp,MISC,Finance-ETF / ETN,102,BATS,27.31,-0.2,-0.06,1,-87.5,0,77,C+,-,B-,0
XBI,Spdr S&P Biotech Etf,MISC,Finance-ETF / ETN,102,ARCA,91.62,-3.5,-3.32,10109,-6.8,0,18,C+,-,E,0
XBJA,Innov US Eq Acc 9 BufJan,MISC,Finance-ETF / ETN,102,BATS,24.22,0.6,0.14,10,-64.8,0,48,C+,-,-,0
XBJL,Innovator US Eqt Acc9 bf,MISC,Finance-ETF / ETN,102,BATS,26.67,0.4,0.11,1,3.3,0,69,C+,-,E,0
XBOC,Innov US Eq Acc 9 BufOct,MISC,Finance-ETF / ETN,102,BATS,24.9,0.8,0.19,3,70.3,0,69,C+,-,D,0
XBTF,Vaneck Bitcoin Strategy,MISC,Finance-ETF / ETN,102,BATS,36.92,-2.7,-1.01,14,-57.8,0,14,C+,-,C+,0
XBUY,Amplify Intl Online Ret,MISC,Finance-ETF / ETN,102,ARCA,31.5,-2,-0.64,3,67.7,0,16,C+,-,E,0
XCEM,Columbia Em Core X China,MISC,Finance-ETF / ETN,102,ARCA,32.36,0.5,0.15,12,-47.8,0,65,C+,-,D-,0
XCLR,Global X SP5 Collr95-110,MISC,Finance-ETF / ETN,102,ARCA,26.65,0.3,0.08,1,16.7,0,52,C+,-,C+,0
XDAP,Innovator US Eq Accel Ap,MISC,Finance-ETF / ETN,102,BATS,28.8,0.3,0.09,0,-82.8,0,79,C+,-,C,0
XDAT,Franklin Exponential Dt,MISC,Finance-ETF / ETN,102,BATS,23.51,0,0,0,0,0,28,C+,-,E,0
XDEC,FT Cboe Vest US Eqt-Dec,MISC,Finance-ETF / ETN,102,BATS,30.52,0.5,0.16,33,8,0,60,C+,-,-,0
XDJA,Innovator US Eq Accl Jan,MISC,Finance-ETF / ETN,102,BATS,23.66,0,0,0,0,0,44,C+,-,-,0
XDJL,Innovator U.S. Eqty Acl,MISC,Finance-ETF / ETN,102,BATS,27.14,0,0,0,0,0,72,C+,-,B,0
XDNA,Kelly Crispr&GeneEditTch,MISC,Finance-ETF / ETN,102,NASDAQ,13.65,-1.5,-0.2,0,-44.9,0,55,C+,-,-,0
XDOC,Innovator US Eq Acc Oct,MISC,Finance-ETF / ETN,102,BATS,25.45,0.5,0.13,1,0.2,0,72,C+,-,C-,0
XDQQ,Innovator Grw Accel Qtrl,MISC,Finance-ETF / ETN,102,BATS,28.37,0.6,0.17,0,-95.2,0,60,C+,-,B-,0
XDSQ,Innovator US Eq Accl Qtr,MISC,Finance-ETF / ETN,102,BATS,27.61,0.5,0.13,1,-76.4,0,65,C+,-,D-,0
XES,Spdr S&P O&G Equip,MISC,Finance-ETF / ETN,102,ARCA,60.14,-1.7,-1.01,203,187.6,0,88,C+,-,B,0
XHB,Spdr S&P Homebuilders,MISC,Finance-ETF / ETN,102,ARCA,74.89,0.6,0.45,3090,-18.7,0,69,C+,-,E,0
XHE,Spdr S&P Health Care Eqp,MISC,Finance-ETF / ETN,102,ARCA,103.8,-0.8,-0.79,26,-40.1,0,26,C+,-,C+,0
XHS,Spdr S&P Healthcare Svcs,MISC,Finance-ETF / ETN,102,ARCA,91.72,-0.5,-0.44,2,-77.9,0,28,C+,-,D,0
XITK,Spdr Factset Innov Tech,MISC,Finance-ETF / ETN,102,ARCA,161.59,-3.1,-5.16,15,20.5,0,20,C+,-,E,0
XJH,Ishares Esg Scrnd S&PMCp,MISC,Finance-ETF / ETN,102,BATS,36.37,0,-0.01,7,-33.9,0,55,C+,-,C-,0
XJR,Ishares Esg Scrnd S&PSCp,MISC,Finance-ETF / ETN,102,BATS,37.57,-0.5,-0.17,6,43.9,0,48,C+,-,D+,0
XJUN,FT Cboe Vest US Eqt-June,MISC,Finance-ETF / ETN,102,BATS,30.4,0,0,0,0,0,69,C+,-,E,0
XLB,Spdr Materials,MISC,Finance-ETF / ETN,102,ARCA,86.09,0.4,0.34,6114,-4.9,0,77,C+,-,E,0
XLC,Comm Svcs Slct Sect SPDR,MISC,Finance-ETF / ETN,102,ARCA,76.19,2.1,1.6,4516,-19.1,0,48,C+,-,E,0
XLE,Energy Select Sectr SPDR,MISC,Finance-ETF / ETN,102,ARCA,68.61,0.5,0.34,29619,-3.5,0,97,C+,-,B-,0
XLF,Financial Slct Sect SPDR,MISC,Finance-ETF / ETN,102,ARCA,39.92,0.8,0.32,39100,-31,0,85,C+,-,E,0
XLG,Invesco S&P 500 Top 50,MISC,Finance-ETF / ETN,102,ARCA,356.18,1,3.43,56,-32.5,0,83,C+,-,D+,0
XLI,Industrial Slct Sct SPDR,MISC,Finance-ETF / ETN,102,ARCA,102.98,0.8,0.85,12307,-1.4,0,72,C+,-,E,0
XLK,Technology Slct Sct SPDR,MISC,Finance-ETF / ETN,102,ARCA,163.72,0.8,1.33,11358,-7.2,0,85,C+,-,E,0
XLP,Spdr Consumer Staples,MISC,Finance-ETF / ETN,102,ARCA,76.88,1.3,0.98,11551,-16.5,0,85,C+,-,C+,0
XLRE,Spdr Real Estate Sel Sec,MISC,Finance-ETF / ETN,102,ARCA,47.88,1.8,0.86,5969,-12.4,0,81,C+,-,E,0
XLSR,Spdr Ssga Us Sector Rt,MISC,Finance-ETF / ETN,102,ARCA,45.59,0.8,0.34,64,99.1,0,72,C+,-,C+,0
XLU,Spdr Utilities,MISC,Finance-ETF / ETN,102,ARCA,69.34,1.5,1.01,18348,34,0,75,C+,-,B-,0
XLV,Spdr Health Care,MISC,Finance-ETF / ETN,102,ARCA,133.59,1.5,2.01,11502,-3.6,0,75,C+,-,E,0
XLY,Spdr Consumer Discretnry,MISC,Finance-ETF / ETN,102,ARCA,185.07,-0.5,-1,8879,-0.2,0,65,C+,-,E,0
XME,Spdr S&P Metals & Mining,MISC,Finance-ETF / ETN,102,ARCA,44.22,1.4,0.59,5614,51.4,0,81,C+,-,D,0
XMHQ,Invesco S&P MidCap Qlty,MISC,Finance-ETF / ETN,102,ARCA,76.6,-0.3,-0.21,17,-38.2,0,60,C+,-,D+,0
XMLV,Invesco S&P MdCp Lo Vo,MISC,Finance-ETF / ETN,102,ARCA,55.25,0.6,0.32,87,-8.7,0,72,C+,-,E,0
XMMO,Invesco S&P MidCap Momtm,MISC,Finance-ETF / ETN,102,ARCA,84.51,0.4,0.3,31,-51.3,0,44,C+,-,D+,0
XMPT,Vaneck CEF Muni Income,MISC,Finance-ETF / ETN,102,BATS,27.33,0.3,0.09,26,-61.4,0,39,C+,-,E,0
XMVM,Inv S&PMidCapValwithMmtm,MISC,Finance-ETF / ETN,102,ARCA,47.55,0.4,0.21,171,446.3,0,79,C+,-,D-,0
XNTK,Spdr NYSE Technology Etf,MISC,Finance-ETF / ETN,102,ARCA,148.2,-0.2,-0.29,24,22.7,0,42,C+,-,E,0
XOP,Spdr S&P O&G Expl,MISC,Finance-ETF / ETN,102,ARCA,111.96,0.8,0.86,7017,2,0,95,C+,-,C,0
XOUT,Graniteshrs XOUT US LgCp,MISC,Finance-ETF / ETN,102,ARCA,42.19,0.8,0.32,16,24.4,0,72,C+,-,D+,0
XPH,Spdr S&P Pharmaceuticals,MISC,Finance-ETF / ETN,102,ARCA,43.97,-0.1,-0.06,21,-66.3,0,30,C+,-,B-,0
XPND,First Trust Expanded Tch,MISC,Finance-ETF / ETN,102,ARCA,21.17,1.3,0.26,6,333.9,0,60,C+,-,C+,0
XPP,Proshrs Ultra Ftse Cn 50,MISC,Finance-ETF / ETN,102,ARCA,46.08,-1,-0.48,1,-81,0,22,C+,-,C+,0
XRLV,Invesco S&P 500 ex-Rte,MISC,Finance-ETF / ETN,102,ARCA,49.58,0.6,0.29,0,-92.7,0,79,C+,-,D,0
XRMI,Global X SP5 RiskMngdInc,MISC,Finance-ETF / ETN,102,ARCA,25.71,0.2,0.06,11,-23.5,0,48,C+,-,D-,0
XRT,Spdr S&P Retail Etf,MISC,Finance-ETF / ETN,102,ARCA,80.43,-2.8,-2.29,7255,91.3,0,35,C+,-,E,0
XSD,Spdr S&P Semiconductor,MISC,Finance-ETF / ETN,102,ARCA,207.96,0.8,1.67,165,71.3,0,77,C+,-,B-,0
XSHD,Invesco S&P SmCp Hi Div,MISC,Finance-ETF / ETN,102,BATS,21.85,-0.8,-0.17,3,-44,0,55,C+,-,E,0
XSHQ,Invesco S&P SmCp Qlty,MISC,Finance-ETF / ETN,102,BATS,37.13,-0.8,-0.29,26,-1.5,0,65,C+,-,C,0
XSLV,Invesco S&P SmCp Lo Vo,MISC,Finance-ETF / ETN,102,ARCA,48.62,-0.1,-0.03,71,-43,0,75,C+,-,E,0
XSMO,Invesco S&P SmlCap Mmtm,MISC,Finance-ETF / ETN,102,ARCA,51.05,-0.6,-0.31,9,-69.9,0,44,C+,-,E,0
XSOE,Wisdomtree Emg Mkts exSt,MISC,Finance-ETF / ETN,102,ARCA,36.42,0,0.01,669,-18.5,0,37,C+,-,C+,0
XSVM,Invesco S&P SC Val Mom,MISC,Finance-ETF / ETN,102,ARCA,52.59,-0.4,-0.21,313,109.4,0,84,C+,-,E,0
XSW,Spdr S&P Software & Svcs,MISC,Finance-ETF / ETN,102,ARCA,147.61,-2,-3.01,11,-72,0,31,C+,-,C,0
XT,IShares Exponential Tech,MISC,Finance-ETF / ETN,102,NASDAQ,59.84,-0.1,-0.04,191,8.2,0,44,C+,-,E,0
XTAP,Innovator US Eq Acc PlAp,MISC,Finance-ETF / ETN,102,BATS,28.63,0,0,0,0,0,79,C+,-,C-,0
XTJA,Innov US Eq Acc Plus Jan,MISC,Finance-ETF / ETN,102,BATS,23.9,0.6,0.14,3,-82.3,0,44,C+,-,-,0
XTJL,Innovator US Eqt Acc Pls,MISC,Finance-ETF / ETN,102,BATS,27.42,0.6,0.16,0,-91.8,0,72,C+,-,C-,0
XTL,Spdr S&P Telecom Etf,MISC,Finance-ETF / ETN,102,ARCA,90.82,-0.8,-0.7,1,-74.1,0,39,C+,-,D-,0
XTN,Spdr S&P Transportation,MISC,Finance-ETF / ETN,102,ARCA,86.99,-0.8,-0.67,79,-10.2,0,69,C+,-,B-,0
XTOC,Innov US Eq Acc Plus Oct,MISC,Finance-ETF / ETN,102,BATS,25.42,1.3,0.34,0,-79.3,0,69,C+,-,C-,0
XTR,Global X S&P 500TailRisk,MISC,Finance-ETF / ETN,102,ARCA,26.57,0,0,0,0,0,48,C+,-,C,0
XVOL,Acruence Active Hedge,MISC,Finance-ETF / ETN,102,ARCA,21.62,0.8,0.18,12,14.3,0,72,C+,-,C+,0
XVV,Ishares Esg Scrnd S&P500,MISC,Finance-ETF / ETN,102,BATS,35.1,0.9,0.33,13,-90.5,0,79,C+,-,B-,0
XWEB,Spdr S&P Internet,MISC,Finance-ETF / ETN,102,ARCA,124.91,-3.9,-5.07,3,-23.1,0,20,C+,-,E,0
XYLD,Global X S&P500 Cov Call,MISC,Finance-ETF / ETN,102,ARCA,49.26,0.3,0.15,333,18.8,0,65,C+,-,E,0
XYLG,Global X S&P500CovCallGr,MISC,Finance-ETF / ETN,102,ARCA,30.63,0.9,0.26,11,35.8,0,65,C+,-,E,0
YANG,Direxion Ftse Chn Bear3X,MISC,Finance-ETF / ETN,102,ARCA,17.42,1.9,0.33,1564,14.2,0,89,C+,-,B,0
YCL,Proshrs Ultra Yen,MISC,Finance-ETF / ETN,102,ARCA,47.53,0,0,0,0,0,33,C+,-,C+,0
YCS,Proshrs Ultsht Yen,MISC,Finance-ETF / ETN,102,ARCA,81.85,-0.5,-0.44,2,-61.4,0,84,C+,-,C,0
YDEC,FT Cboe Vest Intl Eq Buf,MISC,Finance-ETF / ETN,102,BATS,21,0.3,0.06,1,-84.1,0,55,C+,-,D-,0
YINN,Direxion Ftse Chn Bull3X,MISC,Finance-ETF / ETN,102,ARCA,9,-2.1,-0.2,5589,4.5,0,16,C+,-,D+,0
YJUN,FT Cboe Vest Intl Eq Bf,MISC,Finance-ETF / ETN,102,BATS,19.67,0,0,0,0,0,52,C+,-,D-,0
YLD,Principal Active Hg Yld,MISC,Finance-ETF / ETN,102,ARCA,20.44,0.1,0.02,2,-92.1,0,60,C+,-,E,0
YLDE,Clearbridge Dv Strgy ESG,MISC,Finance-ETF / ETN,102,NASDAQ,42.59,1.1,0.48,2,-50.5,0,79,C+,-,D,0
YMAR,FT Cboe Vest Intl Eq Bfr,MISC,Finance-ETF / ETN,102,BATS,20.27,0,0,0,0,0,55,C+,-,D-,0
YOLO,Advisorshrs PureCannabis,MISC,Finance-ETF / ETN,102,ARCA,10.73,-2.1,-0.23,66,-47.8,0,14,C+,-,E,0
YPS,Arrow Reverse Cap 500Etf,MISC,Finance-ETF / ETN,102,BATS,23.85,0.6,0.15,1,-62.6,0,77,C+,-,B-,0
YSEP,FT Cboe Vest IntlEqBfSep,MISC,Finance-ETF / ETN,102,BATS,19.68,1.3,0.26,1,-79.1,0,52,C+,-,D-,0
YUMY,Vaneck Future of FoodEtf,MISC,Finance-ETF / ETN,102,ARCA,22.71,-0.5,-0.12,13,387,0,39,C+,-,-,0
YXI,Proshrs Short Ftse Cn 50,MISC,Finance-ETF / ETN,102,ARCA,15.95,0.7,0.11,8,-42.7,0,83,C+,-,D+,0
YYY,Amplify High Income,MISC,Finance-ETF / ETN,102,ARCA,15.96,0,0,109,-42.6,0,42,C+,-,E,0
ZECP,Zacks EarningsConsistent,MISC,Finance-ETF / ETN,102,BATS,25.79,1.7,0.43,5,1.3,0,65,C+,-,C+,0
ZGEN,Generation Z Etf,MISC,Finance-ETF / ETN,102,NASDAQ,20.05,0,0,0,0,0,26,C+,-,-,0
ZHDG,Zega Buy and Hedge Etf,MISC,Finance-ETF / ETN,102,ARCA,20.27,0.8,0.17,11,-64.3,0,60,C+,-,D,0
ZIG,The Acquirers Fund ETF,MISC,Finance-ETF / ETN,102,ARCA,29.61,0.1,0.03,1,-83.3,0,84,C+,-,E,0
ZROZ,Pimco 25+ Yr Zero Tr Idx,MISC,Finance-ETF / ETN,102,ARCA,144.75,0.2,0.25,64,-10.1,0,52,C+,-,D+,0
ZSL,Proshrs Ultsht Silver,MISC,Finance-ETF / ETN,102,ARCA,27.69,-0.2,-0.06,149,-24.9,0,86,C+,-,B,0
AVK,Advent Conv and Inc Fd,MISC,Finance-Publ Inv Fd-Bal,131,NYSE,16.75,0.6,0.1,74,-29.4,0,52,C-,-,E,0
BCAT,Blackrock Cap Alloc Tr,MISC,Finance-Publ Inv Fd-Bal,131,NYSE,18.32,-0.8,-0.15,288,-44,0,30,C-,-,B-,0
CII,Blackrock Enh Cap & Incm,MISC,Finance-Publ Inv Fd-Bal,131,NYSE,20.8,1.5,0.3,131,51.6,0,69,C-,-,E,0
CPZ,Calamos Lg/Sh Eq&Dy Inc,MISC,Finance-Publ Inv Fd-Bal,131,NASDAQ,20.5,-0.2,-0.05,35,-39.5,0,75,C-,-,E,0
CSQ,Calamos Strtgc Totl Retn,MISC,Finance-Publ Inv Fd-Bal,131,NASDAQ,17.96,0.4,0.08,160,-27.5,0,60,C-,-,E,0
DDF,Delaware Inv Div & Inc,MISC,Finance-Publ Inv Fd-Bal,131,NYSE,11.48,0.7,0.08,17,-25.6,0,81,C-,-,B+,0
DNP,D N P Select Income Fund,MISC,Finance-Publ Inv Fd-Bal,131,NYSE,11.14,0.5,0.06,402,-16,0,79,C-,-,D-,0
ERH,Allspring Util & Hi Inc,MISC,Finance-Publ Inv Fd-Bal,131,AMEX,13.96,1.2,0.16,11,-18.9,0,60,C-,-,D,0
FMY,First Tr Mortgage Income,MISC,Finance-Publ Inv Fd-Bal,131,NYSE,12.95,-1.4,-0.18,3,-24.9,0,48,C-,-,D-,0
FOF,Cohen & Steers Ce Oppnty,MISC,Finance-Publ Inv Fd-Bal,131,NYSE,14.12,0.3,0.04,44,-23.5,0,60,C-,-,E,0
FT,Franklin Universal Trust,MISC,Finance-Publ Inv Fd-Bal,131,NYSE,8.38,-0.6,-0.05,34,-51.4,0,79,C-,-,B,0
GLO,Clough Global Opportunit,MISC,Finance-Publ Inv Fd-Bal,131,AMEX,10.01,0.2,0.02,189,-35.7,0,23,C-,-,E,0
GUG,Guggenheim ActiveAllocFd,MISC,Finance-Publ Inv Fd-Bal,131,NYSE,19.04,0,0,23,-85.4,0,44,C-,-,D-,0
HTD,John Hancock Tax-Adv Div,MISC,Finance-Publ Inv Fd-Bal,131,NYSE,25.13,1,0.26,45,-28.3,0,77,C-,-,D-,0
HYT,Blackrock Corp High Yld,MISC,Finance-Publ Inv Fd-Bal,131,NYSE,11.44,0.6,0.07,232,-40.9,0,42,C-,-,E,0
JPC,Nuveen Pref & Inc Opp Fd,MISC,Finance-Publ Inv Fd-Bal,131,NYSE,9.28,-0.3,-0.03,344,-0.2,0,44,C-,-,E,0
LGI,Lazard Glb Ttl Rtrn Fund,MISC,Finance-Publ Inv Fd-Bal,131,NYSE,19.98,0.2,0.03,43,6,0,65,C-,-,B-,0
NCV,Virtus AllianzGI Con Inc,MISC,Finance-Publ Inv Fd-Bal,131,NYSE,5.39,0.4,0.02,192,-45.3,0,32,C-,-,E,0
NIE,Virtus Allianz Eq ConInc,MISC,Finance-Publ Inv Fd-Bal,131,NYSE,27.74,0.2,0.05,73,-16.4,0,55,C-,-,E,0
NMAI,Nuveen Multi Asset IncFd,MISC,Finance-Publ Inv Fd-Bal,131,NYSE,17.9,0.6,0.11,38,-70.4,0,37,C-,-,C+,0
PFO,Fla & Cru Pfd and In Opp,MISC,Finance-Publ Inv Fd-Bal,131,NYSE,11.88,0.3,0.04,36,76.4,0,35,C-,-,E,0
SCD,L M P Capital & Income,MISC,Finance-Publ Inv Fd-Bal,131,NYSE,14.71,1.1,0.16,40,-8.4,0,81,C-,-,D-,0
SDHY,PGIM Sh Duratn Hg Yd Opp,MISC,Finance-Publ Inv Fd-Bal,131,NYSE,17.84,-0.3,-0.06,59,-54.1,0,42,C-,-,C+,0
SOR,Source Capital Inc,MISC,Finance-Publ Inv Fd-Bal,131,NYSE,42.73,0.3,0.13,17,10.2,0,72,C-,-,B-,0
WIW,Western AstInfl-LnkdOppr,MISC,Finance-Publ Inv Fd-Bal,131,NYSE,12.76,2.8,0.35,252,72.6,0,60,C-,-,E,0
ZTR,Virtus Total Return Fund,MISC,Finance-Publ Inv Fd-Bal,131,NYSE,9.48,0.2,0.02,104,-12.3,0,65,C-,-,E,0
ACP,Aberdeen Inc Credit Stgy,MISC,Finance-Publ Inv Fd-Bond,145,NYSE,10.2,-2.9,-0.3,159,-14.1,0,37,D+,-,D-,0
AFB,Alliancebrnstn Natl Muni,MISC,Finance-Publ Inv Fd-Bond,145,NYSE,13.69,0.4,0.06,50,-5.1,0,37,D+,-,D-,0
AFT,Apollo Senior Fltng Rate,MISC,Finance-Publ Inv Fd-Bond,145,NYSE,16.37,-0.2,-0.03,25,-67.9,0,79,D+,-,D,0
AIF,Apollo Tactical Inc Fund,MISC,Finance-Publ Inv Fd-Bond,145,NYSE,15.47,0,0.01,57,1.5,0,69,D+,-,C,0
ARDC,Ares Dynamic Cr Allocate,MISC,Finance-Publ Inv Fd-Bond,145,NYSE,15.8,0.3,0.04,49,-29.9,0,65,D+,-,B-,0
BBN,Blackrock Tax Mncp Bd Tr,MISC,Finance-Publ Inv Fd-Bond,145,NYSE,24.17,-0.5,-0.11,108,-32.4,0,42,D+,-,C-,0
BCV,Bancroft Fund Ltd,MISC,Finance-Publ Inv Fd-Bond,145,AMEX,23.91,-0.4,-0.1,20,-25,0,28,D+,-,E,0
BFK,Blackrock Muni Incm Trst,MISC,Finance-Publ Inv Fd-Bond,145,NYSE,14,0.5,0.07,69,2.7,0,37,D+,-,E,0
BFZ,Blackrock Ca Mun Incm Tr,MISC,Finance-Publ Inv Fd-Bond,145,NYSE,13.68,1,0.14,131,137,0,37,D+,-,E,0
BGB,Blackstone Strategic Crd,MISC,Finance-Publ Inv Fd-Bond,145,NYSE,13.56,-0.2,-0.03,63,-62,0,60,D+,-,D+,0
BGX,Blackstone LngSht CrdInc,MISC,Finance-Publ Inv Fd-Bond,145,NYSE,14.54,-0.1,-0.01,31,-31.6,0,60,D+,-,E,0
BHK,Blackrock Core Bond Tr,MISC,Finance-Publ Inv Fd-Bond,145,NYSE,14.17,-0.5,-0.07,225,70.5,0,30,D+,-,E,0
BHV,Blackrock Va Muni Bond,MISC,Finance-Publ Inv Fd-Bond,145,NYSE,18.68,-0.8,-0.14,1,-27.4,0,83,D+,-,B-,0
BIGZ,Blackrock Innov&Grw Trst,MISC,Finance-Publ Inv Fd-Bond,145,NYSE,13.85,0.1,0.01,845,-66.9,0,18,D+,-,C-,0
BIT,Blackrock Multi Sec Inc,MISC,Finance-Publ Inv Fd-Bond,145,NYSE,17,0.4,0.06,86,-27.5,0,37,D+,-,E,0
BKN,Blackrock Invt Qty Mu Tr,MISC,Finance-Publ Inv Fd-Bond,145,NYSE,16.06,0,0,33,-28.4,0,33,D+,-,E,0
BKT,Blackrock Income Trust,MISC,Finance-Publ Inv Fd-Bond,145,NYSE,5.39,0.2,0.01,191,-28.7,0,30,D+,-,E,0
BLE,Blackrock Mun Incm Tr II,MISC,Finance-Publ Inv Fd-Bond,145,NYSE,14.47,1,0.14,161,35.5,0,39,D+,-,E,0
BLW,Blackrock Ltd Dur Inc Tr,MISC,Finance-Publ Inv Fd-Bond,145,NYSE,15.46,0.1,0.01,62,-33.9,0,35,D+,-,E,0
BRW,Saba Cap Incm & Opp Fd,MISC,Finance-Publ Inv Fd-Bond,145,NYSE,4.56,0.3,0.02,413,95.1,0,55,D+,-,C+,0
BSL,Blackstone SnrFltng RtTr,MISC,Finance-Publ Inv Fd-Bond,145,NYSE,16.44,-0.2,-0.03,20,-51.8,0,72,D+,-,E,0
BTA,Blackrock Lt Muni Adv Tr,MISC,Finance-Publ Inv Fd-Bond,145,NYSE,12.56,-0.1,-0.02,60,34,0,39,D+,-,D,0
BTT,Blackrock Muni 2030 Trgt,MISC,Finance-Publ Inv Fd-Bond,145,NYSE,25.23,0.4,0.09,43,-41.1,0,52,D+,-,D,0
BXSL,Blackstone Secured Ln Fd,MISC,Finance-Publ Inv Fd-Bond,145,NYSE,29.45,-2.2,-0.66,147,58.6,0,83,D+,-,C+,0
BYM,Blackrock Mu Inc Qual Tr,MISC,Finance-Publ Inv Fd-Bond,145,NYSE,14.21,0,0,40,-12.1,0,37,D+,-,E,0
CBH,Virtus Allianz ConIn2024,MISC,Finance-Publ Inv Fd-Bond,145,NYSE,9.84,-0.4,-0.04,22,-26.8,0,44,D+,-,D-,0
CEV,Eaton Vance Ca Muni Incm,MISC,Finance-Publ Inv Fd-Bond,145,AMEX,12.83,1.2,0.15,10,-37.4,0,37,D+,-,E,0
CHI,Calamos Conv Oppty & Inc,MISC,Finance-Publ Inv Fd-Bond,145,NASDAQ,14.13,-0.1,-0.02,138,-24.7,0,37,D+,-,E,0
CHY,Calamos Conv & Hi Income,MISC,Finance-Publ Inv Fd-Bond,145,NASDAQ,14.73,-0.1,-0.01,146,4,0,37,D+,-,E,0
CIF,M F S Intermed Hi Inc Fd,MISC,Finance-Publ Inv Fd-Bond,145,NYSE,2.36,0.9,0.02,68,17.5,0,25,D+,-,E,0
CIK,Credit Suisse Income Fd,MISC,Finance-Publ Inv Fd-Bond,145,AMEX,3.31,-0.6,-0.02,117,-51.2,0,55,D+,-,D-,0
CMU,M F S High Yield Muni Tr,MISC,Finance-Publ Inv Fd-Bond,145,NYSE,4.27,0.2,0.01,45,-9.9,0,39,D+,-,D-,0
CRF,Cornerstone Ttl Rtrn Fd,MISC,Finance-Publ Inv Fd-Bond,145,AMEX,13.99,0.6,0.08,534,-26.8,0,87,D+,-,E,0
CXE,M F S High Inc Muni Tr,MISC,Finance-Publ Inv Fd-Bond,145,NYSE,4.69,-0.4,-0.02,102,10.9,0,35,D+,-,D,0
CXH,M F S Investment Gr Muni,MISC,Finance-Publ Inv Fd-Bond,145,NYSE,9.22,0,0,33,84.2,0,37,D+,-,E,0
DCF,BNY Mellon Alcentra Glb,MISC,Finance-Publ Inv Fd-Bond,145,NYSE,9.13,0.8,0.07,37,25.6,0,52,D+,-,C+,0
DHF,BNY Mellon Hi Yd Stratgs,MISC,Finance-Publ Inv Fd-Bond,145,NYSE,2.97,0,0,273,-18,0,35,D+,-,E,0
DHY,Credit Suisse Hi Yld Bd,MISC,Finance-Publ Inv Fd-Bond,145,AMEX,2.36,0.4,0.01,634,126.7,0,48,D+,-,C-,0
DMA,Destra Multi Alterntv Fd,MISC,Finance-Publ Inv Fd-Bond,145,NYSE,8.38,2.6,0.21,3,-82.1,0,37,D+,-,-,0
DMB,BNY Mellon Muni Bd Infra,MISC,Finance-Publ Inv Fd-Bond,145,NYSE,13.49,0.1,0.01,60,46.4,0,32,D+,-,D+,0
DMF,BNY Mellon Muni Incm Inc,MISC,Finance-Publ Inv Fd-Bond,145,AMEX,8.2,0.5,0.04,39,-24.7,0,33,D+,-,D+,0
DMO,Western Asset Mtg Opp,MISC,Finance-Publ Inv Fd-Bond,145,NYSE,15,0.3,0.05,24,-27.2,0,52,D+,-,E,0
DSM,BNY Mellon Strat Muni Bo,MISC,Finance-Publ Inv Fd-Bond,145,NYSE,7.54,0.4,0.03,83,-2.5,0,37,D+,-,E,0
DSU,Blackrock Debt Strat Fd,MISC,Finance-Publ Inv Fd-Bond,145,NYSE,11.32,0.9,0.1,86,-37.2,0,65,D+,-,D-,0
DTF,D T F TaxFreeInc2028TmFd,MISC,Finance-Publ Inv Fd-Bond,145,NYSE,13.67,-0.2,-0.03,8,-31.6,0,42,D+,-,C,0
EAD,Allspring Income Opp Fd,MISC,Finance-Publ Inv Fd-Bond,145,AMEX,8.35,-0.7,-0.06,205,14.8,0,52,D+,-,E,0
ECC,Eagle Point Credit Co,MISC,Finance-Publ Inv Fd-Bond,145,NYSE,14.08,0.8,0.12,543,80,0,81,D+,-,D-,0
ECF,Ellsworth Growth and Inc,MISC,Finance-Publ Inv Fd-Bond,145,AMEX,11.23,0.3,0.03,29,-60.2,0,27,D+,-,E,0
EDI,Stone Harbor Emrg Tot In,MISC,Finance-Publ Inv Fd-Bond,145,NYSE,8,1,0.08,23,-43.5,0,33,D+,-,D-,0
EFL,Eaton Vance Fl Rt2022Trg,MISC,Finance-Publ Inv Fd-Bond,145,NYSE,9.21,-0.1,-0.01,60,10.2,0,55,D+,-,E,0
EFR,Eaton Vance Sr Fltg Rate,MISC,Finance-Publ Inv Fd-Bond,145,NYSE,14.48,-0.4,-0.06,105,-21.3,0,72,D+,-,E,0
EFT,Eaton Vance Float Rt Inc,MISC,Finance-Publ Inv Fd-Bond,145,NYSE,14.63,0.2,0.03,85,-13.6,0,69,D+,-,E,0
EGF,Blackrock Enhncd Govt Fd,MISC,Finance-Publ Inv Fd-Bond,145,NYSE,11.85,0.1,0.01,4,-15.4,0,37,D+,-,D-,0
EHI,Western Asset Glb Hi Inc,MISC,Finance-Publ Inv Fd-Bond,145,NYSE,9.35,0.3,0.03,60,40.4,0,35,D+,-,C-,0
EIC,Eagle Point Income Co,MISC,Finance-Publ Inv Fd-Bond,145,NYSE,17.12,0.5,0.08,10,-36.9,0,72,D+,-,D-,0
EIM,Eaton Vance Mun Bond Fd,MISC,Finance-Publ Inv Fd-Bond,145,AMEX,12.58,-0.4,-0.05,51,-56.8,0,39,D+,-,E,0
ENX,Eaton Vance Ny Mun Bond,MISC,Finance-Publ Inv Fd-Bond,145,AMEX,11.5,0.3,0.03,52,52.6,0,37,D+,-,D-,0
EOT,Eaton Vance Natl Mun Opp,MISC,Finance-Publ Inv Fd-Bond,145,NYSE,20.65,0.9,0.18,15,-12.5,0,35,D+,-,E,0
ERC,Allspring Mlt Sec Inc Fd,MISC,Finance-Publ Inv Fd-Bond,145,AMEX,12.11,0,0,34,-49.1,0,39,D+,-,E,0
ETX,Eaton Vance Muni Inc2028,MISC,Finance-Publ Inv Fd-Bond,145,NYSE,20.55,0,-0.01,12,-46.4,0,35,D+,-,E,0
EVF,Eaton Vance Sr Inc Tr,MISC,Finance-Publ Inv Fd-Bond,145,NYSE,6.83,0.1,0.01,25,-36.3,0,69,D+,-,C+,0
EVM,Eaton Vance Ca Mun Bond,MISC,Finance-Publ Inv Fd-Bond,145,AMEX,10.87,0,-0.01,55,-15,0,37,D+,-,E,0
EVN,Eaton Vance Muni Inc Tr,MISC,Finance-Publ Inv Fd-Bond,145,NYSE,12.73,-0.2,-0.02,97,16.8,0,37,D+,-,E,0
EVV,Eaton Vance Ltd Dur Incm,MISC,Finance-Publ Inv Fd-Bond,145,AMEX,12.39,-0.2,-0.02,343,-9.1,0,44,D+,-,E,0
EXD,Eaton V Tx- Mgc Buy-Wr,MISC,Finance-Publ Inv Fd-Bond,145,NYSE,11.95,0.8,0.09,31,-14.3,0,77,D+,-,D-,0
FCT,First Trust Sen Fl Rt Ii,MISC,Finance-Publ Inv Fd-Bond,145,NYSE,12.21,0.5,0.06,193,66.9,0,65,D+,-,B+,0
FLC,Flaherty&Crumrine Tot Rt,MISC,Finance-Publ Inv Fd-Bond,145,NYSE,21.66,-0.1,-0.03,32,49.2,0,33,D+,-,D-,0
FMN,Federated Hermes PremMun,MISC,Finance-Publ Inv Fd-Bond,145,NYSE,13.91,0.4,0.06,24,16.4,0,37,D+,-,D-,0
FRA,Blackrock Fltg Rt Incm,MISC,Finance-Publ Inv Fd-Bond,145,NYSE,13.83,-0.3,-0.04,160,8.6,0,79,D+,-,C,0
FSD,First Tr High Inc L S Fd,MISC,Finance-Publ Inv Fd-Bond,145,NYSE,14.44,0.3,0.04,166,84.7,0,39,D+,-,E,0
FTF,Franklin Ltd Dur Inc Tr,MISC,Finance-Publ Inv Fd-Bond,145,AMEX,8.07,0.4,0.03,179,0.2,0,30,D+,-,D-,0
GBAB,Guggenheim TaxMunBdInvGr,MISC,Finance-Publ Inv Fd-Bond,145,NYSE,21.83,-0.3,-0.07,39,-35.3,0,33,D+,-,E,0
GHY,PGIM Glbl Shrt Dur Hh Yd,MISC,Finance-Publ Inv Fd-Bond,145,NYSE,14.53,-0.4,-0.06,66,-35.8,0,44,D+,-,E,0
GOF,Guggenheim Strategic Opp,MISC,Finance-Publ Inv Fd-Bond,145,NYSE,19.35,0.3,0.06,470,-16.9,0,44,D+,-,B-,0
HFRO,Highland Income Fund,MISC,Finance-Publ Inv Fd-Bond,145,NYSE,11.23,-0.4,-0.05,145,-43.7,0,77,D+,-,B-,0
HIO,Western Asset Hi Inc Opp,MISC,Finance-Publ Inv Fd-Bond,145,NYSE,4.83,0,0,218,-6.5,0,42,D+,-,E,0
HIX,Western Asset Hi Incm Ii,MISC,Finance-Publ Inv Fd-Bond,145,NYSE,6.64,-1.8,-0.12,250,41.9,0,39,D+,-,D+,0
HNW,Pioneer Divers Hi IncmFd,MISC,Finance-Publ Inv Fd-Bond,145,AMEX,14.62,-0.4,-0.06,6,-74,0,48,D+,-,E,0
HYB,New Amer High Income Fd,MISC,Finance-Publ Inv Fd-Bond,145,NYSE,8.8,-0.3,-0.03,99,27.9,0,39,D+,-,D+,0
HYI,Western Asset Hi Y Df Op,MISC,Finance-Publ Inv Fd-Bond,145,NYSE,14.52,0,0.01,38,-26.9,0,37,D+,-,E,0
IGI,Western Asset I G Df Opp,MISC,Finance-Publ Inv Fd-Bond,145,NYSE,20.25,0,0.01,22,-3.6,0,37,D+,-,E,0
IHIT,Invesco Hi Inc 2023 Trg,MISC,Finance-Publ Inv Fd-Bond,145,NASDAQ,9.14,0.3,0.03,24,-56.4,0,44,D+,-,D-,0
IHTA,Invesco Hi Inc 2024 Trg,MISC,Finance-Publ Inv Fd-Bond,145,NASDAQ,9.67,0.2,0.02,3,-68.4,0,60,D+,-,D-,0
IIM,Invesco Val Muni Inc Tr,MISC,Finance-Publ Inv Fd-Bond,145,NYSE,15.28,-0.3,-0.05,101,-2.4,0,42,D+,-,E,0
INSI,Insight Select Income,MISC,Finance-Publ Inv Fd-Bond,145,NYSE,19.11,0,0.01,24,-1.6,0,33,D+,-,E,0
IQI,Invesco Quality Mun Incm,MISC,Finance-Publ Inv Fd-Bond,145,NYSE,12.25,-0.4,-0.05,118,39,0,37,D+,-,E,0
IVH,Delaware Ivy Hgh Inc Opp,MISC,Finance-Publ Inv Fd-Bond,145,NYSE,13.35,0.5,0.07,49,-12.9,0,48,D+,-,B-,0
JCO,Nuveen Credit Opp2022Trg,MISC,Finance-Publ Inv Fd-Bond,145,NYSE,8.11,0.1,0.01,45,-53.8,0,52,D+,-,D-,0
JEMD,Nuveen EmgMkt Db 2022 Tr,MISC,Finance-Publ Inv Fd-Bond,145,NYSE,7.56,0.7,0.06,10,-84.2,0,42,D+,-,C,0
JFR,Nuveen Fltg Rate Incm Fd,MISC,Finance-Publ Inv Fd-Bond,145,NYSE,10.26,-0.2,-0.02,121,-44.7,0,77,D+,-,C-,0
JGH,Nuveen Global High Inc,MISC,Finance-Publ Inv Fd-Bond,145,NYSE,15.27,-0.1,-0.01,24,-51.3,0,48,D+,-,C-,0
JHI,John Hancock Invstrs Tr,MISC,Finance-Publ Inv Fd-Bond,145,NYSE,17.6,0.7,0.13,15,-36,0,42,D+,-,D+,0
JHS,John Hancock Inc Secs Tr,MISC,Finance-Publ Inv Fd-Bond,145,NYSE,14.22,-0.2,-0.03,33,-5.5,0,35,D+,-,D,0
JLS,Nuveen Mortgage and Inc,MISC,Finance-Publ Inv Fd-Bond,145,NYSE,19.98,-0.4,-0.09,11,15.7,0,48,D+,-,B-,0
JMM,Nuveen Multi-Market Inc,MISC,Finance-Publ Inv Fd-Bond,145,NYSE,7.04,-0.6,-0.04,6,-14.1,0,48,D+,-,D,0
JPT,Nuveen Pf and In2022TrFd,MISC,Finance-Publ Inv Fd-Bond,145,NYSE,23.88,-0.1,-0.04,3,-74.1,0,48,D+,-,D-,0
JQC,Nuveen Credit Stgy In Fd,MISC,Finance-Publ Inv Fd-Bond,145,NYSE,6.49,-0.5,-0.03,271,-56.6,0,60,D+,-,C+,0
JRI,Nuveen Rl Ast Inc Gr Fd,MISC,Finance-Publ Inv Fd-Bond,145,NYSE,15.6,1,0.15,47,-47,0,69,D+,-,D,0
JRO,Nuveen Fltg Rate Incm Op,MISC,Finance-Publ Inv Fd-Bond,145,NYSE,10.3,0.4,0.04,355,76.5,0,81,D+,-,C,0
JSD,Nuveen Short Dur Cr Opps,MISC,Finance-Publ Inv Fd-Bond,145,NYSE,14.94,-0.2,-0.03,37,54.2,0,75,D+,-,B+,0
KIO,K K R Income Opports Fd,MISC,Finance-Publ Inv Fd-Bond,145,NYSE,15.95,-0.4,-0.06,25,-61.4,0,60,D+,-,D-,0
KSM,Dws Strat Muni Incm Tr,MISC,Finance-Publ Inv Fd-Bond,145,NYSE,11.34,0.2,0.02,17,3.2,0,37,D+,-,D-,0
KTF,Dws Municipal Income Tr,MISC,Finance-Publ Inv Fd-Bond,145,NYSE,11.18,1.5,0.16,73,16.9,0,37,D+,-,E,0
LEO,BNYMellon Strategic Muni,MISC,Finance-Publ Inv Fd-Bond,145,NYSE,7.86,0.4,0.03,240,50.5,0,33,D+,-,C,0
MAV,Pioneer Muni HiIncmAdvFd,MISC,Finance-Publ Inv Fd-Bond,145,NYSE,10.89,0.2,0.02,48,-25.6,0,33,D+,-,E,0
MCA,Blackrock Muniyd Ca Qual,MISC,Finance-Publ Inv Fd-Bond,145,NYSE,14.38,0.1,0.01,77,36.5,0,39,D+,-,E,0
MCI,Barings Corporate Inv,MISC,Finance-Publ Inv Fd-Bond,145,NYSE,15.65,-0.1,-0.01,28,41.5,0,77,D+,-,B-,0
MCR,M F S Charter Incm Tr,MISC,Finance-Publ Inv Fd-Bond,145,NYSE,8.17,-0.8,-0.07,26,-57.4,0,44,D+,-,C-,0
MFL,Blackrock Munhd Inv Qual,MISC,Finance-Publ Inv Fd-Bond,145,NYSE,13.31,-0.2,-0.02,76,58.6,0,35,D+,-,D-,0
MFM,M F S Municipal Inc Tr,MISC,Finance-Publ Inv Fd-Bond,145,NYSE,6.48,-0.2,-0.01,74,-17.6,0,39,D+,-,C,0
MFV,M F S Special Value Trus,MISC,Finance-Publ Inv Fd-Bond,145,NYSE,6.56,0.9,0.06,1,-86.4,0,65,D+,-,E,0
MGF,M F S Govt Mkts Inc Tr,MISC,Finance-Publ Inv Fd-Bond,145,NYSE,4.16,-0.7,-0.03,55,-57.3,0,48,D+,-,E,0
MHD,Blackrock Muniholdings,MISC,Finance-Publ Inv Fd-Bond,145,NYSE,15.41,0.7,0.11,82,-13.8,0,37,D+,-,E,0
MHF,Western Asset Mun Hi Inc,MISC,Finance-Publ Inv Fd-Bond,145,NYSE,7.56,0.3,0.02,31,30.6,0,37,D+,-,C-,0
MHI,Pioneer Muni Hi Incm Fd,MISC,Finance-Publ Inv Fd-Bond,145,NYSE,11.38,-0.2,-0.03,45,-14.2,0,35,D+,-,D-,0
MHN,Blackrock Munihd Ny Qual,MISC,Finance-Publ Inv Fd-Bond,145,NYSE,13.74,1,0.13,57,47.5,0,42,D+,-,D,0
MIN,M F S Intermed Income Fd,MISC,Finance-Publ Inv Fd-Bond,145,NYSE,3.41,0.3,0.01,164,-55.2,0,37,D+,-,E,0
MIY,Blackrock Muniyd Mi Qual,MISC,Finance-Publ Inv Fd-Bond,145,NYSE,14.49,0,0,32,6,0,44,D+,-,E,0
MMD,Ms Mky Defintrm Mu Opp,MISC,Finance-Publ Inv Fd-Bond,145,NYSE,20.54,0.2,0.04,32,-43,0,39,D+,-,D-,0
MMT,M F S Multimarket Inc Tr,MISC,Finance-Publ Inv Fd-Bond,145,NYSE,5.82,0.2,0.01,57,-49,0,35,D+,-,E,0
MMU,Western Asset Mangd Muni,MISC,Finance-Publ Inv Fd-Bond,145,NYSE,12.32,-1,-0.13,214,233.7,0,42,D+,-,D-,0
MNP,Western Asset Muni Ptnrs,MISC,Finance-Publ Inv Fd-Bond,145,NYSE,14.52,0.1,0.01,18,39.4,0,37,D+,-,E,0
MPA,Blackrock Muniyd Pa Qual,MISC,Finance-Publ Inv Fd-Bond,145,NYSE,15.13,1.3,0.19,5,-58.1,0,48,D+,-,C-,0
MPV,Barings ParticipationInv,MISC,Finance-Publ Inv Fd-Bond,145,NYSE,14.26,-1.7,-0.24,12,56.5,0,84,D+,-,D-,0
MQT,Blackrock Muniyd Qlty Ii,MISC,Finance-Publ Inv Fd-Bond,145,NYSE,13.13,0.3,0.04,57,93.6,0,35,D+,-,D-,0
MQY,Blackrock Muniyld Qlty,MISC,Finance-Publ Inv Fd-Bond,145,NYSE,15.07,0.3,0.04,244,100.4,0,35,D+,-,D-,0
MUA,Blackrock Muniassets Fnd,MISC,Finance-Publ Inv Fd-Bond,145,NYSE,14.39,1,0.14,62,22.8,0,37,D+,-,E,0
MUC,Blackrock Munihd Ca Qual,MISC,Finance-Publ Inv Fd-Bond,145,NYSE,14.35,0.3,0.05,80,8.1,0,37,D+,-,E,0
MUE,Blackrock Munihd Qual Ii,MISC,Finance-Publ Inv Fd-Bond,145,NYSE,12.83,0.5,0.07,44,28.5,0,37,D+,-,D-,0
MUI,BlackRock Muni Inc Fund,MISC,Finance-Publ Inv Fd-Bond,145,NYSE,14.43,-0.7,-0.1,59,-7,0,42,D+,-,E,0
MUJ,Blackrock Munihd Nj Qual,MISC,Finance-Publ Inv Fd-Bond,145,NYSE,14.41,-0.3,-0.04,67,58.3,0,42,D+,-,E,0
MVF,Blackrock Munivest Fund,MISC,Finance-Publ Inv Fd-Bond,145,NYSE,8.86,-0.1,-0.01,190,77.9,0,39,D+,-,D+,0
MVT,Blackrock Munivest Fd Ii,MISC,Finance-Publ Inv Fd-Bond,145,NYSE,14.13,-0.8,-0.11,95,145.3,0,39,D+,-,C-,0
MYC,Blackrock Muniyield Ca,MISC,Finance-Publ Inv Fd-Bond,145,NYSE,14.2,0.3,0.04,34,-14.2,0,39,D+,-,D-,0
MYD,Blackrock Muniyield Fund,MISC,Finance-Publ Inv Fd-Bond,145,NYSE,13.46,0.1,0.02,175,94.4,0,35,D+,-,E,0
MYI,Blackrock Muniyield Qual,MISC,Finance-Publ Inv Fd-Bond,145,NYSE,13.67,0.3,0.04,91,-10.7,0,39,D+,-,E,0
MYJ,Blackrock Muniyield Nj,MISC,Finance-Publ Inv Fd-Bond,145,NYSE,14.42,-0.3,-0.04,55,65.5,0,42,D+,-,E,0
MYN,Blackrock Muniyd Ny Qual,MISC,Finance-Publ Inv Fd-Bond,145,NYSE,13.32,-1,-0.13,78,74,0,52,D+,-,D+,0
NAC,Nuveen Ca Qlty Muni Incm,MISC,Finance-Publ Inv Fd-Bond,145,NYSE,14.7,-1.4,-0.21,229,53.6,0,48,D+,-,C,0
NAD,Nuveen Qlty Muni Inc Fd,MISC,Finance-Publ Inv Fd-Bond,145,NYSE,14.7,-0.3,-0.04,493,13.9,0,39,D+,-,E,0
NAN,Nuveen Ny Qlty Muni Inc,MISC,Finance-Publ Inv Fd-Bond,145,NYSE,13.58,0.5,0.07,41,25.3,0,39,D+,-,E,0
NAZ,Nuveen Az Qlty Muni Inc,MISC,Finance-Publ Inv Fd-Bond,145,NYSE,14.86,0.7,0.11,13,20.4,0,39,D+,-,D-,0
NBB,Nuveen Taxable Muni Inc,MISC,Finance-Publ Inv Fd-Bond,145,NYSE,21.54,-1.8,-0.4,55,-20,0,44,D+,-,D-,0
NBH,Neuberger Berman Mun Fd,MISC,Finance-Publ Inv Fd-Bond,145,AMEX,14.38,-0.1,-0.01,30,5.3,0,35,D+,-,C-,0
NBO,Neuberger Berman Ny Mun,MISC,Finance-Publ Inv Fd-Bond,145,AMEX,12.39,1.9,0.23,6,-16.4,0,48,D+,-,D+,0
NBW,Neuberger Berman Ca Mun,MISC,Finance-Publ Inv Fd-Bond,145,AMEX,13.48,0.4,0.06,7,-53.4,0,48,D+,-,D-,0
NCA,Nuveen Ca Muni Value Fd,MISC,Finance-Publ Inv Fd-Bond,145,NYSE,9.85,0.6,0.06,31,-48.5,0,39,D+,-,D-,0
NCZ,Virtus AllianzGI ConInII,MISC,Finance-Publ Inv Fd-Bond,145,NYSE,4.68,-0.3,-0.01,237,-27.9,0,31,D+,-,D+,0
NDMO,Nuveen Dyna Muni Oppr,MISC,Finance-Publ Inv Fd-Bond,145,NYSE,14.94,-1.3,-0.2,311,140.9,0,39,D+,-,E,0
NEA,Nuveen Amt Free Qlty Mun,MISC,Finance-Publ Inv Fd-Bond,145,NYSE,14.15,-0.3,-0.04,499,-6.7,0,37,D+,-,D-,0
NEV,Nuveen Enhanced Muni Val,MISC,Finance-Publ Inv Fd-Bond,145,NYSE,14.46,0.3,0.04,61,-4.3,0,32,D+,-,E,0
NHS,Neuberger Brm Hi Yld Str,MISC,Finance-Publ Inv Fd-Bond,145,AMEX,11.37,0,0,72,111.9,0,32,D+,-,E,0
NID,Nuveen Inter Dur Muni Tr,MISC,Finance-Publ Inv Fd-Bond,145,NYSE,14.37,0.2,0.03,58,-10.4,0,55,D+,-,E,0
NIM,Nuveen Sel Mat Muni Fd,MISC,Finance-Publ Inv Fd-Bond,145,NYSE,10.04,0.2,0.02,24,18.5,0,39,D+,-,D-,0
NIQ,Nuveen Int Dur Qual Muni,MISC,Finance-Publ Inv Fd-Bond,145,NYSE,14.42,-0.1,-0.01,21,0.5,0,55,D+,-,D+,0
NKG,Nuveen Ga Qlty Muni Inc,MISC,Finance-Publ Inv Fd-Bond,145,NYSE,13.05,0.2,0.02,7,-37.4,0,48,D+,-,D,0
NKX,Nuveen Ca Amt Fr Qlt Mun,MISC,Finance-Publ Inv Fd-Bond,145,NYSE,14.81,0.6,0.1,119,58.7,0,35,D+,-,E,0
NMCO,Nuveen Municipal Cr Oppr,MISC,Finance-Publ Inv Fd-Bond,145,NYSE,14.74,-0.7,-0.1,200,100.9,0,60,D+,-,B,0
NMI,Nuveen Muni Income Fund,MISC,Finance-Publ Inv Fd-Bond,145,NYSE,10.73,-0.4,-0.04,34,157.1,0,39,D+,-,D-,0
NMS,Nuveen Minn Qlty Mun Inc,MISC,Finance-Publ Inv Fd-Bond,145,NYSE,15,0,0,3,-49.8,0,52,D+,-,D,0
NMT,Nuveen Ma Qlty Muni Inc,MISC,Finance-Publ Inv Fd-Bond,145,NYSE,14.75,0.1,0.02,8,15.5,0,52,D+,-,C-,0
NMZ,Nuveen Muni Hi Incm Opty,MISC,Finance-Publ Inv Fd-Bond,145,AMEX,14.24,-0.1,-0.02,439,58.6,0,48,D+,-,E,0
NNY,Nuveen Ny Muni Value Fd,MISC,Finance-Publ Inv Fd-Bond,145,NYSE,9.72,1.2,0.11,12,-47.5,0,48,D+,-,E,0
NOM,Nuveen Mo Qlty Muni Inc,MISC,Finance-Publ Inv Fd-Bond,145,NYSE,14.61,2,0.28,5,139.6,0,48,D+,-,D-,0
NPV,Nuveen Va Qlty Muni Inc,MISC,Finance-Publ Inv Fd-Bond,145,NYSE,14.95,0.9,0.13,17,14.9,0,37,D+,-,E,0
NQP,Nuveen Pa Qlty Muni Inc,MISC,Finance-Publ Inv Fd-Bond,145,NYSE,14.35,0.1,0.02,29,-33.3,0,52,D+,-,E,0
NRK,Nuveen Ny Amt Fr Qlt Mun,MISC,Finance-Publ Inv Fd-Bond,145,NYSE,13.25,0.8,0.1,234,162.1,0,44,D+,-,E,0
NSL,Nuveen Senior Income Fd,MISC,Finance-Publ Inv Fd-Bond,145,NYSE,5.96,0.3,0.02,146,-9.7,0,75,D+,-,B-,0
NUO,Nuveen Oh Qlty Muni Inc,MISC,Finance-Publ Inv Fd-Bond,145,NYSE,15.24,-0.1,-0.02,15,-21.5,0,44,D+,-,E,0
NUV,Nuveen Muni Value Fund,MISC,Finance-Publ Inv Fd-Bond,145,NYSE,10.06,0.2,0.02,323,-45,0,31,D+,-,D,0
NUW,Nuveen Amt-Free Muni Val,MISC,Finance-Publ Inv Fd-Bond,145,NYSE,15.9,0.8,0.13,40,59.6,0,42,D+,-,D-,0
NVG,Nuveen Amt-Free MunCrInc,MISC,Finance-Publ Inv Fd-Bond,145,AMEX,16.23,0.5,0.08,400,25.5,0,39,D+,-,E,0
NXC,Nuveen Ca Sel Tx-Fr Incm,MISC,Finance-Publ Inv Fd-Bond,145,NYSE,15.68,-1.6,-0.25,4,-67.3,0,65,D+,-,C,0
NXDT,Nexpoint Div Rel Est Tr,MISC,Finance-Publ Inv Fd-Bond,145,NYSE,14.29,0.5,0.07,29,-76.2,0,85,D+,-,C-,0
NXJ,Nuveen Nj Qlty Muni Inc,MISC,Finance-Publ Inv Fd-Bond,145,NYSE,14.31,1,0.14,117,91.5,0,39,D+,-,E,0
NXN,Nuveen Ny Sel Tx-Fr Incm,MISC,Finance-Publ Inv Fd-Bond,145,NYSE,13.33,-0.4,-0.05,0,-92.7,0,48,D+,-,C-,0
NXP,Nuveen Sel Tax-Free Inc,MISC,Finance-Publ Inv Fd-Bond,145,NYSE,15.21,0,0,103,16.7,0,31,D+,-,D-,0
NZF,Nuveen Muni Credit Inc,MISC,Finance-Publ Inv Fd-Bond,145,AMEX,16.18,0.4,0.07,264,40.4,0,44,D+,-,D+,0
OIA,Invesco Mun Inc Opty Tr,MISC,Finance-Publ Inv Fd-Bond,145,NYSE,7.42,0.5,0.04,166,166.4,0,37,D+,-,D-,0
OPP,Rivernorth/DblLine Strat,MISC,Finance-Publ Inv Fd-Bond,145,NYSE,14.07,0.4,0.05,120,-4,0,37,D+,-,D-,0
OXLC,Oxford Lane Capital Corp,MISC,Finance-Publ Inv Fd-Bond,145,NASDAQ,8.38,0.7,0.06,965,-32.9,0,87,D+,-,B-,0
PAI,Western Asst Inv Grd Inc,MISC,Finance-Publ Inv Fd-Bond,145,NYSE,14.38,0,0,16,51.3,0,37,D+,-,D-,0
PCF,High Income Sec Fund,MISC,Finance-Publ Inv Fd-Bond,145,NYSE,8.6,0.8,0.07,66,-33.6,0,42,D+,-,D-,0
PCK,Pimco Ca Muni Inc Fd Ii,MISC,Finance-Publ Inv Fd-Bond,145,NYSE,8.52,0,0,128,169.9,0,33,D+,-,E,0
PCM,P C M Fund Inc,MISC,Finance-Publ Inv Fd-Bond,145,NYSE,11.07,1.8,0.2,71,135.1,0,42,D+,-,B,0
PCN,Pimco Corp & Inc Strat,MISC,Finance-Publ Inv Fd-Bond,145,NYSE,16.14,0.6,0.09,100,-6.1,0,31,D+,-,E,0
PCQ,Pimco Ca Muni Income Fd,MISC,Finance-Publ Inv Fd-Bond,145,NYSE,16.91,-0.5,-0.09,13,-26.7,0,35,D+,-,E,0
PFL,Pimco Income Strategy Fd,MISC,Finance-Publ Inv Fd-Bond,145,NYSE,10.6,0.9,0.09,123,-17.8,0,32,D+,-,D+,0
PFN,Pimco Income Strgy Fd Ii,MISC,Finance-Publ Inv Fd-Bond,145,NYSE,9.26,1.2,0.11,241,-25.3,0,31,D+,-,E,0
PGZ,Principal Real Est Incm,MISC,Finance-Publ Inv Fd-Bond,145,NYSE,15.56,2,0.3,5,-74,0,77,D+,-,C+,0
PHD,Pioneer Floating Rate fd,MISC,Finance-Publ Inv Fd-Bond,145,NYSE,11.7,0.7,0.09,29,-35.4,0,72,D+,-,E,0
PHK,Pimco High Income Fund,MISC,Finance-Publ Inv Fd-Bond,145,NYSE,6.13,1.8,0.11,624,23.8,0,35,D+,-,E,0
PHT,Pioneer High Incm Fund,MISC,Finance-Publ Inv Fd-Bond,145,NYSE,8.92,0,0,87,-6.9,0,33,D+,-,D-,0
PIM,Putnam Master Inter Inc,MISC,Finance-Publ Inv Fd-Bond,145,NYSE,3.75,0.3,0.01,54,-53.8,0,37,D+,-,D,0
PMF,Pimco Muni Income Fund,MISC,Finance-Publ Inv Fd-Bond,145,NYSE,13.86,-0.1,-0.01,21,-55.4,0,44,D+,-,D,0
PML,Pimco Muni Income Fd Ii,MISC,Finance-Publ Inv Fd-Bond,145,NYSE,13.8,0.2,0.03,115,17,0,44,D+,-,E,0
PMM,Putnam Managed Muni Inc,MISC,Finance-Publ Inv Fd-Bond,145,NYSE,7.59,0,0,136,62.2,0,33,D+,-,E,0
PMO,Putnam Muni Oppties Tr,MISC,Finance-Publ Inv Fd-Bond,145,NYSE,12.76,-0.2,-0.02,65,14.1,0,37,D+,-,E,0
PMX,Pimco Muni Income Fd Iii,MISC,Finance-Publ Inv Fd-Bond,145,NYSE,11.37,-0.8,-0.09,72,26.1,0,39,D+,-,E,0
PNF,Pimco Ny Muni Income Fd,MISC,Finance-Publ Inv Fd-Bond,145,NYSE,11.07,0.6,0.07,26,61.9,0,31,D+,-,E,0
PNI,Pimco Ny Muni Inc Fd Ii,MISC,Finance-Publ Inv Fd-Bond,145,NYSE,10.64,0.5,0.05,20,8.1,0,37,D+,-,C+,0
PPT,Putnam Premier Income Tr,MISC,Finance-Publ Inv Fd-Bond,145,NYSE,4.18,1.1,0.05,190,-30.4,0,35,D+,-,E,0
PTY,Pimco Corp & Inc Oppty,MISC,Finance-Publ Inv Fd-Bond,145,NYSE,16.03,-0.3,-0.05,462,-18.3,0,28,D+,-,E,0
PYN,Pimco Ny Muni Inc Fd Iii,MISC,Finance-Publ Inv Fd-Bond,145,NYSE,8.92,0.7,0.06,0,-94.6,0,31,D+,-,D-,0
PZC,Pimco Ca Muni Inc Fd Iii,MISC,Finance-Publ Inv Fd-Bond,145,NYSE,10.08,0.2,0.03,40,37,0,37,D+,-,E,0
RA,Brookfield Real Asts Inc,MISC,Finance-Publ Inv Fd-Bond,145,NYSE,21.43,0.6,0.13,222,-9.9,0,65,D+,-,E,0
RCS,Pimco Strat Income Fund,MISC,Finance-Publ Inv Fd-Bond,145,NYSE,6.56,2.5,0.16,138,-11.1,0,28,D+,-,E,0
RFM,Rivernorth Flex Mun Incm,MISC,Finance-Publ Inv Fd-Bond,145,NYSE,20.76,0.4,0.09,17,-37.2,0,42,D+,-,E,0
RFMZ,RiverNorthFlexMunIncFdII,MISC,Finance-Publ Inv Fd-Bond,145,NYSE,18.1,-0.1,-0.01,39,-33.2,0,33,D+,-,C+,0
SBI,Western Asset Inter Muni,MISC,Finance-Publ Inv Fd-Bond,145,NYSE,9.35,-0.3,-0.03,15,-4.5,0,55,D+,-,C,0
SPE,Special Opportunities Fd,MISC,Finance-Publ Inv Fd-Bond,145,NYSE,15.01,1.6,0.24,22,-60.1,0,69,D+,-,D,0
TSI,T C W Strat Incm Fd Inc,MISC,Finance-Publ Inv Fd-Bond,145,NYSE,5.45,0.4,0.02,56,-19.1,0,42,D+,-,D,0
VBF,Invesco Bond Fund,MISC,Finance-Publ Inv Fd-Bond,145,NYSE,18.62,-0.1,-0.02,102,335.3,0,37,D+,-,E,0
VCF,Delaware Inv Co Mun Incm,MISC,Finance-Publ Inv Fd-Bond,145,AMEX,13.95,-0.2,-0.03,18,138.1,0,52,D+,-,C-,0
VCV,Invesco CA Val Muni Inc,MISC,Finance-Publ Inv Fd-Bond,145,NYSE,12.33,0.2,0.03,50,-29.2,0,33,D+,-,E,0
VFL,Delaware Inv Nat Mun Inc,MISC,Finance-Publ Inv Fd-Bond,145,AMEX,13.33,0.3,0.05,3,-66.5,0,52,D+,-,B-,0
VGM,Invesco Tr Invt Grd Muni,MISC,Finance-Publ Inv Fd-Bond,145,NYSE,12.59,0.3,0.04,154,74.1,0,35,D+,-,E,0
VKI,Invesco Adv Muni In Tr 2,MISC,Finance-Publ Inv Fd-Bond,145,AMEX,11.29,-0.3,-0.03,48,-30.2,0,39,D+,-,D,0
VKQ,Invesco Municipal Trust,MISC,Finance-Publ Inv Fd-Bond,145,NYSE,12.23,0.5,0.06,133,48.6,0,35,D+,-,D-,0
VLT,Invesco High Income Tr 2,MISC,Finance-Publ Inv Fd-Bond,145,NYSE,13.7,-0.7,-0.1,11,-32,0,48,D+,-,C-,0
VMM,Delaware Inv Mn Muni Ii,MISC,Finance-Publ Inv Fd-Bond,145,AMEX,13.77,1.3,0.18,23,4.8,0,55,D+,-,D,0
VMO,Invesco Muni Opp Trust,MISC,Finance-Publ Inv Fd-Bond,145,NYSE,12.71,-0.2,-0.02,186,73.2,0,42,D+,-,E,0
VPV,Invesco PA Val Muni Inc,MISC,Finance-Publ Inv Fd-Bond,145,NYSE,12.89,0.3,0.04,26,-17,0,52,D+,-,E,0
VTN,Invesco Tr Inv NY Muni,MISC,Finance-Publ Inv Fd-Bond,145,NYSE,12.84,0,0,33,19.5,0,44,D+,-,D+,0
VVR,Invesco Sr Income Trust,MISC,Finance-Publ Inv Fd-Bond,145,NYSE,4.43,0.1,0.01,338,-53.3,0,72,D+,-,D,0
WDI,Western Asset Div Inc Fd,MISC,Finance-Publ Inv Fd-Bond,145,NYSE,18.05,0.3,0.05,153,-38.8,0,35,D+,-,C+,0
WEA,Western Asset Prem Bd Fd,MISC,Finance-Publ Inv Fd-Bond,145,NYSE,13.21,-0.2,-0.03,22,-1.3,0,39,D+,-,D-,0
WIA,Western Ast Inf-Lnkd Inc,MISC,Finance-Publ Inv Fd-Bond,145,NYSE,12.38,0.7,0.09,77,89.5,0,52,D+,-,E,0
XFLT,XAI Octagon Fl Rt&Alt In,MISC,Finance-Publ Inv Fd-Bond,145,NYSE,9.53,-0.1,-0.01,147,-32.1,0,83,D+,-,B,0
ACV,Virtus Allianz DivIncCon,MISC,Finance-Publ Inv Fd-Eqt,67,NYSE,28.18,-1,-0.28,74,33.9,0,52,B,-,D-,0
ADX,Adams Diversified Eq Fd,MISC,Finance-Publ Inv Fd-Eqt,67,NYSE,18.81,1.3,0.24,175,-26.4,0,84,B,-,D+,0
AIO,Virtus Allianz ArtIntTec,MISC,Finance-Publ Inv Fd-Eqt,67,NYSE,23.77,-0.3,-0.07,104,-17.6,0,55,B,-,C+,0
ASG,Liberty All Star Grth Fd,MISC,Finance-Publ Inv Fd-Eqt,67,NYSE,7.31,0.4,0.03,574,95.5,0,28,B,-,E,0
ASGI,Aberdeen StdGbl InfraInc,MISC,Finance-Publ Inv Fd-Eqt,67,NYSE,20.14,0.2,0.05,14,-39.1,0,52,B,-,E,0
BCX,Blackrock Res & Comd Str,MISC,Finance-Publ Inv Fd-Eqt,67,NYSE,10.08,0.7,0.07,592,107.6,0,85,B,-,D,0
BDJ,Blackrock Enh Eqty Dv Tr,MISC,Finance-Publ Inv Fd-Eqt,67,NYSE,9.95,0.5,0.05,333,-34.5,0,69,B,-,E,0
BGR,Blackrock Engy & Res Tr,MISC,Finance-Publ Inv Fd-Eqt,67,NYSE,11.22,1.1,0.12,418,199.9,0,94,B,-,D+,0
BIF,Boulder Growth & Incm Fd,MISC,Finance-Publ Inv Fd-Eqt,67,NYSE,14.32,1,0.14,64,-34,0,85,B,-,D+,0
BME,Blackrock Health Sci Tr,MISC,Finance-Publ Inv Fd-Eqt,67,NYSE,45.04,0,-0.02,32,11.7,0,39,B,-,E,0
BMEZ,Blackrock Health Science,MISC,Finance-Publ Inv Fd-Eqt,67,NYSE,22.31,0.4,0.09,181,-36.5,0,23,B,-,C+,0
BST,Blackrock Science Tech,MISC,Finance-Publ Inv Fd-Eqt,67,NYSE,46.59,0.5,0.23,191,-6.9,0,27,B,-,C,0
BSTZ,Blackrock Sci & TechTrII,MISC,Finance-Publ Inv Fd-Eqt,67,NYSE,31.86,-0.1,-0.05,151,-31.4,0,24,B,-,E,0
BTO,John Hancock Finl Opp Fd,MISC,Finance-Publ Inv Fd-Eqt,67,NYSE,44.24,-2.6,-1.2,38,-7.5,0,91,B,-,D,0
BTZ,Blackrock Cr Allo Inc Tr,MISC,Finance-Publ Inv Fd-Eqt,67,NYSE,13.77,0.4,0.06,289,28.3,0,35,B,-,E,0
BUI,Blackrock Utl Infr & Pwr,MISC,Finance-Publ Inv Fd-Eqt,67,NYSE,25.12,-0.6,-0.14,77,38.6,0,52,B,-,D,0
BXMX,Nuveen S&P 500 Buy-Write,MISC,Finance-Publ Inv Fd-Eqt,67,NYSE,14.41,0.8,0.11,137,-18.9,0,69,B,-,D-,0
CCD,Calamos Dyn Conv & Inc,MISC,Finance-Publ Inv Fd-Eqt,67,NASDAQ,27.57,-0.1,-0.04,77,14.2,0,29,B,-,E,0
CEM,Clearbridge MLP & Mdstrm,MISC,Finance-Publ Inv Fd-Eqt,67,NYSE,31.82,1.1,0.36,29,-56,0,94,B,-,D-,0
CEN,Center Coast BrkfldMLP&E,MISC,Finance-Publ Inv Fd-Eqt,67,NYSE,15.91,1.1,0.17,12,-50,0,94,B,-,C+,0
CET,Central Securities Corp,MISC,Finance-Publ Inv Fd-Eqt,67,AMEX,42.13,2.1,0.87,33,-45.5,0,87,B,-,C+,0
CLM,Cornerstone Str Value Fd,MISC,Finance-Publ Inv Fd-Eqt,67,AMEX,14.34,0.6,0.08,1015,-30.4,0,86,B,-,E,0
CTR,ClearbridgeMlp&MdstTR Fd,MISC,Finance-Publ Inv Fd-Eqt,67,NYSE,27.39,0.6,0.15,23,-3.7,0,94,B,-,B-,0
DFP,Flaherty&Crumrine Dyn Pf,MISC,Finance-Publ Inv Fd-Eqt,67,NYSE,27.38,-0.1,-0.02,57,-7.1,0,42,B,-,B,0
DIAX,Nuveen Dow 30 Dy Over,MISC,Finance-Publ Inv Fd-Eqt,67,NYSE,17.11,0.5,0.09,49,-43.8,0,69,B,-,E,0
DSL,Doubleline Incm Solution,MISC,Finance-Publ Inv Fd-Eqt,67,NYSE,15.79,-0.4,-0.07,364,-35.3,0,33,B,-,E,0
DYFN,Angel Oak DynFin StgyInc,MISC,Finance-Publ Inv Fd-Eqt,67,NYSE,19.76,1.3,0.25,4,-29.9,0,60,B,-,E,0
ECAT,BlackRock Esg CapAlocTr,MISC,Finance-Publ Inv Fd-Eqt,67,NYSE,17.8,0,0,192,-44,0,33,B,-,C+,0
EMO,Clearbridge En Md strmFd,MISC,Finance-Publ Inv Fd-Eqt,67,NYSE,26,1.5,0.38,37,-28.5,0,95,B,-,C-,0
EOI,Eaton Vance Enhan Eq Inc,MISC,Finance-Publ Inv Fd-Eqt,67,NYSE,19.29,1.2,0.24,98,31.1,0,77,B,-,C+,0
EOS,Eaton Vance En Eq Inc Ii,MISC,Finance-Publ Inv Fd-Eqt,67,NYSE,22.48,0.9,0.19,103,-19.7,0,48,B,-,E,0
ETB,Eaton V Tx-Mgd By-Wt Inc,MISC,Finance-Publ Inv Fd-Eqt,67,NYSE,16.36,0.6,0.09,27,-51.7,0,69,B,-,E,0
ETG,Eaton VncTx-AdvGlbDivInc,MISC,Finance-Publ Inv Fd-Eqt,67,NYSE,21.57,1.6,0.34,125,-3.2,0,75,B,-,E,0
ETJ,Eaton V Risk Mgd Div Eq,MISC,Finance-Publ Inv Fd-Eqt,67,NYSE,10.41,0.6,0.06,140,-39.1,0,39,B,-,D+,0
ETV,Eaton V Tx-Mgd By-Wt Opp,MISC,Finance-Publ Inv Fd-Eqt,67,NYSE,15.88,1.2,0.2,533,52.5,0,52,B,-,E,0
ETY,Eaton V Tx-Mgd Div Eq,MISC,Finance-Publ Inv Fd-Eqt,67,NYSE,14.32,0.8,0.12,244,-5,0,75,B,-,E,0
EVT,Eaton Vance Tax-Adv Div,MISC,Finance-Publ Inv Fd-Eqt,67,NYSE,28.54,1.3,0.37,85,-24.2,0,75,B,-,E,0
FDEU,First Tr Dyn Eur Eq Inc,MISC,Finance-Publ Inv Fd-Eqt,67,NYSE,13.67,0.5,0.07,44,-22.1,0,79,B,-,B,0
FEI,First Tr MLP Energy Inc,MISC,Finance-Publ Inv Fd-Eqt,67,NASDAQ,8.06,0.3,0.03,147,-36.3,0,87,B,-,B+,0
FEN,First Tr Energy Inc & Gr,MISC,Finance-Publ Inv Fd-Eqt,67,AMEX,15.55,0.5,0.08,53,-52.8,0,88,B,-,B+,0
FFA,First Tr Enhanced Equity,MISC,Finance-Publ Inv Fd-Eqt,67,NYSE,20.56,1,0.2,14,-47.7,0,72,B,-,E,0
FFC,Fla & Cru Pfd & Inc Sec,MISC,Finance-Publ Inv Fd-Eqt,67,NYSE,20.62,0.1,0.03,89,-25.5,0,35,B,-,E,0
FIF,First Tr Energy Infrastr,MISC,Finance-Publ Inv Fd-Eqt,67,ARCA,13.97,0.8,0.11,44,-9.3,0,85,B,-,B,0
FINS,Angel Oak Finl Stgy Inc,MISC,Finance-Publ Inv Fd-Eqt,67,NYSE,16.55,0.1,0.02,32,-59.4,0,42,B,-,B,0
FMO,Fiduciary/Clay Ener Infr,MISC,Finance-Publ Inv Fd-Eqt,67,NYSE,12.25,1.2,0.14,63,58.4,0,92,B,-,A-,0
FPF,First Tr Int Dur Pf Incm,MISC,Finance-Publ Inv Fd-Eqt,67,NYSE,23.48,-0.4,-0.09,79,-17.7,0,44,B,-,D-,0
FPL,First Tr New Op Mlp & En,MISC,Finance-Publ Inv Fd-Eqt,67,NYSE,6.14,0.3,0.02,79,-43.5,0,87,B,-,B,0
FTHY,First Trust HiYldOpp2027,MISC,Finance-Publ Inv Fd-Eqt,67,NYSE,19.1,-0.7,-0.14,107,40.1,0,44,B,-,E,0
GAB,Gabelli Equity Trust Inc,MISC,Finance-Publ Inv Fd-Eqt,67,NYSE,7.08,1.3,0.09,519,-18.9,0,72,B,-,D-,0
GAM,General American Invstrs,MISC,Finance-Publ Inv Fd-Eqt,67,NYSE,42.45,1.3,0.54,11,-50.2,0,79,B,-,E,0
GCV,Gabelli Conv & Inc Secs,MISC,Finance-Publ Inv Fd-Eqt,67,NYSE,6.08,-0.8,-0.05,27,-30.3,0,44,B,-,D-,0
GDL,The Gdl Fund,MISC,Finance-Publ Inv Fd-Eqt,67,NYSE,8.75,1.1,0.09,11,4.5,0,52,B,-,D-,0
GDV,Gabelli Divdnd & Incm Tr,MISC,Finance-Publ Inv Fd-Eqt,67,NYSE,26.01,1,0.26,162,4.5,0,69,B,-,E,0
GER,Goldman Sachs Mlp En Ren,MISC,Finance-Publ Inv Fd-Eqt,67,NYSE,11.78,0.9,0.1,62,-16.8,0,88,B,-,B+,0
GGN,Gamco Glb Gld Nt Rsr Inc,MISC,Finance-Publ Inv Fd-Eqt,67,AMEX,3.79,0.7,0.03,350,-40.7,0,60,B,-,C-,0
GGZ,Gabelli Glb Sm/Mid Cap,MISC,Finance-Publ Inv Fd-Eqt,67,NYSE,14.74,1.4,0.2,6,-52.1,0,44,B,-,D-,0
GLQ,Clough Global Equity Fd,MISC,Finance-Publ Inv Fd-Eqt,67,AMEX,12.31,0.5,0.06,126,-12.9,0,23,B,-,C-,0
GLU,Gabelli Glbl Util & Inc,MISC,Finance-Publ Inv Fd-Eqt,67,AMEX,20.11,1.1,0.23,13,-4.1,0,55,B,-,D+,0
GLV,Clough Glbl Div & Inc Fd,MISC,Finance-Publ Inv Fd-Eqt,67,AMEX,10.13,1.3,0.13,18,-66.1,0,31,B,-,D+,0
GNT,Gamco Nt Rsr Gld & Inc,MISC,Finance-Publ Inv Fd-Eqt,67,NYSE,5.31,1.3,0.07,66,4.8,0,60,B,-,D,0
GRF,Eagle Capital Growth Fd,MISC,Finance-Publ Inv Fd-Eqt,67,AMEX,9.92,-1.8,-0.19,2,-65.8,0,95,B,-,A-,0
GRX,Gabelli Hlth&Well Rx Tr,MISC,Finance-Publ Inv Fd-Eqt,67,NYSE,12.89,0.6,0.08,50,1.2,0,52,B,-,C+,0
GUT,Gabelli Utility Trust,MISC,Finance-Publ Inv Fd-Eqt,67,NYSE,8.19,-0.1,-0.01,52,-49.5,0,75,B,-,E,0
HEQ,John Hancock Hedgd Eq&In,MISC,Finance-Publ Inv Fd-Eqt,67,NYSE,12.99,0.6,0.07,30,-15,0,75,B,-,C,0
HIE,Miller Howard High Inc,MISC,Finance-Publ Inv Fd-Eqt,67,NYSE,10.81,0.2,0.03,69,12.2,0,88,B,-,B-,0
HPF,John Hancock Pfd Inc Ii,MISC,Finance-Publ Inv Fd-Eqt,67,NYSE,19.7,0.3,0.05,36,-22.4,0,39,B,-,E,0
HPI,John Hancock Pfd Inc Fd,MISC,Finance-Publ Inv Fd-Eqt,67,NYSE,19.75,-0.5,-0.1,59,9.4,0,44,B,-,D-,0
HPS,John Hancock Pfd Inc Iii,MISC,Finance-Publ Inv Fd-Eqt,67,NYSE,17.64,-0.3,-0.06,46,-2.8,0,42,B,-,E,0
HQH,Tekla Healthcare Invs,MISC,Finance-Publ Inv Fd-Eqt,67,NYSE,22.6,0.2,0.05,115,-15.5,0,31,B,-,E,0
HQL,Tekla Life Sciences Invs,MISC,Finance-Publ Inv Fd-Eqt,67,NYSE,18.31,-0.4,-0.07,75,-10.7,0,31,B,-,E,0
IDE,Voya Infrast Ind and Mat,MISC,Finance-Publ Inv Fd-Eqt,67,NYSE,11.21,0.3,0.03,78,74.1,0,37,B,-,E,0
IGA,Voya Glb Adv and Prem Op,MISC,Finance-Publ Inv Fd-Eqt,67,NYSE,9.99,0.1,0.01,24,-49.8,0,77,B,-,B,0
IGR,Cbre Global Real Est Fd,MISC,Finance-Publ Inv Fd-Eqt,67,NYSE,8.77,1.2,0.1,354,23.2,0,75,B,-,B,0
IHD,Voya Emg Mkts Hi Inc Div,MISC,Finance-Publ Inv Fd-Eqt,67,NYSE,7.1,-0.8,-0.06,69,5.1,0,44,B,-,D+,0
JCE,Nuveen Core Eqt Alpha Fd,MISC,Finance-Publ Inv Fd-Eqt,67,NYSE,16.74,1,0.16,41,8.3,0,75,B,-,D-,0
JHAA,Nuveen Crp Inc 2023TrgTr,MISC,Finance-Publ Inv Fd-Eqt,67,NYSE,9.79,-0.1,-0.01,5,-40.8,0,55,B,-,E,0
JPI,Nuveen Pref and Inc Term,MISC,Finance-Publ Inv Fd-Eqt,67,NYSE,24.51,0.2,0.04,22,-46,0,48,B,-,C,0
JPS,Nuveen Pf & Inc Sec fd,MISC,Finance-Publ Inv Fd-Eqt,67,NYSE,9.4,-0.2,-0.02,684,28.4,0,48,B,-,D+,0
JRS,Nuveen Real Estate Incm,MISC,Finance-Publ Inv Fd-Eqt,67,AMEX,11.74,1.8,0.21,74,-15.2,0,85,B,-,D-,0
KMF,Kayne Anderson NextGenEn,MISC,Finance-Publ Inv Fd-Eqt,67,NYSE,7.71,0.9,0.07,108,-29.5,0,84,B,-,B-,0
KYN,KayneAndrsn Energy Infra,MISC,Finance-Publ Inv Fd-Eqt,67,NYSE,8.7,0.4,0.04,672,-9.6,0,88,B,-,C+,0
LDP,Cohen & Steers Lt Prf/In,MISC,Finance-Publ Inv Fd-Eqt,67,NYSE,24.77,-0.3,-0.08,66,3.1,0,37,B,-,B-,0
MCN,Madison Cov Call/Eqt Str,MISC,Finance-Publ Inv Fd-Eqt,67,NYSE,7.95,0.8,0.06,49,-25.4,0,69,B,-,D+,0
MEGI,Ms Cbre Glb Infr Mgtrnds,MISC,Finance-Publ Inv Fd-Eqt,67,NYSE,19.98,-0.1,-0.03,107,-14.4,0,65,B,-,C+,0
MFD,Macquarie Fst Tr Glb Inf,MISC,Finance-Publ Inv Fd-Eqt,67,NYSE,10.01,0.2,0.02,10,-66,0,77,B,-,B,0
NBXG,Neuberger Berman NxtGnrt,MISC,Finance-Publ Inv Fd-Eqt,67,NYSE,15.6,-0.6,-0.09,117,-80.7,0,23,B,-,C+,0
NDP,Tortoise Energy Indep Fd,MISC,Finance-Publ Inv Fd-Eqt,67,NYSE,27.87,1,0.27,21,126.3,0,97,B,-,A-,0
NFJ,Virtus Div Int Prem Strt,MISC,Finance-Publ Inv Fd-Eqt,67,NYSE,14.79,0.3,0.04,279,26.5,0,60,B,-,C-,0
NML,NeubrgrBerman Mlp En Inc,MISC,Finance-Publ Inv Fd-Eqt,67,AMEX,5.71,1.2,0.07,178,3.1,0,93,B,-,C+,0
NPCT,Nuveen Core Plus Impact,MISC,Finance-Publ Inv Fd-Eqt,67,NYSE,16.64,-0.1,-0.01,25,-82.8,0,29,B,-,D,0
NPFD,Nuveen Var Rt Prf &IncFd,MISC,Finance-Publ Inv Fd-Eqt,67,NYSE,24.85,0,-0.01,45,-82.6,0,60,B,-,-,0
NRO,Neuberger Brm Rl Est Sec,MISC,Finance-Publ Inv Fd-Eqt,67,AMEX,4.94,0.9,0.05,48,-60.1,0,69,B,-,D+,0
NTG,Tortoise Midstrm Enrg Fd,MISC,Finance-Publ Inv Fd-Eqt,67,NYSE,35.22,0.6,0.21,47,71.1,0,94,B,-,B+,0
PDT,John Hancock Prem Div Fd,MISC,Finance-Publ Inv Fd-Eqt,67,NYSE,16.91,1.3,0.22,83,-1,0,75,B,-,E,0
PEO,Adams Natural Res Fund,MISC,Finance-Publ Inv Fd-Eqt,67,NYSE,19.47,0.6,0.11,53,-35.5,0,95,B,-,C+,0
PFD,Fla & Cru Pfd and Inc Fd,MISC,Finance-Publ Inv Fd-Eqt,67,NYSE,16.3,0.1,0.02,15,-50.4,0,39,B,-,C,0
PSF,Cohen & Steers Sl Pf Inc,MISC,Finance-Publ Inv Fd-Eqt,67,NYSE,24.85,0.2,0.06,39,8.3,0,27,B,-,E,0
QQQX,Nuveen Nasdaq 100 Dy Ovr,MISC,Finance-Publ Inv Fd-Eqt,67,NASDAQ,27.62,0.2,0.05,146,8.6,0,48,B,-,E,0
RCG,Renn Fund Inc,MISC,Finance-Publ Inv Fd-Eqt,67,AMEX,2.28,6.4,0.14,105,261.6,0,30,B,-,E,0
RFI,Cohen & Steers Total Ret,MISC,Finance-Publ Inv Fd-Eqt,67,NYSE,16.16,1.7,0.28,35,-24.9,0,60,B,-,E,0
RGT,Royce Global Value Trust,MISC,Finance-Publ Inv Fd-Eqt,67,NYSE,11.83,0.3,0.03,3,-75,0,39,B,-,D+,0
RIV,Rivernorth Opp Fund,MISC,Finance-Publ Inv Fd-Eqt,67,NYSE,16.25,0,0,98,-26,0,39,B,-,D,0
RMI,Rivernorth Opp Mun IncFd,MISC,Finance-Publ Inv Fd-Eqt,67,NYSE,20.55,1,0.2,18,0.9,0,44,B,-,E,0
RMM,Rivernorth Mngd Dur Mun,MISC,Finance-Publ Inv Fd-Eqt,67,NYSE,18.6,0.5,0.1,55,15.2,0,39,B,-,D-,0
RMT,Royce Micro-Cap Trust,MISC,Finance-Publ Inv Fd-Eqt,67,NYSE,10.59,-1.7,-0.18,135,-11.2,0,35,B,-,D+,0
RNP,Cohen & Steers Reit Pfd,MISC,Finance-Publ Inv Fd-Eqt,67,NYSE,26.9,1.8,0.48,116,28.4,0,72,B,-,D-,0
RQI,Cohen & Steers Qlty Rlty,MISC,Finance-Publ Inv Fd-Eqt,67,NYSE,16.85,1.6,0.26,265,-25.7,0,84,B,-,D-,0
RSF,Rivernorth Specialt Fin,MISC,Finance-Publ Inv Fd-Eqt,67,NYSE,19.37,-0.1,-0.03,6,-61.3,0,75,B,-,D-,0
RVT,Royce Value Trust Inc,MISC,Finance-Publ Inv Fd-Eqt,67,NYSE,17.93,-0.2,-0.03,179,-43.3,0,69,B,-,D-,0
SMM,Salient Midstream & Mlp,MISC,Finance-Publ Inv Fd-Eqt,67,NYSE,7.32,0.1,0.01,90,7,0,95,B,-,A-,0
SPXX,Nuveen S&P 500 Dy Over,MISC,Finance-Publ Inv Fd-Eqt,67,NYSE,17.71,0.6,0.11,30,-44.9,0,72,B,-,D-,0
SRV,Cushing Mlp & Infra Tot,MISC,Finance-Publ Inv Fd-Eqt,67,NYSE,33.47,-1.5,-0.51,2,-76.4,0,92,B,-,A,0
STK,Columbia Sel Prm Tech Gr,MISC,Finance-Publ Inv Fd-Eqt,67,NYSE,33.51,-0.5,-0.16,66,48,0,65,B,-,E,0
SVVC,Firsthand Tech Value Fd,MISC,Finance-Publ Inv Fd-Eqt,67,NASDAQ,4.03,3.6,0.14,9,-58.1,0,21,B,-,E,0
SZC,Cushing Nextgen InfraInc,MISC,Finance-Publ Inv Fd-Eqt,67,NYSE,42.61,0.2,0.07,12,-31.3,0,44,B,-,E,0
TEAF,Ecofin Sust and Scl Imp,MISC,Finance-Publ Inv Fd-Eqt,67,NYSE,15,-0.9,-0.13,37,-12.2,0,79,B,-,C+,0
THQ,Tekla Healthcare Opp Fd,MISC,Finance-Publ Inv Fd-Eqt,67,NYSE,23.17,1.3,0.29,61,-18.9,0,52,B,-,E,0
THW,Tekla World Healthcare,MISC,Finance-Publ Inv Fd-Eqt,67,NYSE,15.13,1.2,0.18,99,-16.4,0,33,B,-,E,0
TPZ,Tortoise Pwr & Enrgy Fd,MISC,Finance-Publ Inv Fd-Eqt,67,NYSE,14.58,-1.1,-0.16,12,-35.1,0,91,B,-,B-,0
TTP,Tortoise Pipe & Enrg Fd,MISC,Finance-Publ Inv Fd-Eqt,67,NYSE,26.65,0,0,25,219.2,0,93,B,-,B+,0
TY,Tri-Continental Corp,MISC,Finance-Publ Inv Fd-Eqt,67,NYSE,31.95,1.1,0.34,42,-35.7,0,79,B,-,E,0
TYG,Tortoise Energy Infrastr,MISC,Finance-Publ Inv Fd-Eqt,67,NYSE,31.44,0.8,0.24,75,-3.4,0,91,B,-,A,0
USA,Liberty All Star Equity,MISC,Finance-Publ Inv Fd-Eqt,67,NYSE,7.84,0.3,0.02,714,-44.1,0,52,B,-,E,0
UTF,Cohen & Steers Infrastrc,MISC,Finance-Publ Inv Fd-Eqt,67,NYSE,27.6,1.2,0.33,165,-3.3,0,52,B,-,D,0
UTG,Reaves Utility Income Fd,MISC,Finance-Publ Inv Fd-Eqt,67,AMEX,33.54,0.7,0.22,262,16,0,52,B,-,E,0
VCIF,Vertical Capital Incm Fd,MISC,Finance-Publ Inv Fd-Eqt,67,NYSE,10.23,0.4,0.04,14,-28.8,0,55,B,-,B-,0
AEF,Aberdeen Emg Mkts Eq Inc,MISC,Finance-Publ Inv Fd-Glbl,124,AMEX,7.71,-2.5,-0.2,74,57.1,0,37,C,-,B,0
AGD,Aberdeen Glbl Dyn Div Fd,MISC,Finance-Publ Inv Fd-Glbl,124,NYSE,11.71,0.4,0.05,46,16.4,0,65,C,-,B,0
AOD,Aberdeen Total Dyn Dv Fd,MISC,Finance-Publ Inv Fd-Glbl,124,NYSE,10.02,0.5,0.05,197,-41.7,0,69,C,-,D-,0
ASA,Asa Gold & Precious Mtls,MISC,Finance-Publ Inv Fd-Glbl,124,NYSE,20.66,0.5,0.11,30,-54.1,0,52,C,-,C-,0
AWF,Alliancebrnstn Gl Hi Inc,MISC,Finance-Publ Inv Fd-Glbl,124,NYSE,11.51,0.3,0.04,176,-5,0,42,C,-,E,0
AWP,Aberdeen GlblPremierPpty,MISC,Finance-Publ Inv Fd-Glbl,124,NYSE,6.28,0.5,0.03,219,-37.9,0,65,C,-,E,0
BGH,Barings Glb Sh Dur Hi Yi,MISC,Finance-Publ Inv Fd-Glbl,124,NYSE,16.41,0,0,62,-9.2,0,60,C,-,D-,0
BGT,Blackrock Fltg Rt Inc Tr,MISC,Finance-Publ Inv Fd-Glbl,124,NYSE,13.46,-0.7,-0.1,99,10.4,0,77,C,-,E,0
BGY,Blackrock Enh Intl Dv Tr,MISC,Finance-Publ Inv Fd-Glbl,124,NYSE,6.22,0.8,0.05,205,-21.2,0,60,C,-,B-,0
BOE,Blackrock Enh Glb Dv Tr,MISC,Finance-Publ Inv Fd-Glbl,124,NYSE,11.98,0.7,0.09,107,-30.9,0,65,C,-,E,0
BWG,BrandywineGlbl GlbIncOpp,MISC,Finance-Publ Inv Fd-Glbl,124,NYSE,11.54,0.3,0.03,31,-45.8,0,39,C,-,C-,0
CAF,Morgan St China A Share,MISC,Finance-Publ Inv Fd-Glbl,124,NYSE,18.91,0.1,0.01,5,-77,0,42,C,-,D-,0
CEE,Central & Eastern Europe,MISC,Finance-Publ Inv Fd-Glbl,124,NYSE,24.11,0.1,0.04,5,-23,0,31,C,-,C-,0
CEF,Sprott Physical Gld Slvr,MISC,Finance-Publ Inv Fd-Glbl,124,ARCA,17.42,-0.2,-0.04,801,44.8,0,44,C,-,C+,0
CGO,Calamos Glbl Totl Return,MISC,Finance-Publ Inv Fd-Glbl,124,NASDAQ,14.25,1.8,0.25,19,-12.8,0,31,C,-,D-,0
CHN,China Fund The,MISC,Finance-Publ Inv Fd-Glbl,124,NYSE,17.82,-0.6,-0.11,26,-26.5,0,31,C,-,B,0
CHW,Calamos Glb Dyn Inc Fund,MISC,Finance-Publ Inv Fd-Glbl,124,NASDAQ,9.45,0.3,0.03,147,3.6,0,33,C,-,E,0
CUBA,Herzfeld Caribbean Basin,MISC,Finance-Publ Inv Fd-Glbl,124,NASDAQ,5.46,0.2,0.01,16,-32.4,0,60,C,-,B-,0
DBL,Doubleline Oppt Credit,MISC,Finance-Publ Inv Fd-Glbl,124,NYSE,18.09,-0.1,-0.01,48,-6.6,0,37,C,-,D,0
DEX,Delaware Enh Glb Div&Inc,MISC,Finance-Publ Inv Fd-Glbl,124,NYSE,9.82,0.6,0.06,19,-21.2,0,52,C,-,D+,0
DLY,Doubleline Yield Oppr Fd,MISC,Finance-Publ Inv Fd-Glbl,124,NYSE,18.21,-0.3,-0.05,113,-50.1,0,39,C,-,C-,0
DPG,Duff & Phelps Utility,MISC,Finance-Publ Inv Fd-Glbl,124,NYSE,14.64,1.4,0.2,80,-8.3,0,75,C,-,C,0
EDD,Morg St Emg Mkt Dom Debt,MISC,Finance-Publ Inv Fd-Glbl,124,NYSE,5.52,0.9,0.05,152,-25.8,0,35,C,-,D,0
EDF,Stone Hrbr Emrg Mkts Inc,MISC,Finance-Publ Inv Fd-Glbl,124,NYSE,6.61,1,0.07,76,-22.5,0,26,C,-,E,0
EEA,European Equity Fund Inc,MISC,Finance-Publ Inv Fd-Glbl,124,NYSE,9.91,1.1,0.11,21,7.2,0,65,C,-,B-,0
EMD,Western Asset Emg Mkt Db,MISC,Finance-Publ Inv Fd-Glbl,124,NYSE,11.98,0.2,0.02,323,29.7,0,30,C,-,E,0
EMF,Templeton Emerging Mkts,MISC,Finance-Publ Inv Fd-Glbl,124,NYSE,15.91,-0.9,-0.14,30,-20,0,39,C,-,D-,0
EOD,Allspring Global Div Opp,MISC,Finance-Publ Inv Fd-Glbl,124,NYSE,5.53,0,0,260,45.7,0,60,C,-,E,0
ETO,Eaton V Tx-Ad Glb Div Op,MISC,Finance-Publ Inv Fd-Glbl,124,NYSE,30.85,0.8,0.24,25,-29,0,75,C,-,E,0
ETW,Eaton Vance Tax-Mngd Glb,MISC,Finance-Publ Inv Fd-Glbl,124,NYSE,10.69,1.2,0.13,165,-22.9,0,60,C,-,E,0
EVG,Eaton Vance Sh Dur Divrs,MISC,Finance-Publ Inv Fd-Glbl,124,NYSE,12.81,0.3,0.03,31,-47.9,0,44,C,-,D+,0
EXG,Eaton V Tx-Mgd Gl Div Eq,MISC,Finance-Publ Inv Fd-Glbl,124,NYSE,10.2,1.5,0.15,495,-21.8,0,69,C,-,C-,0
FAM,First Tr/Abrdn Glb Op In,MISC,Finance-Publ Inv Fd-Glbl,124,NYSE,9.38,0.8,0.08,32,-20,0,37,C,-,E,0
FAX,Aberdeen Asia Pac Inc Fd,MISC,Finance-Publ Inv Fd-Glbl,124,AMEX,3.73,0.3,0.01,593,-44.3,0,29,C,-,E,0
FCO,Aberdeen Global Inc Fd,MISC,Finance-Publ Inv Fd-Glbl,124,AMEX,7.24,-0.1,-0.01,41,-12.5,0,28,C,-,E,0
FEO,First Tr/Abrdn Emg Op Fd,MISC,Finance-Publ Inv Fd-Glbl,124,NYSE,13.3,-1.6,-0.21,16,23,0,52,C,-,C,0
FGB,First Tr Spclt Fn/Fn Opp,MISC,Finance-Publ Inv Fd-Glbl,124,NYSE,4.11,1.4,0.06,138,100.5,0,69,C,-,C-,0
FUND,Sprott Focus Trust Inc,MISC,Finance-Publ Inv Fd-Glbl,124,NASDAQ,8.3,0.5,0.05,46,-1.6,0,77,C,-,C,0
GDO,Western Asset Glb Df Opp,MISC,Finance-Publ Inv Fd-Glbl,124,NYSE,16.88,-0.1,-0.02,15,-56.4,0,39,C,-,D-,0
GF,New Germany Fund,MISC,Finance-Publ Inv Fd-Glbl,124,NYSE,13.47,0.6,0.08,26,-15.8,0,32,C,-,D,0
GGT,Gabelli Multimedia Tr,MISC,Finance-Publ Inv Fd-Glbl,124,NYSE,8.25,-0.7,-0.06,66,-0.3,0,32,C,-,D,0
GIM,Templeton Global Incm Fd,MISC,Finance-Publ Inv Fd-Glbl,124,NYSE,5.22,0.8,0.04,111,-67.2,0,42,C,-,E,0
HTY,John Hancock Tax-Adv Glb,MISC,Finance-Publ Inv Fd-Glbl,124,NYSE,6.45,1.1,0.07,49,-10.9,0,69,C,-,E,0
IAE,Voya Asia Pac Hi Div Eq,MISC,Finance-Publ Inv Fd-Glbl,124,NYSE,8.13,-0.9,-0.07,34,-41.2,0,37,C,-,C+,0
IAF,Aberdeen Aust Equity Fd,MISC,Finance-Publ Inv Fd-Glbl,124,AMEX,5.6,0.5,0.03,62,-19.2,0,37,C,-,E,0
IFN,India Fund Inc,MISC,Finance-Publ Inv Fd-Glbl,124,NYSE,20.61,1,0.2,131,9.6,0,42,C,-,E,0
IGD,Voya Glb Eq Div and Prem,MISC,Finance-Publ Inv Fd-Glbl,124,NYSE,6.18,-0.5,-0.03,167,-45.4,0,83,C,-,C+,0
IIF,Morg St India Invt Fund,MISC,Finance-Publ Inv Fd-Glbl,124,NYSE,27,1.1,0.29,6,-73.7,0,81,C,-,D+,0
IRL,New Ireland Fund Inc,MISC,Finance-Publ Inv Fd-Glbl,124,NYSE,10.96,2.3,0.25,0,-95.1,0,81,C,-,B-,0
ISD,Pgim Short Dur Hy Fund,MISC,Finance-Publ Inv Fd-Glbl,124,NYSE,15.6,-0.2,-0.03,73,-17.2,0,52,C,-,D,0
JEQ,Aberdeen Japan Equity Fd,MISC,Finance-Publ Inv Fd-Glbl,124,NYSE,7.77,-0.4,-0.03,35,-4.1,0,44,C,-,B+,0
JOF,Japan Smaller Cap Fund,MISC,Finance-Publ Inv Fd-Glbl,124,NYSE,7.79,2.2,0.17,74,-7.6,0,37,C,-,E,0
KF,Korea Fund Inc,MISC,Finance-Publ Inv Fd-Glbl,124,NYSE,32,0.5,0.15,1,-85.3,0,42,C,-,B-,0
MGU,Macquarie Glbl Infra Tot,MISC,Finance-Publ Inv Fd-Glbl,124,NYSE,24.03,0.6,0.14,43,100.5,0,77,C,-,D+,0
MIO,Pioneer Mun Hi Inc OppFd,MISC,Finance-Publ Inv Fd-Glbl,124,NYSE,17,-1.4,-0.24,23,-74.3,0,31,C,-,C+,0
MSD,Morg St Emer Mkt Debt Fd,MISC,Finance-Publ Inv Fd-Glbl,124,NYSE,8.74,-0.7,-0.06,7,-82.4,0,44,C,-,C,0
MXE,Mexico Equity&Income Fd,MISC,Finance-Publ Inv Fd-Glbl,124,NYSE,8.86,0.8,0.07,6,-59.8,0,33,C,-,D,0
MXF,Mexico Fund,MISC,Finance-Publ Inv Fd-Glbl,124,NYSE,15.04,-0.4,-0.06,12,-14.8,0,75,C,-,D,0
NRGX,PIMCO Enrgy & Tac Cr Opp,MISC,Finance-Publ Inv Fd-Glbl,124,NYSE,14.24,0.8,0.12,129,-18.2,0,95,C,-,B,0
PAXS,P I M C O Access Inc Fd,MISC,Finance-Publ Inv Fd-Glbl,124,NYSE,20.01,0.1,0.01,184,-88.8,0,1,C,-,-,0
PDI,Pimco Dynamic Income Fd,MISC,Finance-Publ Inv Fd-Glbl,124,NYSE,25.46,0.4,0.1,791,-18.7,0,37,C,-,D+,0
PDO,PIMCO Dynamic Inc Opp Fd,MISC,Finance-Publ Inv Fd-Glbl,124,NYSE,18.85,0.8,0.15,353,-20.4,0,33,C,-,C+,0
PGP,Pimco Glob Stkspls & Inc,MISC,Finance-Publ Inv Fd-Glbl,124,NYSE,10.44,0.6,0.07,41,-11.3,0,42,C,-,E,0
SWZ,Swiss Helvetia Fund Inc,MISC,Finance-Publ Inv Fd-Glbl,124,NYSE,9.4,0.2,0.02,7,-61.8,0,60,C,-,E,0
TBLD,Thornburg IncBlder OppTr,MISC,Finance-Publ Inv Fd-Glbl,124,NASDAQ,18.71,0.1,0.02,101,-36.5,0,39,C,-,C+,0
TDF,Templeton Dragon Fund,MISC,Finance-Publ Inv Fd-Glbl,124,NYSE,16.15,-0.2,-0.03,142,76.7,0,27,C,-,C,0
TEI,Templeton Emrg Mkts Incm,MISC,Finance-Publ Inv Fd-Glbl,124,NYSE,7.45,1.9,0.14,258,37,0,44,C,-,B,0
TWN,Taiwan Fund,MISC,Finance-Publ Inv Fd-Glbl,124,NYSE,34.15,1.3,0.45,8,-25.8,0,86,C,-,E,0
VGI,Virtus Glb Mult Sect Inc,MISC,Finance-Publ Inv Fd-Glbl,124,NYSE,10.71,0.6,0.06,26,-42.9,0,32,C,-,E,0
AIN,Albany Intl Corp Cl A,MISC,Paper & Paper Products,54,NYSE,85.53,0.7,0.56,90,7.9,66,77,B+,C,B+,81
CLW,Clearwater Paper Corp,MISC,Paper & Paper Products,54,NYSE,31.37,-1.9,-0.62,62,1,14,31,B+,D,E,28
GLT,Glatfelter Corporation,MISC,Paper & Paper Products,54,NYSE,17.53,-0.7,-0.12,65,-27.6,46,85,B+,C,D-,73
GPK,Graphic Packaging Hldg,MISC,Paper & Paper Products,54,NYSE,18.88,-0.5,-0.1,1284,-21.6,79,69,B+,B,C-,79
IP,International Paper Co,MISC,Paper & Paper Products,54,NYSE,47.78,-0.6,-0.27,1912,-27.9,70,42,B+,B,B-,76
ITP,IT Tech Packaging,MISC,Paper & Paper Products,54,AMEX,0.2,0.8,0,471,-65,59,4,B+,C,C-,36
MERC,Mercer International Inc,MISC,Paper & Paper Products,54,NASDAQ,12.75,2.2,0.28,265,95.5,74,79,B+,C,B,84
NP,Neenah Inc,MISC,Paper & Paper Products,54,NYSE,46.46,-0.3,-0.14,31,-9.8,50,30,B+,B,D+,57
PKG,Packaging Cp Of America,MISC,Paper & Paper Products,54,NYSE,147.46,-1.3,-2,395,-24.8,86,84,B+,A,B+,96
RFP,Resolute Forest Products,MISC,Paper & Paper Products,54,NYSE,14.23,0.5,0.08,373,-5.7,59,95,B+,B,B-,92
SUZ,Suzano S A Adr,MISC,Paper & Paper Products,54,NYSE,11.33,0.2,0.03,595,-14.7,50,87,B+,D,B+,80
SWM,Schweitzer Mauduit Intl,MISC,Paper & Paper Products,54,NYSE,29.6,-1,-0.31,141,21.4,49,21,B+,B,C-,46
VRS,Verso Corporation Cl A,MISC,Paper & Paper Products,54,NYSE,26.64,-0.1,-0.03,314,-19.4,69,98,B+,E,C-,82
VRTV,Veritiv Corporation,MISC,Paper & Paper Products,54,NYSE,92.05,-2.4,-2.25,48,-30.8,69,99,B+,D,C,84
WRK,Westrock Company,MISC,Paper & Paper Products,54,NYSE,45.83,-1.1,-0.49,1772,23.5,80,48,B+,C,B,73
ACCO,A C C O Brands Corp,OFFICE,Office Supplies Mfg,147,NYSE,8.03,-1.6,-0.13,237,-24.8,80,44,D+,C,B,72
ACU,Acme United Corp,OFFICE,Office Supplies Mfg,147,AMEX,34.3,1.3,0.45,5,-47.5,83,33,D+,B,D,57
AVY,Avery Dennison Corp,OFFICE,Office Supplies Mfg,147,NYSE,199.53,-3.3,-6.84,722,190.9,90,75,D+,A,C,86
BRC,Brady Corporation Cl A,OFFICE,Office Supplies Mfg,147,NYSE,51.05,-0.7,-0.38,129,25.6,64,55,D+,B,D-,65
DLX,Deluxe Corp,OFFICE,Office Supplies Mfg,147,NYSE,30.42,0.5,0.16,195,76.6,46,22,D+,B,C,38
EBF,Ennis Inc,OFFICE,Office Supplies Mfg,147,NYSE,18.66,-1.4,-0.27,71,33.7,49,52,D+,C,D,54
ABR,Arbor Realty Trust Inc,REAL EST,Finance-Mortgage REIT,127,NYSE,17.36,-1.2,-0.21,1423,13.3,60,60,C-,A,E,65
ACR,Acres Commercial Realty,REAL EST,Finance-Mortgage REIT,127,NYSE,12.24,0.9,0.11,16,-61.4,38,24,C-,E,E,23
ACRE,Ares Coml Real Estate,REAL EST,Finance-Mortgage REIT,127,NYSE,14.62,0.5,0.08,361,-7.7,81,72,C-,C,D-,70
AGNC,Agnc Investment Corp,REAL EST,Finance-Mortgage REIT,127,NASDAQ,14.46,-1.5,-0.22,7972,30.8,8,33,C-,E,E,27
AOMR,Angel Oak Mortgage Inc,REAL EST,Finance-Mortgage REIT,127,NYSE,16.83,-1.2,-0.2,17,-70.1,42,42,C-,B,C+,66
ARI,Apollo Comm Real Estate,REAL EST,Finance-Mortgage REIT,127,NYSE,13.44,-1.3,-0.18,638,-16.2,48,44,C-,D,D,48
ARR,Armour Residential Reit,REAL EST,Finance-Mortgage REIT,127,NYSE,9.21,-1.2,-0.11,1615,-4.5,11,27,C-,D,D-,23
BRDG,Bridge Inv Grp Hldg Cl A,REAL EST,Finance-Mortgage REIT,127,NYSE,22.37,2.9,0.63,71,-48.4,67,96,C-,A,B,91
BRSP,BrightSpire Capital Inc,REAL EST,Finance-Mortgage REIT,127,NYSE,9.27,-1,-0.09,411,-5.5,39,72,C-,E,C,53
BXMT,Blackstone Mortgage Trst,REAL EST,Finance-Mortgage REIT,127,NYSE,31.19,-0.4,-0.14,1439,17.5,46,65,C-,C,D,55
CHMI,Cherry Hill Mort Inv Cp,REAL EST,Finance-Mortgage REIT,127,NYSE,8.14,0.9,0.07,88,-53.8,28,30,C-,C,E,27
CIM,Chimera Investment Corp,REAL EST,Finance-Mortgage REIT,127,NYSE,14.06,-1.6,-0.24,1815,20.6,70,81,C-,A,D-,70
CMTG,Claros Mortgage Trust,REAL EST,Finance-Mortgage REIT,127,NYSE,17.47,0.3,0.05,19,-62.5,82,72,C-,C,B,75
DBRG,Digitalbridge Group Inc,REAL EST,Finance-Mortgage REIT,127,NYSE,7.41,1,0.08,4311,37.9,44,90,C-,D,C,71
DX,Dynex Capital Inc,REAL EST,Finance-Mortgage REIT,127,NYSE,15.96,-0.2,-0.03,447,-28.9,55,32,C-,C,E,36
EARN,Ellington Rsdn Mtge Reit,REAL EST,Finance-Mortgage REIT,127,NYSE,10.43,-0.2,-0.03,84,-52.4,8,31,C-,B,E,27
GPMT,Granite Point Mort Trust,REAL EST,Finance-Mortgage REIT,127,NYSE,11.71,-1.4,-0.17,154,-35.3,59,44,C-,A,B-,56
HASI,Hannon Armstrong Sus Inf,REAL EST,Finance-Mortgage REIT,127,NYSE,40.41,-1.9,-0.78,739,62.4,82,18,C-,A,D+,49
IVR,Invesco Mortgage Capital,REAL EST,Finance-Mortgage REIT,127,NYSE,2.63,-2.1,-0.06,2969,-32.4,67,22,C-,D,D-,32
LADR,Ladder Capital Corp Cl A,REAL EST,Finance-Mortgage REIT,127,NYSE,11.75,-1.1,-0.13,248,-46.9,52,79,C-,E,C-,61
LFT,Lument Finance Trust Inc,REAL EST,Finance-Mortgage REIT,127,NYSE,3.15,-0.3,-0.01,120,25.4,15,27,C-,C,E,26
LOAN,Manhattan Bridge Capital,REAL EST,Finance-Mortgage REIT,127,NASDAQ,5.54,0,0,21,-37.7,49,35,C-,C,E,30
MFA,M F A Financial Inc,REAL EST,Finance-Mortgage REIT,127,NYSE,4.51,-0.7,-0.03,3327,28.2,41,77,C-,D,C+,66
MITT,A G Mortgage Invstmnt Tr,REAL EST,Finance-Mortgage REIT,127,NYSE,10.22,-0.4,-0.04,133,-52,65,37,C-,B,D,51
NLY,Annaly Capital Mgmt Inc,REAL EST,Finance-Mortgage REIT,127,NYSE,7.76,-1.7,-0.14,19865,9.2,32,37,C-,C,C-,40
NREF,Nexpoint Real Estate Fin,REAL EST,Finance-Mortgage REIT,127,NYSE,20.25,-0.7,-0.15,16,-65.3,65,77,C-,A,D,83
NRZ,New Residential Invest,REAL EST,Finance-Mortgage REIT,127,NYSE,10.55,-0.4,-0.05,4189,0.2,52,65,C-,A,D,68
NYMT,New York Mortgage Trust,REAL EST,Finance-Mortgage REIT,127,NASDAQ,3.69,-1.2,-0.05,3102,34.7,13,30,C-,D,C-,31
ORC,Orchid Island Capital,REAL EST,Finance-Mortgage REIT,127,NYSE,3.94,-1.3,-0.05,2486,-41.4,11,22,C-,E,E,26
PMT,Pennymac Mortgage Inv Tr,REAL EST,Finance-Mortgage REIT,127,NYSE,17.39,-1.3,-0.24,614,-18.8,8,33,C-,D,E,32
RC,Ready Capital Corp,REAL EST,Finance-Mortgage REIT,127,NYSE,14.44,-0.6,-0.09,1057,39.3,56,69,C-,A,D-,68
REFI,Chicago Atl Rl Est Fin,REAL EST,Finance-Mortgage REIT,127,NASDAQ,19.35,1.8,0.35,30,-70.3,8,94,C-,-,-,53
RHE,Regional Health Pptys,REAL EST,Finance-Mortgage REIT,127,AMEX,3.21,-3.3,-0.11,134,51.8,24,6,C-,D,D-,16
SACH,Sachem Capital Corp,REAL EST,Finance-Mortgage REIT,127,AMEX,5.46,-0.6,-0.03,248,-26.5,72,83,C-,A,B-,87
SEVN,Seven Hills Realty Trust,REAL EST,Finance-Mortgage REIT,127,NASDAQ,11.11,-0.1,-0.01,29,-31.5,41,55,C-,B,C-,67
STAR,Istar Inc,REAL EST,Finance-Mortgage REIT,127,NYSE,24.81,12.3,2.72,2366,647,67,75,C-,B,E,77
STWD,Starwood Property Trust,REAL EST,Finance-Mortgage REIT,127,NYSE,24.75,-0.6,-0.16,1224,-45,57,75,C-,B,E,66
TWO,Two Harbors Investment,REAL EST,Finance-Mortgage REIT,127,NYSE,5.64,-1.1,-0.06,2627,-25.4,45,29,C-,D,D-,26
WMC,Western Asset Mtg Cap,REAL EST,Finance-Mortgage REIT,127,NYSE,2.11,-0.9,-0.02,151,-51.3,21,21,C-,E,D-,13
AAT,American Assets Trust,REAL EST,Finance-Property REIT,48,NYSE,35.8,-0.1,-0.04,89,-35,62,75,A-,D,C,73
ACC,Amer Campus Communities,REAL EST,Finance-Property REIT,48,NYSE,52.58,0.6,0.32,400,-18.3,35,83,A-,D,D+,66
ADC,Agree Realty Corp,REAL EST,Finance-Property REIT,48,NYSE,64.6,-0.1,-0.06,300,-19.1,57,37,A-,A,D+,66
AFIN,American Finance Tr,REAL EST,Finance-Property REIT,48,NASDAQ,8.25,0.9,0.07,808,12.1,38,52,A-,D,C-,60
AHH,Armada Hoffler Ppty Inc,REAL EST,Finance-Property REIT,48,NYSE,13.91,0.1,0.02,220,-26.4,22,79,A-,D,C-,56
AHT,Ashford Hospitality Tr,REAL EST,Finance-Property REIT,48,NYSE,7.59,-5.7,-0.46,1137,-19.8,53,6,A-,D,E,28
AIV,Apartment Invt & Mgmt Co,REAL EST,Finance-Property REIT,48,NYSE,6.96,2.4,0.17,1690,59.5,8,75,A-,D,D,57
AJX,Great Ajax Corp,REAL EST,Finance-Property REIT,48,NYSE,12.69,-1.5,-0.19,31,-30.7,72,77,A-,C,E,73
AKR,Acadia Realty Trust,REAL EST,Finance-Property REIT,48,NYSE,19.64,0.3,0.07,235,-16.3,40,60,A-,D,E,58
ALX,Alexanders Inc,REAL EST,Finance-Property REIT,48,NYSE,264.8,0.7,1.8,7,-15.9,74,44,A-,B,C,75
AMH,American Homes 4 Rt Cl A,REAL EST,Finance-Property REIT,48,NYSE,39.54,1.4,0.55,1389,-0.8,94,75,A-,C,E,79
AMT,American Tower Corp,REAL EST,Finance-Property REIT,48,NYSE,252.64,0.9,2.36,774,-38.1,96,42,A-,A,D,86
APLE,Apple Hospitality Reit,REAL EST,Finance-Property REIT,48,NYSE,16.16,-0.2,-0.03,1318,-3.6,69,84,A-,D,A-,95
APTS,Prefd Apt Communities,REAL EST,Finance-Property REIT,48,NYSE,17.59,2.1,0.37,245,-47.1,24,99,A-,E,B+,67
ARE,Alexandria R E Equities,REAL EST,Finance-Property REIT,48,NYSE,197.05,0.9,1.77,550,-9,61,72,A-,B,C-,79
AVB,Avalonbay Communities,REAL EST,Finance-Property REIT,48,NYSE,251.96,3.1,7.48,664,42.5,52,92,A-,C,D+,72
BDN,Brandywine Realty Trust,REAL EST,Finance-Property REIT,48,NYSE,13.22,1.2,0.16,2475,109.6,48,69,A-,C,B-,66
BFS,Saul Centers Inc,REAL EST,Finance-Property REIT,48,NYSE,48.61,-0.4,-0.2,14,-24.3,78,91,A-,B,B-,86
BHR,Braemar Hotels & Resorts,REAL EST,Finance-Property REIT,48,NYSE,5.3,-1.5,-0.08,192,-52.3,49,48,A-,D,B+,68
BNL,Broadstone Net Lease Inc,REAL EST,Finance-Property REIT,48,NYSE,22.8,-0.3,-0.07,515,30.6,89,60,A-,C,D-,81
BRG,Bluerock Rs Gr Reit Cl A,REAL EST,Finance-Property REIT,48,AMEX,26.65,0.1,0.03,175,-68.4,39,99,A-,B,B,83
BRT,B R T Apartments Corp,REAL EST,Finance-Property REIT,48,NYSE,21.64,-0.6,-0.12,21,-56.6,69,94,A-,E,B+,82
BRX,Brixmor Property Group,REAL EST,Finance-Property REIT,48,NYSE,25.47,1.3,0.34,1339,-25.1,69,90,A-,C,A,90
BXP,Boston Properties Inc,REAL EST,Finance-Property REIT,48,NYSE,115.71,0.2,0.23,557,-1.7,72,83,A-,C,C,82
CBL,C B L & Assoc Pptys Inc,REAL EST,Finance-Property REIT,48,NYSE,29.24,-0.2,-0.07,29,-66.1,43,55,A-,E,B-,54
CCI,Crown Castle Intl,REAL EST,Finance-Property REIT,48,NYSE,184.07,1.9,3.37,801,-24.2,82,65,A-,B,C-,83
CDR,Cedar Realty Trust Inc,REAL EST,Finance-Property REIT,48,NYSE,23.7,1.8,0.43,38,-26.4,21,97,A-,E,D-,58
CHCT,Community Healthcare Tr,REAL EST,Finance-Property REIT,48,NYSE,44.24,-0.3,-0.12,38,-24.2,76,37,A-,B,B,78
CIO,City Office REIT Inc,REAL EST,Finance-Property REIT,48,NYSE,17.54,-1,-0.18,160,-36.3,30,96,A-,D,B,74
CLDT,Chatham Lodging Trust,REAL EST,Finance-Property REIT,48,NYSE,13.37,1.3,0.17,385,83.6,49,81,A-,D,B-,76
CLPR,Clipper Realty Inc,REAL EST,Finance-Property REIT,48,NYSE,9.25,2.3,0.21,57,5.9,18,86,A-,E,C+,58
CMCT,C I M Commerical Trust,REAL EST,Finance-Property REIT,48,NASDAQ,7.83,1.9,0.15,7,-74.1,45,24,A-,E,D+,39
COLD,Americold Realty Trust,REAL EST,Finance-Property REIT,48,NYSE,28.14,0.2,0.07,1457,5.1,10,25,A-,C,D,36
CONE,CyrusOne Inc,REAL EST,Finance-Property REIT,48,NASDAQ,90.01,0,0,1699,-33.8,39,91,A-,C,C-,76
CORR,CorEnergy Infrastructure,REAL EST,Finance-Property REIT,48,NYSE,3.84,3.2,0.12,148,15.5,69,15,A-,D,D+,46
CPLG,Corepoint Lodging Inc,REAL EST,Finance-Property REIT,48,NYSE,15.72,0.1,0.02,1368,37.5,69,96,A-,E,C,83
CPT,Camden Property Tr Sbi,REAL EST,Finance-Property REIT,48,NYSE,163.85,2.7,4.35,575,26.5,43,92,A-,C,C-,73
CRESY,Cresud Sacif Adr,REAL EST,Finance-Property REIT,48,NASDAQ,5.06,-0.6,-0.03,27,-71.5,9,39,A-,D,E,34
CSR,Centerspace,REAL EST,Finance-Property REIT,48,NYSE,93.68,0.4,0.39,35,-10.5,30,87,A-,D,B-,70
CTRE,Caretrust Reit,REAL EST,Finance-Property REIT,48,NASDAQ,20.77,-0.4,-0.09,713,25.3,60,42,A-,B,C,68
CTT,Catchmark Timber Tr,REAL EST,Finance-Property REIT,48,NYSE,8.1,-0.8,-0.07,90,-65.2,59,27,A-,E,D-,41
CUBE,Cubesmart,REAL EST,Finance-Property REIT,48,NYSE,51.98,2.8,1.42,1384,-4.9,90,85,A-,B,D+,95
CUZ,Cousins Properties Inc,REAL EST,Finance-Property REIT,48,NYSE,38.63,0,-0.01,565,10.2,66,77,A-,C,C-,71
CXW,Corecivic Inc,REAL EST,Finance-Property REIT,48,NYSE,10.23,-0.6,-0.07,395,-16.8,39,93,A-,D,B+,71
DEA,Easterly Govt Properties,REAL EST,Finance-Property REIT,48,NYSE,20.96,0.2,0.05,465,-1.4,92,48,A-,C,C+,78
DEI,Douglas Emmett Inc,REAL EST,Finance-Property REIT,48,NYSE,32.22,1.2,0.37,1347,124.7,63,69,A-,D,C,68
DHC,Diversified Hlthcr Tr,REAL EST,Finance-Property REIT,48,NASDAQ,3.24,0.8,0.03,721,-34.7,25,24,A-,E,A-,35
DLR,Digital Realty Trust Inc,REAL EST,Finance-Property REIT,48,NYSE,149.58,1.2,1.84,1147,27.1,82,48,A-,C,D+,74
DOC,Physicians Realty Trust,REAL EST,Finance-Property REIT,48,NYSE,17.89,0.1,0.03,1274,-0.3,77,44,A-,C,D+,66
DOUG,Douglas Elliman Inc,REAL EST,Finance-Property REIT,48,NYSE,7.53,-2.1,-0.16,304,-66.9,70,15,A-,C,-,56
DRE,Duke Realty Corp,REAL EST,Finance-Property REIT,48,NYSE,58.94,3,1.73,1377,54.5,68,91,A-,A,E,80
DRH,Diamondrock Hospitality,REAL EST,Finance-Property REIT,48,NYSE,9.24,-2.2,-0.21,1583,4.3,51,72,A-,D,B-,74
EGP,Eastgroup Properties,REAL EST,Finance-Property REIT,48,NYSE,201.36,2.3,4.62,171,24.6,73,90,A-,B,D+,83
ELS,Equity Lifestyle Pptys,REAL EST,Finance-Property REIT,48,NYSE,79.07,1.1,0.84,322,-27.5,68,72,A-,A,E,78
EPR,E P R Properties,REAL EST,Finance-Property REIT,48,NYSE,44.46,-1.9,-0.85,608,44.8,69,44,A-,D,C,72
EPRT,Essential Prop Realty Tr,REAL EST,Finance-Property REIT,48,NYSE,26.42,0.1,0.04,355,-13,98,52,A-,B,E,79
EQC,Equity Commonwealth,REAL EST,Finance-Property REIT,48,NYSE,26,0,0.01,545,-27.1,4,48,A-,C,D+,45
EQIX,Equinix Inc,REAL EST,Finance-Property REIT,48,NASDAQ,718.74,0.5,3.45,215,-26.8,83,33,A-,C,C-,66
EQR,Equity Residential,REAL EST,Finance-Property REIT,48,NYSE,91.98,4.4,3.88,2676,165.1,63,90,A-,C,D+,76
ESRT,Empire State Rlt Tr Cl A,REAL EST,Finance-Property REIT,48,NYSE,9.15,-0.3,-0.03,888,-49.6,51,33,A-,E,B+,54
ESS,Essex Property Trust,REAL EST,Finance-Property REIT,48,NYSE,337.06,1.7,5.57,277,51.3,64,86,A-,C,C-,75
EXR,Extra Space Storage Inc,REAL EST,Finance-Property REIT,48,NYSE,206.86,4.7,9.3,686,59.3,87,94,A-,A,D-,98
FBRT,Franklin B S P Realty Tr,REAL EST,Finance-Property REIT,48,NYSE,13.14,-1.4,-0.18,308,34.1,97,23,A-,A,E,71
FCPT,Four Corners Ppty Tr Inc,REAL EST,Finance-Property REIT,48,NYSE,26.92,-0.3,-0.09,197,-21.4,39,44,A-,B,D,62
FPI,Farmland Partners Inc,REAL EST,Finance-Property REIT,48,NYSE,11.37,-1.2,-0.14,265,-0.2,2,52,A-,D,D-,36
FR,First Industrial Rlty Tr,REAL EST,Finance-Property REIT,48,NYSE,61.23,1.5,0.9,336,-54,82,90,A-,B,D-,84
FRT,Federal Realty Inv Trust,REAL EST,Finance-Property REIT,48,NYSE,126.83,0.3,0.35,279,-11.1,76,89,A-,C,C+,88
FSP,Franklin Street Pptys,REAL EST,Finance-Property REIT,48,AMEX,5.62,1.5,0.09,219,-45.4,69,94,A-,D,C,80
GEO,Geo Group Inc Reit,REAL EST,Finance-Property REIT,48,NYSE,6.95,1.2,0.09,2929,67,55,37,A-,C,C+,52
GIPR,Generation Income Prop,REAL EST,Finance-Property REIT,48,NASDAQ,7.05,-0.4,-0.03,7,-70.4,41,31,A-,E,C,45
GLPI,Gaming and Leisure Pptys,REAL EST,Finance-Property REIT,48,NASDAQ,44.9,-0.2,-0.11,411,-50.8,70,48,A-,A,E,69
GMRE,Global Medical Reit Inc,REAL EST,Finance-Property REIT,48,NYSE,16.68,-0.1,-0.02,418,43.8,92,87,A-,C,C-,90
GNL,Global Net Lease Inc,REAL EST,Finance-Property REIT,48,NYSE,14.21,-0.9,-0.13,614,3.4,39,26,A-,C,E,40
GOOD,Gladstone Commercial Cp,REAL EST,Finance-Property REIT,48,NASDAQ,22.99,-0.7,-0.16,151,-0.9,41,86,A-,C,C+,70
GTY,Getty Realty Corp Hld Co,REAL EST,Finance-Property REIT,48,NYSE,29.66,1.2,0.36,201,47.3,62,42,A-,B,C+,69
GYRO,Gyrodyne Llc,REAL EST,Finance-Property REIT,48,NASDAQ,12.95,-0.4,-0.05,19,278.1,6,52,A-,E,B+,40
HIW,Highwoods Properties Inc,REAL EST,Finance-Property REIT,48,NYSE,43.38,0,-0.02,508,-15.3,92,60,A-,B,C,82
HPP,Hudson Pacific Pptys Inc,REAL EST,Finance-Property REIT,48,NYSE,23.92,-0.3,-0.07,414,-42.6,17,39,A-,D,D+,45
HR,Healthcare Realty Trust,REAL EST,Finance-Property REIT,48,NYSE,31.14,2.5,0.77,1755,158.7,47,44,A-,C,D-,55
HST,Host Hotels & Resorts,REAL EST,Finance-Property REIT,48,NASDAQ,17.2,-1,-0.18,5775,10,48,81,A-,D,B-,78
HT,Hersha Hospitality Tr A,REAL EST,Finance-Property REIT,48,NYSE,8.94,-2.6,-0.24,134,-55.3,45,52,A-,D,B-,61
HTA,Healthcare Trust of Am,REAL EST,Finance-Property REIT,48,NYSE,32.66,0.8,0.28,1450,-16,66,81,A-,C,B-,76
IHT,Innsuites Hospitality Tr,REAL EST,Finance-Property REIT,48,AMEX,3.1,-4.6,-0.15,7,-84.9,51,60,A-,E,A-,60
IIPR,Innovative Ind Prop,REAL EST,Finance-Property REIT,48,NYSE,197.23,-0.5,-0.98,135,-19,97,33,A-,A,D-,76
ILPT,Industrial Logis Prop Tr,REAL EST,Finance-Property REIT,48,NASDAQ,22.73,-0.8,-0.18,267,-0.4,65,32,A-,C,E,51
INN,Summit Hotel Properties,REAL EST,Finance-Property REIT,48,NYSE,9.35,-1.6,-0.16,429,-10,46,60,A-,D,B,71
INVH,Invitation Homes Inc,REAL EST,Finance-Property REIT,48,NYSE,42.57,1.8,0.75,2116,-12.8,97,89,A-,C,E,91
IRT,Independence Realty Trst,REAL EST,Finance-Property REIT,48,NYSE,23.78,2.9,0.66,1874,2.3,69,94,A-,C,D,81
IVT,Inventrust Properties,REAL EST,Finance-Property REIT,48,NYSE,26.71,0,-0.01,133,-75.9,69,79,A-,D,A-,85
JBGS,JBG Smith Properties,REAL EST,Finance-Property REIT,48,NYSE,27.58,0.4,0.1,385,-31.1,60,33,A-,E,D-,49
KIM,Kimco Realty Corp,REAL EST,Finance-Property REIT,48,NYSE,24.55,1.6,0.39,2895,6.1,75,91,A-,A,C+,94
KRC,Kilroy Realty Corp,REAL EST,Finance-Property REIT,48,NYSE,66.53,-0.2,-0.1,570,33.3,57,72,A-,B,C-,74
KRG,Kite Realty Group Trust,REAL EST,Finance-Property REIT,48,NYSE,20.82,0.3,0.06,681,-24.8,24,81,A-,D,C,64
LAND,Gladstone Land Corp,REAL EST,Finance-Property REIT,48,NASDAQ,31.36,3.2,0.98,283,6.5,16,98,A-,C,B-,76
LEGH,Legacy Housing Corp,REAL EST,Finance-Property REIT,48,NASDAQ,25.2,1.5,0.38,49,69.5,92,97,A-,A,B,99
LSI,Life Storage Inc,REAL EST,Finance-Property REIT,48,NYSE,137.79,3,4.06,328,-13.5,92,94,A-,B,B+,98
LTC,L T C Properties Inc,REAL EST,Finance-Property REIT,48,NYSE,35.45,0.3,0.09,236,6,60,52,A-,B,B+,70
LXP,Lexington Realty Trust,REAL EST,Finance-Property REIT,48,NYSE,15.33,2.2,0.34,2062,58.8,74,91,A-,B,A-,89
MAA,Mid America Apt Cmmntys,REAL EST,Finance-Property REIT,48,NYSE,212.67,3.6,7.42,465,15.4,81,92,A-,C,D-,85
MAC,Macerich Co,REAL EST,Finance-Property REIT,48,NYSE,16.46,-0.5,-0.08,1150,-44.8,58,72,A-,E,D,61
MDRR,Medalist Diversifid REIT,REAL EST,Finance-Property REIT,48,NASDAQ,1,-2.2,-0.02,89,-94.3,51,21,A-,E,D+,35
MGP,Mgm Growth Props Cl A,REAL EST,Finance-Property REIT,48,NYSE,39.19,0.2,0.08,769,5.6,46,83,A-,D,C,69
MNR,Monmouth Real Estate Inv,REAL EST,Finance-Property REIT,48,NYSE,20.99,0,-0.01,1000,49.5,7,89,A-,B,D+,68
MPW,Medical Properties Trust,REAL EST,Finance-Property REIT,48,NYSE,22.81,0.1,0.02,2934,7.9,45,84,A-,B,C-,78
NHI,National Health Investor,REAL EST,Finance-Property REIT,48,NYSE,56.54,-0.3,-0.19,174,-10.9,39,35,A-,C,C-,44
NNN,National Retail Pptys,REAL EST,Finance-Property REIT,48,NYSE,44.18,0.7,0.3,400,-33.7,76,48,A-,B,B,78
NSA,National Storage Affi Tr,REAL EST,Finance-Property REIT,48,NYSE,63.43,3.2,1.96,303,-10,68,93,A-,B,C+,94
NTST,Netstreit Corp,REAL EST,Finance-Property REIT,48,NYSE,22.39,0.8,0.19,222,-30.9,33,65,A-,C,D+,69
NXRT,NexPoint Residential Tr,REAL EST,Finance-Property REIT,48,NYSE,78.82,0.8,0.6,56,-12.8,20,97,A-,C,C+,72
NYC,New York City Reit Cl A,REAL EST,Finance-Property REIT,48,NYSE,11.22,-1.1,-0.12,50,-51.1,15,94,A-,E,B+,63
O,Realty Income Corp,REAL EST,Finance-Property REIT,48,NYSE,69.8,1,0.67,2207,-24.7,71,65,A-,B,C-,81
OFC,Corporate Office Pptys,REAL EST,Finance-Property REIT,48,NYSE,25.51,0.1,0.03,1063,130.6,94,37,A-,C,E,67
OHI,Omega Healthcare Inv Inc,REAL EST,Finance-Property REIT,48,NYSE,30.4,-1.9,-0.6,3296,53.3,53,39,A-,B,D+,63
OLP,One Liberty Properties,REAL EST,Finance-Property REIT,48,NYSE,30.24,0,0,30,-36,46,88,A-,C,D,69
ONL,Orion Office Reit Inc,REAL EST,Finance-Property REIT,48,NYSE,16.97,0.1,0.03,321,-47.8,69,24,A-,C,C-,50
OPI,Office Properties In Tr,REAL EST,Finance-Property REIT,48,NASDAQ,25.36,-0.4,-0.1,180,4.8,39,52,A-,E,D-,47
OUT,Outfront Media Inc,REAL EST,Finance-Property REIT,48,NYSE,24.5,-0.9,-0.23,368,-44.5,60,81,A-,E,B+,84
PCH,Potlatchdeltic Corp,REAL EST,Finance-Property REIT,48,NASDAQ,53.46,2.4,1.27,423,60.9,46,79,A-,B,D+,71
PDM,Piedmont Office Rty Tr,REAL EST,Finance-Property REIT,48,NYSE,18.12,0.3,0.06,356,-31.2,59,72,A-,C,E,64
PEAK,Healthpeak Properties,REAL EST,Finance-Property REIT,48,NYSE,34.78,-0.3,-0.11,5347,162.6,69,72,A-,C,B-,81
PEB,Pebblebrook Hotel Tr,REAL EST,Finance-Property REIT,48,NYSE,21.87,-0.3,-0.06,1211,33.2,49,55,A-,D,B-,69
PECO,Phillips Edison & Co ClB,REAL EST,Finance-Property REIT,48,NASDAQ,31.97,-0.1,-0.04,1074,64.2,60,87,A-,D,B-,84
PEI,Pennsylvania R E I T,REAL EST,Finance-Property REIT,48,NYSE,0.89,5.8,0.05,1440,103.9,17,4,A-,E,D-,16
PGRE,Paramount Group Inc,REAL EST,Finance-Property REIT,48,NYSE,9.02,0.2,0.02,1277,-0.7,28,55,A-,E,C,49
PINE,Alpine Incme Prprty Trst,REAL EST,Finance-Property REIT,48,NYSE,19.2,-2.4,-0.48,53,-8.6,39,85,A-,B,C,82
PK,Park Hotels & Resorts,REAL EST,Finance-Property REIT,48,NYSE,18.2,-1.8,-0.34,1385,-48.3,47,52,A-,D,C+,64
PLD,Prologis Inc,REAL EST,Finance-Property REIT,48,NYSE,157.45,2.6,3.93,1355,-22.9,82,93,A-,B,D-,89
PLYM,Plymouth Industrial Reit,REAL EST,Finance-Property REIT,48,NYSE,28.86,1.1,0.31,110,-58.7,40,97,A-,D,B+,84
PSA,Public Storage,REAL EST,Finance-Property REIT,48,NYSE,370.22,4.2,14.88,495,23.2,80,93,A-,A,C,96
PSB,P S Business Parks Inc,REAL EST,Finance-Property REIT,48,NYSE,166.72,1,1.61,32,-36.1,89,75,A-,B,B,86
PSTL,Postal Realty Trust Cl A,REAL EST,Finance-Property REIT,48,NYSE,17.99,-0.3,-0.05,81,-32.5,69,52,A-,C,C+,77
PW,Power REIT,REAL EST,Finance-Property REIT,48,AMEX,64.23,-1.9,-1.25,24,-24.7,98,98,A-,A,B-,98
RADI,Radius Global Infra Cl A,REAL EST,Finance-Property REIT,48,NASDAQ,13.29,-3,-0.41,344,-49.3,32,32,A-,E,D,40
REG,Regency Centers Crp,REAL EST,Finance-Property REIT,48,NASDAQ,72.02,0.5,0.34,509,-2.3,74,90,A-,C,B-,87
REXR,Rexford Industrial Rlty,REAL EST,Finance-Property REIT,48,NYSE,73.96,2.2,1.59,415,-41,80,93,A-,B,B-,97
RHP,Ryman Hospitality Prop,REAL EST,Finance-Property REIT,48,NYSE,85.5,-2.3,-2,287,-1.1,50,87,A-,D,B-,78
RLJ,R L J Lodging Trust,REAL EST,Finance-Property REIT,48,NYSE,13.84,-2.1,-0.3,929,-18.2,38,48,A-,D,B,65
ROIC,Retail Opportunity Inv,REAL EST,Finance-Property REIT,48,NASDAQ,18.57,0.7,0.12,454,-34.2,81,85,A-,C,B-,81
RPT,R P T Realty,REAL EST,Finance-Property REIT,48,NYSE,12.63,0.6,0.08,238,-26.9,69,72,A-,D,B+,83
RVI,Retail Value Inc,REAL EST,Finance-Property REIT,48,NYSE,3.11,-0.5,-0.02,88,-81,53,98,A-,E,C,73
RWT,Redwood Trust Inc,REAL EST,Finance-Property REIT,48,NYSE,12.04,-1.6,-0.2,746,-11.2,17,81,A-,E,D-,52
RYN,Rayonier Inc Reit,REAL EST,Finance-Property REIT,48,NYSE,36.37,0.5,0.18,604,83.4,67,69,A-,C,B-,84
SAFE,Safehold Inc,REAL EST,Finance-Property REIT,48,NYSE,61.29,-1.8,-1.1,235,142,92,24,A-,B,D-,69
SBAC,S B A Communications Cp,REAL EST,Finance-Property REIT,48,NASDAQ,323.83,0.5,1.46,370,-21.1,74,60,A-,-,E,63
SBRA,Sabra Healthcare Reit,REAL EST,Finance-Property REIT,48,NASDAQ,13.31,-0.1,-0.01,1115,-28.8,9,25,A-,D,C-,28
SELF,Global Self Storage Inc,REAL EST,Finance-Property REIT,48,NASDAQ,6.34,2.4,0.15,27,-15.6,69,95,A-,C,C+,93
SHO,Sunstone Hotel Investors,REAL EST,Finance-Property REIT,48,NYSE,11.24,-1.7,-0.2,2609,30.7,48,44,A-,D,C-,62
SITC,Site Centers Corp,REAL EST,Finance-Property REIT,48,NYSE,14.89,0.3,0.05,1461,21.9,69,69,A-,C,C-,77
SKT,Tanger Factory Outlet,REAL EST,Finance-Property REIT,48,NYSE,16.7,-1.1,-0.19,537,1.7,31,60,A-,C,D,53
SLG,S L Green Realty Corp,REAL EST,Finance-Property REIT,48,NYSE,73.92,-0.3,-0.2,672,0.4,74,87,A-,D,B-,81
SOHO,Sotherly Hotels Inc,REAL EST,Finance-Property REIT,48,NASDAQ,2.14,2.7,0.06,80,11.1,48,25,A-,D,B-,46
SPG,Simon Property Group Inc,REAL EST,Finance-Property REIT,48,NYSE,149.83,1.7,2.47,1205,-22.7,79,91,A-,A,D,89
SQFT,Presidio Proprty Tr Cl A,REAL EST,Finance-Property REIT,48,NASDAQ,3.68,-1.2,-0.05,35,-48.1,52,52,A-,E,C-,49
SRC,Spirit Realty Capital,REAL EST,Finance-Property REIT,48,NYSE,46.93,-0.4,-0.19,627,7.1,72,65,A-,C,D+,79
SRG,Seritage Growth Pro Cl A,REAL EST,Finance-Property REIT,48,NYSE,9.88,-4.6,-0.48,331,-11.2,21,14,A-,E,D-,20
STAG,Stag Industrial Inc,REAL EST,Finance-Property REIT,48,NYSE,42.82,1.4,0.6,604,-27.2,97,86,A-,B,B+,98
STOR,Store Capital Corp,REAL EST,Finance-Property REIT,48,NYSE,31.75,0.4,0.12,1008,-25.4,76,37,A-,C,E,61
SUI,Sun Communities Inc,REAL EST,Finance-Property REIT,48,NYSE,193.16,2.4,4.48,739,81.9,96,81,A-,B,D,91
SVC,Service Properties Trust,REAL EST,Finance-Property REIT,48,NASDAQ,8.49,-3.5,-0.31,823,-23.8,18,22,A-,E,D-,30
TRNO,Terreno Realty Corp,REAL EST,Finance-Property REIT,48,NYSE,74.63,1.4,1.02,190,-17,60,85,A-,B,D-,83
UBA,Urstadt Biddle Pptys Cla,REAL EST,Finance-Property REIT,48,NYSE,19.49,0.5,0.1,99,-2.4,67,83,A-,B,C,79
UBP,Urstadt Biddle Pptys,REAL EST,Finance-Property REIT,48,NYSE,17.91,2.9,0.51,4,-5,65,89,A-,B,B-,83
UDR,U D R Inc,REAL EST,Finance-Property REIT,48,NYSE,57.95,2.8,1.6,947,-11.6,40,90,A-,D,C-,69
UE,Urban Edge Properties,REAL EST,Finance-Property REIT,48,NYSE,18.33,1.2,0.22,448,-3.1,49,75,A-,B,E,72
UHT,Universal Health Realty,REAL EST,Finance-Property REIT,48,NYSE,56.91,0.5,0.26,24,-20.5,62,42,A-,B,B,66
UMH,U M H Properties Inc,REAL EST,Finance-Property REIT,48,NYSE,24.03,1.8,0.43,115,-54.2,34,88,A-,C,B,78
UNIT,Uniti Group Inc,REAL EST,Finance-Property REIT,48,NASDAQ,11.82,-1.6,-0.2,856,-12.5,69,42,A-,-,B-,59
VICI,Vici Properties,REAL EST,Finance-Property REIT,48,NYSE,28.75,0.1,0.04,3604,-9.1,70,52,A-,A,C-,77
VNO,Vornado Realty Trust,REAL EST,Finance-Property REIT,48,NYSE,41.41,-0.5,-0.22,831,-4.6,37,55,A-,E,B-,57
VRE,Veris Residential Inc,REAL EST,Finance-Property REIT,48,NYSE,16.81,2.3,0.37,340,-27.5,27,69,A-,E,B-,57
VTR,Ventas Inc,REAL EST,Finance-Property REIT,48,NYSE,52.39,0,-0.02,1233,-18.6,69,52,A-,D,A-,72
WELL,Welltower Inc,REAL EST,Finance-Property REIT,48,NYSE,85.01,0.4,0.35,1042,-20.2,27,87,A-,D,B,69
WHLR,Wheeler REIT Inc,REAL EST,Finance-Property REIT,48,NASDAQ,1.75,-1.7,-0.03,38,22.7,32,14,A-,E,D-,22
WPC,W P Carey Inc Reit,REAL EST,Finance-Property REIT,48,NYSE,77.9,1,0.75,424,-25.1,43,72,A-,B,E,65
WRE,Washington Reit,REAL EST,Finance-Property REIT,48,NYSE,24.64,-0.2,-0.04,594,58,6,75,A-,E,C,49
WSR,Whitestone Reit,REAL EST,Finance-Property REIT,48,NYSE,10.25,1.7,0.18,281,-27.4,79,87,A-,D,B,83
WY,Weyerhaeuser Co,REAL EST,Finance-Property REIT,48,NYSE,41.48,2.1,0.85,2968,28.6,66,89,A-,A,B+,93
XHR,Xenia Hotels & Resorts,REAL EST,Finance-Property REIT,48,NYSE,17.18,-1.7,-0.3,245,-47.4,44,60,A-,D,E,63
AEI,Alset EHome Intl Inc,REAL EST,Real Estate Dvlpmt/Ops,43,NASDAQ,0.37,-2.8,-0.01,691,-74.2,24,1,A-,C,D-,20
AIRC,Apartment Income Reit,REAL EST,Real Estate Dvlpmt/Ops,43,NYSE,53.61,2,1.07,288,-31.1,39,86,A-,E,B-,70
ALEX,Alexander & Baldwin Inc,REAL EST,Real Estate Dvlpmt/Ops,43,NYSE,22.72,-0.3,-0.06,118,-24.3,69,89,A-,E,E,80
ARL,American Realty Investor,REAL EST,Real Estate Dvlpmt/Ops,43,NYSE,14.95,0.9,0.13,2,-22.7,32,97,A-,E,B+,68
ASR,Grupo Aeroportuario Adr,REAL EST,Real Estate Dvlpmt/Ops,43,NYSE,208.52,1.6,3.24,25,8.8,72,88,A-,A,B-,95
BEKE,Ke Holdings Inc Ads Cl A,REAL EST,Real Estate Dvlpmt/Ops,43,NYSE,20.43,-6.5,-1.41,3022,-66.9,54,26,A-,B,A,55
CAAP,Corporacion Amer Airport,REAL EST,Real Estate Dvlpmt/Ops,43,NYSE,5.53,0.4,0.02,8,-81.2,47,81,A-,E,E,68
CBRE,C B R E Group,REAL EST,Real Estate Dvlpmt/Ops,43,NYSE,103.53,2,2,641,-23.8,95,91,A-,B,C+,96
CIAN,Cian P L C Ads,REAL EST,Real Estate Dvlpmt/Ops,43,NYSE,9.42,3.4,0.31,174,28.6,7,9,A-,-,B-,25
CIGI,Colliers Intl Group Inc,REAL EST,Real Estate Dvlpmt/Ops,43,NASDAQ,150.01,1.5,2.22,65,34,93,94,A-,A,B+,97
CKX,C K X Lands Inc,REAL EST,Real Estate Dvlpmt/Ops,43,AMEX,11.5,0,0,0,-72.5,76,65,A-,D,C,66
CTO,CTO Realty Growth Inc,REAL EST,Real Estate Dvlpmt/Ops,43,NYSE,58.85,0.1,0.08,15,-55.2,39,89,A-,C,C+,84
CWK,Cushman & Wakefield plc,REAL EST,Real Estate Dvlpmt/Ops,43,NYSE,21.6,1.9,0.41,768,-7.4,82,94,A-,C,B-,95
DNK,Phoenix Tree Hldgs Cl A,REAL EST,Real Estate Dvlpmt/Ops,43,NYSE,2.37,0,0,0,0,14,55,A-,D,C-,42
EXPI,Exp World Holdings Inc,REAL EST,Real Estate Dvlpmt/Ops,43,NASDAQ,26.19,-4.5,-1.23,814,5.2,66,15,A-,A,E,54
FOR,Forestar Group Inc,REAL EST,Real Estate Dvlpmt/Ops,43,NYSE,20.1,-1.4,-0.28,50,-10.9,91,42,A-,A,C+,86
FPH,Five Point Holdings Cl A,REAL EST,Real Estate Dvlpmt/Ops,43,NYSE,5.76,0.3,0.02,39,-74.9,8,23,A-,D,D-,32
FRPH,F R P Holdings Inc,REAL EST,Real Estate Dvlpmt/Ops,43,NASDAQ,55.45,-1,-0.58,6,10.6,53,79,A-,B,D-,79
FSV,Firstservice Corporation,REAL EST,Real Estate Dvlpmt/Ops,43,NASDAQ,160.43,0.9,1.45,62,21.3,94,37,A-,B,D,78
FTHM,Fathom Holdings Inc,REAL EST,Real Estate Dvlpmt/Ops,43,NASDAQ,13.06,-8.5,-1.21,35,-63.6,4,7,A-,C,E,15
HCDI,Harbor Custom Developmnt,REAL EST,Real Estate Dvlpmt/Ops,43,NASDAQ,2.37,-3.1,-0.08,4,-98.4,69,65,A-,D,A-,80
HHC,Howard Hughes Corp,REAL EST,Real Estate Dvlpmt/Ops,43,NYSE,97.56,0.8,0.73,284,50.7,30,79,A-,D,D,76
INDT,INDUS Realty Trust Inc,REAL EST,Real Estate Dvlpmt/Ops,43,NASDAQ,77.03,0.5,0.42,9,-68.8,4,89,A-,E,A-,70
INTG,Intergroup Corp,REAL EST,Real Estate Dvlpmt/Ops,43,NASDAQ,52.55,-2.7,-1.45,0,-89.1,30,96,A-,-,A-,76
IOR,Income Oppty Realty Inv,REAL EST,Real Estate Dvlpmt/Ops,43,AMEX,11.85,2.2,0.25,4,193.9,58,39,A-,-,B+,61
IRCP,Irsa Propiedades Com Ads,REAL EST,Real Estate Dvlpmt/Ops,43,NASDAQ,2.36,-1.9,-0.05,31,-53,8,65,A-,E,C,42
IRS,I R S A Inv Glob Dep Ads,REAL EST,Real Estate Dvlpmt/Ops,43,NYSE,4.33,-3.8,-0.17,15,-67.9,5,69,A-,E,B,57
JLL,Jones Lang Lasalle Inc,REAL EST,Real Estate Dvlpmt/Ops,43,NYSE,255.37,1.2,3.04,134,-31.1,92,93,A-,C,C-,94
JOE,St Joe Company,REAL EST,Real Estate Dvlpmt/Ops,43,NYSE,47.42,-1.7,-0.81,73,-17.1,97,79,A-,A,C+,95
KW,Kennedy-Wilson Hldgs Inc,REAL EST,Real Estate Dvlpmt/Ops,43,NYSE,23.12,1.1,0.26,487,68.2,93,87,A-,C,A,90
MAYS,Mays J W Inc,REAL EST,Real Estate Dvlpmt/Ops,43,NASDAQ,37.98,2.5,0.93,0,-78.2,49,92,A-,D,B,77
MDJH,Mdjm Ltd,REAL EST,Real Estate Dvlpmt/Ops,43,NASDAQ,2.4,42.9,0.72,29420,24136.9,8,3,A-,E,C,14
MIC,Macquarie Infra Hldg Llc,REAL EST,Real Estate Dvlpmt/Ops,43,NYSE,3.67,0.3,0.01,619,-38.2,7,93,A-,D,C+,67
MLP,Maui Land & Pineapple,REAL EST,Real Estate Dvlpmt/Ops,43,NYSE,9.99,0.2,0.02,0,-95.8,56,37,A-,D,C+,64
MMI,Marcus & Millichap Inc,REAL EST,Real Estate Dvlpmt/Ops,43,NYSE,47.17,1.7,0.8,70,18.8,80,91,A-,B,C,96
NEN,New England Rlty Cl A,REAL EST,Real Estate Dvlpmt/Ops,43,AMEX,81.98,-0.6,-0.52,0,-87.2,32,97,A-,-,A-,75
NMRK,Newmark Group Inc Cl A,REAL EST,Real Estate Dvlpmt/Ops,43,NASDAQ,15.64,1.9,0.3,671,-26.2,77,96,A-,A,D+,98
NTP,Nam Tai Property Inc,REAL EST,Real Estate Dvlpmt/Ops,43,NYSE,9.09,-1.4,-0.13,158,-66,40,12,A-,B,E,35
OBAS,Optibase Limited,REAL EST,Real Estate Dvlpmt/Ops,43,NASDAQ,11.85,0,0,0,0,8,87,A-,D,B+,64
OMAB,Grupo Aero Cent Nort Ads,REAL EST,Real Estate Dvlpmt/Ops,43,NASDAQ,55.95,2.2,1.18,41,-6.3,69,93,A-,A,B+,99
OPAD,Offerpad Solutions Cl A,REAL EST,Real Estate Dvlpmt/Ops,43,NYSE,3.63,-4,-0.15,412,-21.5,23,4,A-,D,E,19
OPEN,Opendoor Technologies,REAL EST,Real Estate Dvlpmt/Ops,43,NASDAQ,10.37,-3.2,-0.35,10566,-0.7,60,10,A-,C,D-,37
PAC,Grupo Aero Del Pac Ads,REAL EST,Real Estate Dvlpmt/Ops,43,NYSE,138.9,0,0.06,23,-40.2,75,93,A-,A,C,97
QK,Q&K Intl Grp Ads,REAL EST,Real Estate Dvlpmt/Ops,43,NASDAQ,0.5,1.9,0.01,6,-96.8,1,5,A-,-,A-,16
RDFN,Redfin Corporation,REAL EST,Real Estate Dvlpmt/Ops,43,NASDAQ,29.42,-4.5,-1.38,765,-11,5,9,A-,C,E,21
REAX,Real Brokerage Inc,REAL EST,Real Estate Dvlpmt/Ops,43,NASDAQ,2.53,-1.9,-0.05,43,-82.2,2,93,A-,-,D+,50
RLGY,Realogy Holdings Corp,REAL EST,Real Estate Dvlpmt/Ops,43,NYSE,16.26,-0.6,-0.1,431,-38.2,51,44,A-,B,C-,70
RMAX,Remax Holdings Inc Cl A,REAL EST,Real Estate Dvlpmt/Ops,43,NYSE,29.61,-0.8,-0.24,58,-21.6,76,30,A-,A,B+,74
RMR,The R M R Group Inc Cl A,REAL EST,Real Estate Dvlpmt/Ops,43,NASDAQ,31.63,-0.7,-0.23,46,-15.1,62,42,A-,B,E,61
STRS,Stratus Properties,REAL EST,Real Estate Dvlpmt/Ops,43,NASDAQ,38.99,-2.6,-1.04,21,74.1,28,95,A-,E,B+,75
TCI,Transcontinental Rlty In,REAL EST,Real Estate Dvlpmt/Ops,43,NYSE,38.54,-3.2,-1.27,0,-89.1,34,97,A-,C,B-,76
TCN,Tricon Residential Inc,REAL EST,Real Estate Dvlpmt/Ops,43,NYSE,15.02,2.1,0.31,354,37,98,85,A-,A,B-,99
TPHS,Trinity Place Holdings,REAL EST,Real Estate Dvlpmt/Ops,43,AMEX,1.83,-1.1,-0.02,7,-74.1,30,48,A-,B,E,45
TRC,Tejon Ranch Company,REAL EST,Real Estate Dvlpmt/Ops,43,NYSE,17,-0.3,-0.05,20,-60.8,34,48,A-,C,B-,62
UK,Ucommune Intl Cl A,REAL EST,Real Estate Dvlpmt/Ops,43,NASDAQ,0.6,-7.6,-0.05,86,-80.1,40,7,A-,E,B+,34
VINO,Gaucho Group Holdings,REAL EST,Real Estate Dvlpmt/Ops,43,NASDAQ,1.72,5.2,0.09,117,-16.5,52,6,A-,-,E,24
WE,Wework Inc Cl A,REAL EST,Real Estate Dvlpmt/Ops,43,NYSE,7.26,-6.1,-0.48,1865,-40.4,15,20,A-,E,D-,22
AEO,American Eagle Outfittrs,RETAIL,Retail-Apparel/Shoes/Acc,137,NYSE,22.91,-1.4,-0.32,3449,-23.8,70,27,C-,C,B,53
AKA,A K A Brands Holding,RETAIL,Retail-Apparel/Shoes/Acc,137,NYSE,7.2,-5.3,-0.4,183,-14.7,39,20,C-,A,D-,35
ANF,Abercrombie & Fitch Co,RETAIL,Retail-Apparel/Shoes/Acc,137,NYSE,38.93,-1.5,-0.59,878,-43.6,59,88,C-,D,C+,70
BBWI,Bath & Body Works Inc,RETAIL,Retail-Apparel/Shoes/Acc,137,NYSE,58.74,4.3,2.45,9505,297.1,72,69,C-,-,E,46
BKE,Buckle Inc,RETAIL,Retail-Apparel/Shoes/Acc,137,NYSE,37.45,-0.8,-0.32,340,-42.6,86,72,C-,A,C-,87
BOOT,Boot Barn Holdings Inc,RETAIL,Retail-Apparel/Shoes/Acc,137,NYSE,89.87,-1.5,-1.4,374,-12.5,99,87,C-,A,D-,89
BURL,Burlington Stores Inc,RETAIL,Retail-Apparel/Shoes/Acc,137,NYSE,231.47,-2.9,-6.8,533,-18.9,74,25,C-,D,D+,48
CAL,Caleres Inc,RETAIL,Retail-Apparel/Shoes/Acc,137,NYSE,22.95,-5.6,-1.36,362,-8.1,72,87,C-,D,B,79
CATO,Cato Corp Cl A,RETAIL,Retail-Apparel/Shoes/Acc,137,NYSE,16.56,-0.8,-0.14,81,-6.4,69,89,C-,D,B,78
CHS,Chicos Fas Inc,RETAIL,Retail-Apparel/Shoes/Acc,137,NYSE,4.51,-5.4,-0.26,1164,-29.1,69,94,C-,E,B-,70
CTRN,Citi Trends Inc,RETAIL,Retail-Apparel/Shoes/Acc,137,NASDAQ,48.22,-5.3,-2.7,158,-49,41,15,C-,B,E,36
CURV,Torrid Holdings Inc,RETAIL,Retail-Apparel/Shoes/Acc,137,NYSE,8.96,-3.7,-0.34,263,-64.3,65,6,C-,A,C,40
DBGI,Digital Brands Group Inc,RETAIL,Retail-Apparel/Shoes/Acc,137,NASDAQ,1.3,-5.1,-0.07,68,-86.4,1,3,C-,-,C,5
DBI,Designer Brands Inc,RETAIL,Retail-Apparel/Shoes/Acc,137,NYSE,12.7,-3.2,-0.42,751,-24.2,69,35,C-,E,C,50
DLTH,Duluth Holdings Inc Cl B,RETAIL,Retail-Apparel/Shoes/Acc,137,NASDAQ,14.71,-5.1,-0.79,68,-39.7,76,75,C-,D,B-,71
DXLG,Destination XL Group Inc,RETAIL,Retail-Apparel/Shoes/Acc,137,NASDAQ,4.84,-0.2,-0.01,383,-35.1,69,17,C-,D,C+,39
EXPR,Express Inc,RETAIL,Retail-Apparel/Shoes/Acc,137,NYSE,3.09,-2.4,-0.08,1698,-49.5,69,24,C-,E,D,36
FL,Foot Locker Inc,RETAIL,Retail-Apparel/Shoes/Acc,137,NYSE,43.28,-2.6,-1.18,1630,-6.6,78,29,C-,C,D+,52
GCO,Genesco Inc,RETAIL,Retail-Apparel/Shoes/Acc,137,NYSE,63.17,-3.2,-2.07,84,-25.9,71,93,C-,D,C,78
GES,Guess Inc,RETAIL,Retail-Apparel/Shoes/Acc,137,NYSE,21.79,-4,-0.9,668,-8.3,52,55,C-,C,B-,56
GPS,Gap Inc,RETAIL,Retail-Apparel/Shoes/Acc,137,NYSE,17.78,-2.8,-0.51,8375,5.9,53,19,C-,D,C+,30
JILL,J.Jill Inc,RETAIL,Retail-Apparel/Shoes/Acc,137,NYSE,15.36,-1.3,-0.21,23,-24.4,69,98,C-,D,B-,74
LE,Lands End Inc,RETAIL,Retail-Apparel/Shoes/Acc,137,NASDAQ,17.73,-4.3,-0.8,129,-17.7,89,17,C-,D,C-,47
LULU,Lululemon Athletica,RETAIL,Retail-Apparel/Shoes/Acc,137,NASDAQ,348.11,0.9,3.2,1722,58.5,98,31,C-,A,C,75
ONON,On Holding A G Cl A,RETAIL,Retail-Apparel/Shoes/Acc,137,NYSE,28.6,0.8,0.22,1965,3.8,67,25,C-,C,D,42
PLCE,Childrens Place Inc,RETAIL,Retail-Apparel/Shoes/Acc,137,NASDAQ,70.19,-4,-2.94,259,-13.6,74,31,C-,D,D-,44
ROST,Ross Stores Inc,RETAIL,Retail-Apparel/Shoes/Acc,137,NASDAQ,97.21,-1.3,-1.33,1559,-2,57,25,C-,B,D-,52
RVLV,Revolve Group Inc Cl A,RETAIL,Retail-Apparel/Shoes/Acc,137,NYSE,50.91,-2.2,-1.15,818,-4.8,87,35,C-,B,C,68
SCVL,Shoe Carnival Inc,RETAIL,Retail-Apparel/Shoes/Acc,137,NASDAQ,32.62,-5.2,-1.78,159,-22.1,95,87,C-,C,B-,90
TJX,T J X Cos Inc,RETAIL,Retail-Apparel/Shoes/Acc,137,NYSE,72.05,-1,-0.75,3641,-21,55,83,C-,C,D+,76
TLYS,Tilly's Inc Cl A,RETAIL,Retail-Apparel/Shoes/Acc,137,NYSE,12.85,-3.2,-0.43,365,-1.1,72,86,C-,C,C,80
URBN,Urban Outfitters Inc,RETAIL,Retail-Apparel/Shoes/Acc,137,NASDAQ,28.65,-2.7,-0.78,942,-39.9,59,32,C-,C,D+,51
XELB,Xcel Brands Inc,RETAIL,Retail-Apparel/Shoes/Acc,137,NASDAQ,1.17,-3.3,-0.04,43,-14.6,9,15,C-,C,C,25
ZUMZ,Zumiez Inc,RETAIL,Retail-Apparel/Shoes/Acc,137,NASDAQ,44.03,-3.5,-1.6,186,-19.3,81,77,C-,A,D-,80
BBY,Best Buy Co Inc,RETAIL,Retail-Consumer Elec,195,NYSE,99.02,-1.5,-1.48,1872,-34.5,89,29,E,B,D-,52
CONN,Conns Inc,RETAIL,Retail-Consumer Elec,195,NASDAQ,23.78,-3,-0.74,311,-13.6,67,93,E,D,A-,82
GME,Gamestop Corp,RETAIL,Retail-Consumer Elec,195,NYSE,98.8,-12.3,-13.81,2765,-4.8,10,21,E,E,C+,16
JAN,Janone Inc,RETAIL,Retail-Consumer Elec,195,NASDAQ,3,-1,-0.03,3,-93.6,24,5,E,E,D-,2
RERE,A T Renew Inc Ads Cl A,RETAIL,Retail-Consumer Elec,195,NYSE,5.97,-5.4,-0.34,577,70.7,14,9,E,D,B+,21
ASAI,Sendas Distributor Adr,RETAIL,Retail-Department Stores,38,NYSE,11.99,0.3,0.03,76,-47.4,92,30,A-,C,D,71
DDS,Dillards Inc Class A,RETAIL,Retail-Department Stores,38,NYSE,259.95,0.5,1.28,127,-46.4,69,99,A-,D,C+,86
JWEL,Jowell Global Ltd,RETAIL,Retail-Department Stores,38,NASDAQ,3.23,-0.3,-0.01,252,-81.7,8,9,A-,B,D-,31
JWN,Nordstrom Inc,RETAIL,Retail-Department Stores,38,NYSE,22.14,-4,-0.93,3432,-39,69,17,A-,E,D-,43
KSS,Kohls Corp,RETAIL,Retail-Department Stores,38,NYSE,58.02,-2.3,-1.35,2649,-44.7,69,90,A-,D,B+,95
M,Macy's Inc,RETAIL,Retail-Department Stores,38,NYSE,25.35,-3.3,-0.86,9532,-27.6,69,97,A-,D,B-,88
BIG,Big Lots Inc,RETAIL,Retail-Discount&Variety,154,NYSE,42.14,-3.3,-1.45,741,6.7,43,25,D+,C,E,27
BJ,B J S Whlsl Club Hldgs,RETAIL,Retail-Discount&Variety,154,NYSE,60.87,-1.3,-0.79,604,-31.9,79,93,D+,B,B,85
DG,Dollar General Corp,RETAIL,Retail-Discount&Variety,154,NYSE,207.03,-1,-2.09,1377,-8.3,71,48,D+,B,C+,62
DLTR,Dollar Tree Inc,RETAIL,Retail-Discount&Variety,154,NASDAQ,133.57,-0.5,-0.67,991,-40.9,52,94,D+,C,C+,66
FIVE,Five Below Inc,RETAIL,Retail-Discount&Variety,154,NASDAQ,168.77,-1.2,-1.97,546,-7,93,31,D+,A,C+,71
GO,Grocery Outlet Hdg Corp,RETAIL,Retail-Discount&Variety,154,NASDAQ,25.71,1,0.25,478,-26.1,64,28,D+,C,C+,41
MNSO,Miniso Group Hldg Cl A,RETAIL,Retail-Discount&Variety,154,NYSE,9.47,-5,-0.5,84,-84.4,67,9,D+,B,B+,46
OLLI,Ollie's Bargain Outlet,RETAIL,Retail-Discount&Variety,154,NASDAQ,47.07,-2.7,-1.33,701,-35.2,62,13,D+,B,B-,35
CJJD,China Jo Jo Drugstores,RETAIL,Retail-Drug Stores,25,NASDAQ,0.35,-1,0,20,-91.8,36,6,A,E,D+,35
CVS,C V S Health Corp,RETAIL,Retail-Drug Stores,25,NYSE,108.7,2.3,2.43,5455,13.7,69,95,A,C,A,93
RAD,Rite Aid Corporation,RETAIL,Retail-Drug Stores,25,NYSE,10.76,-0.8,-0.09,1655,-18,11,16,A,E,C-,25
WBA,Walgreens Boots Alliance,RETAIL,Retail-Drug Stores,25,NASDAQ,50.54,1.6,0.79,4040,-9.5,73,72,A,C,D-,77
YI,111 Inc Cl A Ads,RETAIL,Retail-Drug Stores,25,NASDAQ,3.06,-4.1,-0.13,71,-67.1,4,6,A,D,C-,21
AAN,Aarons Company Inc,RETAIL,Retail-Home Furnishings,160,NYSE,20.74,-6.8,-1.5,425,180,49,31,D,C,B,39
ARHS,Arhaus Inc Cl A,RETAIL,Retail-Home Furnishings,160,NASDAQ,8.25,-9.2,-0.84,581,48,47,18,D,A,B+,56
BBBY,Bed Bath & Beyond Inc,RETAIL,Retail-Home Furnishings,160,NASDAQ,16.92,-1.1,-0.19,6381,3,8,24,D,E,A-,18
DXYN,Dixie Group Inc,RETAIL,Retail-Home Furnishings,160,NASDAQ,4.13,0.5,0.02,33,-27.8,69,84,D,D,C-,64
ETD,Ethan Allen Interiors,RETAIL,Retail-Home Furnishings,160,NYSE,25.07,-0.3,-0.09,365,72.7,73,65,D,A,B-,78
FGI,F G I Industries Ltd,RETAIL,Retail-Home Furnishings,160,NASDAQ,4.25,-11.5,-0.55,1666,-82.9,37,1,D,B,-,37
GOED,1847 Goedeker Inc,RETAIL,Retail-Home Furnishings,160,AMEX,2.18,-7.2,-0.17,1566,-33,69,13,D,-,B+,35
HVT,Haverty Furniture Inc,RETAIL,Retail-Home Furnishings,160,NYSE,29.25,-2.1,-0.64,162,3.6,84,42,D,B,B-,70
HVTA,Haverty Furniture Cl A,RETAIL,Retail-Home Furnishings,160,NYSE,29.72,0,0,0,0,85,32,D,B,B-,66
KIRK,Kirkland's Inc,RETAIL,Retail-Home Furnishings,160,NASDAQ,16.57,-1.6,-0.27,89,-75.4,16,18,D,C,B-,26
LOVE,Lovesac Company,RETAIL,Retail-Home Furnishings,160,NASDAQ,51.5,-6.7,-3.68,217,-34.4,52,26,D,B,C+,49
LZB,La-Z-Boy Inc,RETAIL,Retail-Home Furnishings,160,NYSE,36.71,-2.5,-0.96,241,-1.9,83,75,D,A,A,90
PRG,PROG Holdings Inc,RETAIL,Retail-Home Furnishings,160,NYSE,39.07,-3.8,-1.53,557,11.3,64,33,D,B,C,47
RH,R H,RETAIL,Retail-Home Furnishings,160,NYSE,402.36,-2.4,-9.93,407,-11.4,94,16,D,A,E,59
SNBR,Sleep Number Corp,RETAIL,Retail-Home Furnishings,160,NASDAQ,70.97,-2.8,-2.05,206,-12.5,96,20,D,-,D-,39
TCS,The Container Store Grp,RETAIL,Retail-Home Furnishings,160,NYSE,9.89,-2.8,-0.29,344,-18.5,93,26,D,A,C-,57
TUEM,Tuesday Morning Corp,RETAIL,Retail-Home Furnishings,160,NASDAQ,1.96,-1.9,-0.04,257,1.1,24,14,D,E,C-,16
WSM,Williams Sonoma Inc,RETAIL,Retail-Home Furnishings,160,NYSE,163.09,-1,-1.71,823,-12.7,95,65,D,A,C,84
AMZN,Amazon.com Inc,RETAIL,Retail-Internet,182,NASDAQ,3003,-0.7,-20.16,3454,27.7,80,35,D-,B,E,55
BABA,Alibaba Group Hldg Ads,RETAIL,Retail-Internet,182,NYSE,123.42,-3,-3.8,11138,-48.4,82,15,D-,B,D-,41
BGRY,Berkshire Grey Inc Cl A,RETAIL,Retail-Internet,182,NASDAQ,3.32,-7.7,-0.28,740,-23.8,18,6,D-,E,C+,11
BOXD,Boxed Inc Cl A,RETAIL,Retail-Internet,182,NYSE,9.45,-2.5,-0.25,79,-82.6,39,52,D-,-,E,31
BQ,Boqii Holding Ads Cl A,RETAIL,Retail-Internet,182,NYSE,0.74,-0.7,-0.01,70,-66.4,21,1,D-,-,D-,3
CHWY,Chewy Inc Cl A,RETAIL,Retail-Internet,182,NYSE,43.89,-8.3,-3.99,3477,-16.3,31,13,D-,-,D-,14
CPNG,Coupang Inc Cl A,RETAIL,Retail-Internet,182,NYSE,21.05,-1.2,-0.25,9293,23.9,5,12,D-,-,E,3
DADA,Dada Nexus Ltd Ads,RETAIL,Retail-Internet,182,NASDAQ,10.26,-9.4,-1.07,542,-49.2,7,7,D-,E,C-,6
DASH,Doordash Inc Cl A,RETAIL,Retail-Internet,182,NYSE,103.04,-10.1,-11.58,3140,-4.7,2,15,D-,D,D-,11
DIBS,1stdibs.com Inc,RETAIL,Retail-Internet,182,NASDAQ,9.86,-6.1,-0.64,140,-44.2,6,9,D-,E,D,6
EBAY,Ebay Inc,RETAIL,Retail-Internet,182,NASDAQ,58.76,-2.9,-1.73,5430,15.9,76,37,D-,A,D,59
ENJY,Enjoy Technology Inc,RETAIL,Retail-Internet,182,NASDAQ,2.91,-5.5,-0.17,28,-85.5,14,1,D-,E,D+,4
ETSY,Etsy Inc,RETAIL,Retail-Internet,182,NASDAQ,138.07,-9.3,-14.09,5359,149.1,75,19,D-,B,C+,48
FATH,Fathom Digital Mfg Cl A,RETAIL,Retail-Internet,182,NYSE,8.72,0,0,133,-83.5,8,31,D-,-,B-,28
FPAY,Flexshopper Inc,RETAIL,Retail-Internet,182,NASDAQ,1.71,-2.8,-0.05,27,-64.3,69,16,D-,D,E,35
FTCH,Farfetch Limited,RETAIL,Retail-Internet,182,NYSE,20.82,-10.2,-2.37,6776,22.9,35,9,D-,D,D-,16
FVRR,Fiverr International Ltd,RETAIL,Retail-Internet,182,NYSE,85.16,-4.8,-4.25,880,0.2,66,6,D-,B,D+,32
GRPN,Groupon Inc,RETAIL,Retail-Internet,182,NASDAQ,23.63,-22.4,-6.81,4009,237.8,71,65,D-,E,A,56
GRUB,Just Eat Takeaway.com NV,RETAIL,Retail-Internet,182,NASDAQ,9.87,-2.2,-0.23,1869,-8.9,2,12,D-,D,D,11
HEPS,D-Market Elec Svc&Tr Ads,RETAIL,Retail-Internet,182,NASDAQ,2.08,-2.3,-0.05,447,-64.5,2,1,D-,-,D+,1
IPW,iPower Inc,RETAIL,Retail-Internet,182,NASDAQ,1.84,-1.6,-0.03,24,-89.3,24,6,D-,B,C+,26
JD,JD.com Inc Cl A Ads,RETAIL,Retail-Internet,182,NASDAQ,73,-2.8,-2.08,4926,-50.7,72,42,D-,B,C+,58
JMIA,Jumia Technologies Ads,RETAIL,Retail-Internet,182,NYSE,8.9,-6.2,-0.59,4074,-17.1,14,4,D-,E,B-,4
KPLT,Katapult Holdings Inc,RETAIL,Retail-Internet,182,NASDAQ,2.69,0.2,0.01,1414,-31.1,9,3,D-,B,C,6
LITB,LightInTheBox Hldg ADS,RETAIL,Retail-Internet,182,NYSE,1.15,-8,-0.1,103,-57.8,15,15,D-,B,B-,20
LIVE,Live Ventures Inc,RETAIL,Retail-Internet,182,NASDAQ,26,1.4,0.36,5,-43.3,71,19,D-,A,E,40
LQDT,Liquidity Services Inc,RETAIL,Retail-Internet,182,NASDAQ,18.06,-6,-1.15,258,76.9,56,42,D-,A,D+,52
LVLU,Lulus Fashion Lounge,RETAIL,Retail-Internet,182,NASDAQ,9.37,-4.2,-0.41,14,-89.8,69,20,D-,-,D,34
MELI,Mercadolibre Inc,RETAIL,Retail-Internet,182,NASDAQ,1084.9,-4.7,-53.21,321,-49.6,65,18,D-,C,E,35
MF,Missfresh Ltd Ads Cl B,RETAIL,Retail-Internet,182,NASDAQ,2.98,-1.1,-0.03,547,18,1,10,D-,E,D+,5
MFH,Mercurity Fintech Hldg,RETAIL,Retail-Internet,182,NASDAQ,2.9,3.6,0.1,222,29.9,8,22,D-,E,B+,16
MOGU,Mogu Inc Cl A Ads,RETAIL,Retail-Internet,182,NYSE,0.3,-5.9,-0.02,66,-72.2,2,1,D-,E,C-,1
MYSZ,My Size Inc,RETAIL,Retail-Internet,182,NASDAQ,0.37,-5.4,-0.02,581,-20.3,28,2,D-,E,D-,1
MYTE,Myt Nethrlnd Prnt BV Ads,RETAIL,Retail-Internet,182,NYSE,15.83,-6.6,-1.11,95,-32.2,8,12,D-,D,D-,12
NEGG,Newegg Commerce Inc,RETAIL,Retail-Internet,182,NASDAQ,6.48,-6.1,-0.42,284,-47.5,62,14,D-,E,C+,28
OCG,Oriental Culture Hldg,RETAIL,Retail-Internet,182,NASDAQ,4.33,-4.2,-0.19,130,-52.5,69,48,D-,A,C+,54
OG,Onion Global Ads Cl A,RETAIL,Retail-Internet,182,NYSE,1.84,-11.3,-0.24,25,-25.9,26,3,D-,C,D+,12
OLO,Olo Inc Cl A,RETAIL,Retail-Internet,182,NYSE,17.12,-5.7,-1.03,717,-33.9,15,13,D-,B,D-,21
OSTK,Overstock.com Inc,RETAIL,Retail-Internet,182,NASDAQ,46.84,-6.3,-3.16,1327,10.2,35,13,D-,B,C,27
OZON,Ozon Holdings Plc Ads,RETAIL,Retail-Internet,182,NASDAQ,21.82,2,0.43,2398,105.8,1,5,D-,D,E,4
PDD,Pinduoduo Inc Cl A Ads,RETAIL,Retail-Internet,182,NASDAQ,57.83,-3,-1.77,2530,-66.6,69,10,D-,C,B,36
PETS,Petmed Express Inc,RETAIL,Retail-Internet,182,NASDAQ,24.07,-4.4,-1.11,325,8.3,30,25,D-,C,C-,20
PIK,Kidpik Corp,RETAIL,Retail-Internet,182,NASDAQ,5.11,-9.7,-0.55,97,-92.9,17,16,D-,E,E,10
QUOT,Quotient Technology Inc,RETAIL,Retail-Internet,182,NYSE,6.66,-5.4,-0.38,624,-16.7,16,24,D-,E,C,18
REAL,The Realreal Inc,RETAIL,Retail-Internet,182,NASDAQ,8.51,-13.2,-1.3,3506,38.9,17,13,D-,E,D,12
RENT,Rent the Runway Inc Cl A,RETAIL,Retail-Internet,182,NASDAQ,5.05,-14.7,-0.87,1349,43.9,43,2,D-,-,D-,12
RMBL,Rumbleon Inc Cl B,RETAIL,Retail-Internet,182,NASDAQ,35.11,-2.8,-1.01,51,-33.2,20,35,D-,E,D,24
SECO,Secoo Holding Ads Cl A,RETAIL,Retail-Internet,182,NASDAQ,0.38,-2.6,-0.01,106,-67.6,20,1,D-,E,D+,1
SFIX,Stitch Fix Inc Cl A,RETAIL,Retail-Internet,182,NASDAQ,15.49,-9.5,-1.63,1950,-39,30,4,D-,D,B-,17
SSTK,Shutterstock Inc,RETAIL,Retail-Internet,182,NYSE,93.5,-3,-2.87,182,20.8,75,75,D-,B,D,72
SSU,Signa Sports United N.V.,RETAIL,Retail-Internet,182,NYSE,8.19,9.2,0.69,61,-62.5,33,20,D-,-,C+,26
TDUP,Thredup Inc Cl A,RETAIL,Retail-Internet,182,NASDAQ,8.66,-10.2,-0.98,829,1,7,7,D-,E,D-,7
UXIN,Uxin Limited Cl A Ads,RETAIL,Retail-Internet,182,NASDAQ,1.15,-9.1,-0.12,610,-43.1,48,13,D-,-,D-,17
VIPS,Vipshop Holdings Ltd Ads,RETAIL,Retail-Internet,182,NYSE,9.04,-5,-0.48,2906,-55.3,73,11,D-,B,B+,38
W,Wayfair Inc Cl A,RETAIL,Retail-Internet,182,NYSE,146.82,-9.7,-15.73,2323,85.2,12,14,D-,-,E,1
WISH,Contextlogic Inc Cl A,RETAIL,Retail-Internet,182,NASDAQ,2.57,-10.3,-0.3,21331,0.6,19,2,D-,-,C+,1
WNW,Meiwu Technology Co Ltd,RETAIL,Retail-Internet,182,NASDAQ,1.96,-0.5,-0.01,108,-39.9,38,3,D-,D,D-,14
WTRH,Waitr Holdings Inc,RETAIL,Retail-Internet,182,NASDAQ,0.53,-4.5,-0.02,2555,-15,8,1,D-,D,C,2
XMTR,Xometry Inc Cl A,RETAIL,Retail-Internet,182,NASDAQ,42.55,-3.3,-1.46,2081,404.8,2,16,D-,E,D-,9
YJ,Yunji Inc Cl A Ads,RETAIL,Retail-Internet,182,NASDAQ,0.62,-3.7,-0.02,106,-41.2,62,11,D-,E,C,20
ASO,Academy Sports & Outdoor,RETAIL,Retail-Leisure Products,108,NASDAQ,39.61,-2,-0.82,1366,-39.8,95,93,C+,A,D-,93
BBW,Build-A-Bear Workshop,RETAIL,Retail-Leisure Products,108,NYSE,17.93,-3.4,-0.64,142,-61.2,72,99,C+,C,C-,82
BGFV,Big 5 Sporting Corp,RETAIL,Retail-Leisure Products,108,NASDAQ,19.38,-2.8,-0.56,657,-33.4,42,44,C+,B,D+,47
BNED,Barnes & Noble Education,RETAIL,Retail-Leisure Products,108,NYSE,5.87,-1.8,-0.11,192,-48.5,52,19,C+,E,D,30
DKS,Dicks Sporting Goods Inc,RETAIL,Retail-Leisure Products,108,NYSE,115.88,-1.9,-2.27,875,-57.4,93,94,C+,A,B-,97
HAYW,Hayward Holdings Inc,RETAIL,Retail-Leisure Products,108,NYSE,19.65,-1.5,-0.3,353,-58.8,69,42,C+,B,E,61
HIBB,Hibbett Inc,RETAIL,Retail-Leisure Products,108,NASDAQ,61.84,-2.1,-1.35,220,-32.1,79,26,C+,A,D-,64
HZO,Marinemax Inc,RETAIL,Retail-Leisure Products,108,NYSE,47.58,0.2,0.11,324,52.9,95,35,C+,A,C,71
LESL,Leslies Inc,RETAIL,Retail-Leisure Products,108,NASDAQ,21.17,-0.5,-0.11,1547,7.9,51,30,C+,-,B,39
ONEW,Onewater Marine Inc Cl A,RETAIL,Retail-Leisure Products,108,NASDAQ,50.92,-5.2,-2.81,81,16.3,98,94,C+,A,C,90
PLBY,Plby Group Inc,RETAIL,Retail-Leisure Products,108,NASDAQ,16.55,-2.3,-0.4,1539,8,20,16,C+,D,E,23
POOL,Pool Corp,RETAIL,Retail-Leisure Products,108,NASDAQ,471.21,-0.5,-2.52,170,-10.9,98,79,C+,A,D+,94
SPWH,Sportsmans Warehse Hldgs,RETAIL,Retail-Leisure Products,108,NASDAQ,10.86,-1.5,-0.17,985,-25.2,57,14,C+,B,B-,41
WINA,Winmark Corp,RETAIL,Retail-Leisure Products,108,NASDAQ,224.39,0.4,0.79,7,59.5,87,83,C+,A,C,86
FLWS,One-800Flowers.com Cl A,RETAIL,Retail-Mail Order&Direct,197,NASDAQ,16,-4.3,-0.72,1340,61.6,53,9,E,B,D,29
HOUR,Hour Loop Inc,RETAIL,Retail-Mail Order&Direct,197,NASDAQ,2.93,1,0.03,314,-94.2,19,3,E,B,-,21
IMBI,Imedia Brands Inc,RETAIL,Retail-Mail Order&Direct,197,NASDAQ,6.08,10.7,0.59,67,11.7,14,29,E,E,D+,18
POSH,Poshmark Inc Cl A,RETAIL,Retail-Mail Order&Direct,197,NASDAQ,15.43,-6.5,-1.07,760,-13,8,8,E,-,D-,3
QRTEA,Qurate Retail Inc Cl A,RETAIL,Retail-Mail Order&Direct,197,NASDAQ,7.04,-1.6,-0.12,3264,-8.3,45,19,E,B,C+,29
QRTEB,Qurate Retail Inc Cl B,RETAIL,Retail-Mail Order&Direct,197,NASDAQ,7.12,-3.9,-0.29,1,-26.5,45,19,E,B,B-,28
COST,Costco Wholesale Corp,RETAIL,Retail-Major Disc Chains,101,NASDAQ,522.47,2.8,14.06,1978,5.3,85,93,C+,B,D-,86
PSMT,Pricesmart Inc,RETAIL,Retail-Major Disc Chains,101,NASDAQ,70.1,-1,-0.71,68,-0.2,53,29,C+,C,B-,46
TGT,Target Corp,RETAIL,Retail-Major Disc Chains,101,NYSE,217.79,-0.7,-1.44,3523,15.3,78,44,C+,B,E,66
WMT,Walmart Inc,RETAIL,Retail-Major Disc Chains,101,NYSE,141.23,0.2,0.32,4167,-39,71,52,C+,C,D,61
ARCO,Arcos Dorados Hldgs Cl A,RETAIL,Retail-Restaurants,152,NYSE,6.76,-1,-0.07,1095,34.9,69,97,D+,E,A,86
ARKR,Ark Restaurants Corp,RETAIL,Retail-Restaurants,152,NASDAQ,16.73,1.6,0.26,3,-18.6,69,52,D+,A,B-,68
BBQ,BBQ Holdings Inc,RETAIL,Retail-Restaurants,152,NASDAQ,14.95,1.7,0.25,6,-56,69,97,D+,A,C+,82
BDL,Flanigans Enterprises,RETAIL,Retail-Restaurants,152,AMEX,29.9,1,0.29,1,-72.2,83,87,D+,A,C+,78
BFI,Burgerfi International,RETAIL,Retail-Restaurants,152,NASDAQ,5.26,-5.9,-0.33,68,-41.4,30,10,D+,C,E,19
BH,Biglari Holdings Cl B,RETAIL,Retail-Restaurants,152,NYSE,118.32,-0.2,-0.25,0,-72.4,8,24,D+,E,D,14
BHA,Biglari Holdings Cl A,RETAIL,Retail-Restaurants,152,NYSE,624.98,0,0,0,0,8,32,D+,E,E,12
BJRI,B J S Restaurants Inc,RETAIL,Retail-Restaurants,152,NASDAQ,30.7,-2.4,-0.75,189,-30.3,57,22,D+,D,B-,37
BLMN,Bloomin' Brands Inc,RETAIL,Retail-Restaurants,152,NASDAQ,20.72,1.8,0.36,1426,-14.5,69,31,D+,E,D+,41
BROS,Dutch Bros Inc Cl A,RETAIL,Retail-Restaurants,152,NYSE,56.3,-3.7,-2.19,2239,37.2,68,95,D+,C,B+,85
BTBD,BT Brands Inc,RETAIL,Retail-Restaurants,152,NASDAQ,2.58,5.7,0.14,178,-47,17,10,D+,-,D-,6
CAKE,Cheesecake Factory Inc,RETAIL,Retail-Restaurants,152,NASDAQ,36.91,0.1,0.05,747,13.1,69,25,D+,D,B,50
CBRL,Cracker Barrl Old Cnt St,RETAIL,Retail-Restaurants,152,NASDAQ,120.76,-0.2,-0.2,286,10.1,70,29,D+,B,E,54
CHUY,Chuy's Holdings Inc,RETAIL,Retail-Restaurants,152,NASDAQ,24.88,-3,-0.76,145,63.7,81,21,D+,C,B-,54
CMG,Chipotle Mexican Grill,RETAIL,Retail-Restaurants,152,NYSE,1487.66,-1.6,-24.79,244,20.8,99,33,D+,B,D-,72
DENN,Denny's Corporation,RETAIL,Retail-Restaurants,152,NASDAQ,15.46,-0.8,-0.13,271,-20.6,69,69,D+,-,B,65
DIN,Dine Brands Global Inc,RETAIL,Retail-Restaurants,152,NYSE,71.82,1.1,0.76,364,75.7,72,31,D+,-,B-,49
DNUT,Krispy Kreme Inc,RETAIL,Retail-Restaurants,152,NASDAQ,14.34,-2.5,-0.38,913,-25.5,65,31,D+,C,C+,52
DPZ,Dominos Pizza Inc,RETAIL,Retail-Restaurants,152,NYSE,451.87,-1.4,-6.43,367,14.4,90,65,D+,-,E,53
DRI,Darden Restaurants Inc,RETAIL,Retail-Restaurants,152,NYSE,140.95,0.8,1.09,1025,19.2,74,65,D+,A,D-,74
EAT,Brinker International,RETAIL,Retail-Restaurants,152,NYSE,37.45,7.8,2.72,4219,428,59,17,D+,-,B,31
FAT,FAT Brands Inc Cl A,RETAIL,Retail-Restaurants,152,NASDAQ,10.18,-1.6,-0.16,8,-48.1,4,84,D+,D,B,50
FATBB,Fat Brands Inc Cl B,RETAIL,Retail-Restaurants,152,NASDAQ,11.15,-3.3,-0.38,2,-91,1,93,D+,-,B-,34
FRGI,Fiesta Restaurant Group,RETAIL,Retail-Restaurants,152,NASDAQ,9.37,-1.3,-0.13,48,-1.6,30,20,D+,D,C+,28
FWRG,First Watch RestaurantGp,RETAIL,Retail-Restaurants,152,NASDAQ,15.25,-1.5,-0.23,93,-47.9,69,18,D+,D,C,40
GRIL,Muscle Maker Inc,RETAIL,Retail-Restaurants,152,NASDAQ,0.64,2.8,0.02,455,-51.5,39,5,D+,E,D,16
GTIM,Good Times Restaurants,RETAIL,Retail-Restaurants,152,NASDAQ,4.34,-2.5,-0.11,6,-67.3,38,81,D+,C,B-,62
JACK,Jack In The Box Inc,RETAIL,Retail-Restaurants,152,NASDAQ,89.28,-2.4,-2.18,617,91.2,79,33,D+,-,B-,45
KRUS,Kura Sushi USA Inc Cl A,RETAIL,Retail-Restaurants,152,NASDAQ,44.3,-3.4,-1.57,49,-36.1,50,95,D+,D,C,61
LOCO,El Pollo Loco Holdings,RETAIL,Retail-Restaurants,152,NASDAQ,13.21,-1.6,-0.21,191,37.3,69,24,D+,C,C+,39
LUB,Luby's Inc,RETAIL,Retail-Restaurants,152,NYSE,2.8,0,0,8,-84.5,27,89,D+,E,B-,53
MCD,Mcdonalds Corp,RETAIL,Retail-Restaurants,152,NYSE,262.36,1.3,3.37,1544,-18.6,78,86,D+,-,E,62
NATH,Nathans Famous Inc,RETAIL,Retail-Restaurants,152,NASDAQ,53.34,-0.8,-0.42,7,138.3,77,30,D+,-,E,36
NDLS,Noodles & Company,RETAIL,Retail-Restaurants,152,NASDAQ,8.38,-3.6,-0.32,123,-35.8,69,24,D+,E,B+,47
PBPB,Potbelly Corporation,RETAIL,Retail-Restaurants,152,NASDAQ,5.52,-0.5,-0.03,16,-66.2,50,37,D+,E,D+,36
PLAY,Dave & Buster's Entmnt,RETAIL,Retail-Restaurants,152,NASDAQ,35.76,-2,-0.73,643,-37.6,69,60,D+,E,B+,63
PTLO,Portillo's Inc Cl A,RETAIL,Retail-Restaurants,152,NASDAQ,27.33,-6.9,-2.03,549,-47.8,38,31,D+,D,D,33
PZZA,Papa Johns Intl Inc,RETAIL,Retail-Restaurants,152,NASDAQ,124.6,0.3,0.41,252,-6.5,64,88,D+,-,B-,71
QSR,Restaurant Brands Intl,RETAIL,Retail-Restaurants,152,NYSE,57.01,0.9,0.52,894,-18.4,80,35,D+,A,D,64
RAVE,Rave Restaurant Group,RETAIL,Retail-Restaurants,152,NASDAQ,0.94,-1.8,-0.02,50,-77.2,69,20,D+,B,D,43
RRGB,Red Robin Gourmet Burger,RETAIL,Retail-Restaurants,152,NASDAQ,14.97,-0.9,-0.13,171,-29.7,14,14,D+,E,E,9
RUTH,Ruths Hospitality Group,RETAIL,Retail-Restaurants,152,NASDAQ,20.27,-0.1,-0.03,229,-2,69,72,D+,D,B+,70
SBUX,Starbucks Corp,RETAIL,Retail-Restaurants,152,NASDAQ,97.66,-1.1,-1.1,12450,108.2,66,32,D+,-,E,36
SG,Sweetgreen Inc Cl A,RETAIL,Retail-Restaurants,152,NYSE,27.57,-10.1,-3.09,824,-16.9,37,14,D+,E,D+,27
SHAK,Shake Shack Inc Cl A,RETAIL,Retail-Restaurants,152,NYSE,65.23,-2.2,-1.47,298,-53.1,55,22,D+,D,B-,38
STKS,The One Grp Hospitality,RETAIL,Retail-Restaurants,152,NASDAQ,12.25,-3.6,-0.46,72,-33.1,69,98,D+,D,B,83
TACO,Del Taco Restaurants Inc,RETAIL,Retail-Restaurants,152,NASDAQ,12.49,0,-0.01,730,-44.8,49,97,D+,D,B,70
TAST,Carrols Restaurant Group,RETAIL,Retail-Restaurants,152,NASDAQ,2.6,0.8,0.02,238,-16.9,8,13,D+,E,E,2
TXRH,Texas Roadhouse Inc,RETAIL,Retail-Restaurants,152,NASDAQ,87.08,-0.3,-0.31,589,-4,71,55,D+,C,D-,66
WEN,Wendy's Company,RETAIL,Retail-Restaurants,152,NASDAQ,22.85,-1.3,-0.31,2065,42.6,79,77,D+,B,B-,75
WING,Wingstop Inc,RETAIL,Retail-Restaurants,152,NASDAQ,153.69,-1.8,-2.86,199,-15.5,71,44,D+,-,B-,54
YUM,Yum! Brands Inc,RETAIL,Retail-Restaurants,152,NYSE,125.31,1.4,1.73,1212,18.5,86,72,D+,-,D,65
YUMC,Yum China Holdings Inc,RETAIL,Retail-Restaurants,152,NYSE,47.78,-1.5,-0.71,1209,-23.6,52,26,D+,B,D+,36
BARK,Bark Inc,RETAIL,Retail-Specialty,138,NYSE,3.62,-5.2,-0.2,1883,-28.1,8,6,C-,E,C-,10
BTTR,Better Choice Co Inc,RETAIL,Retail-Specialty,138,AMEX,2.3,0.4,0.01,28,-68.8,59,11,C-,-,D-,28
DOGZ,Dogness (Intl) Corp Cl A,RETAIL,Retail-Specialty,138,NASDAQ,3.61,1.1,0.04,307,-86.4,69,98,C-,D,B-,76
DTEA,Davidstea Inc,RETAIL,Retail-Specialty,138,NASDAQ,3.08,-0.7,-0.02,69,-29.7,11,32,C-,E,C+,18
EYE,National Vision Holdings,RETAIL,Retail-Specialty,138,NASDAQ,39.94,-2.9,-1.18,565,-6.3,72,21,C-,B,C-,51
GRWG,Growgeneration Corp,RETAIL,Retail-Specialty,138,NASDAQ,8.29,-5.6,-0.49,1277,-27.9,58,1,C-,C,E,30
JOAN,Joann Inc,RETAIL,Retail-Specialty,138,NASDAQ,10.91,-3.3,-0.37,260,-29.9,11,35,C-,E,B,25
PRTY,Party City Holdco Inc,RETAIL,Retail-Specialty,138,NYSE,4.48,-4.7,-0.22,3278,43.4,31,13,C-,D,C+,22
RBA,Ritchie Bros Auctioneers,RETAIL,Retail-Specialty,138,NYSE,61.96,0.4,0.25,173,-50.6,62,52,C-,B,D,60
RGS,Regis Corp,RETAIL,Retail-Specialty,138,NYSE,1.48,-3,-0.05,762,-44.9,41,1,C-,E,D-,8
SBH,Sally Beauty Holdings,RETAIL,Retail-Specialty,138,NYSE,18.02,3.5,0.62,2274,187.5,56,65,C-,B,D+,54
ULTA,Ulta Beauty Inc,RETAIL,Retail-Specialty,138,NASDAQ,371.26,-0.3,-1.06,312,-47.3,86,87,C-,B,E,85
WOOF,Petco Health & Wellness,RETAIL,Retail-Specialty,138,NASDAQ,18.52,-2.4,-0.45,738,-51.9,69,24,C-,C,C-,54
WRBY,Warby Parker Inc Cl A,RETAIL,Retail-Specialty,138,NYSE,35.96,-5.6,-2.12,815,-32.2,69,18,C-,D,C,43
ACI,Albertsons Companies Inc,RETAIL,Retail-Super/Mini Mkts,18,NYSE,28.59,1.5,0.43,719,-55.9,88,95,A,C,C,90
ARKO,Arko Corp,RETAIL,Retail-Super/Mini Mkts,18,NASDAQ,8.4,-1.9,-0.16,235,-17.3,42,32,A,B,C,70
CASY,Caseys General Stores,RETAIL,Retail-Super/Mini Mkts,18,NASDAQ,189.37,0.5,0.85,115,-31.1,62,44,A,B,C+,78
CBD,Companhia Brasileira Adr,RETAIL,Retail-Super/Mini Mkts,18,NYSE,4.31,-1.4,-0.06,1028,38,21,37,A,D,C+,35
IMKTA,Ingles Markets Inc Cl A,RETAIL,Retail-Super/Mini Mkts,18,NASDAQ,76.38,-0.3,-0.26,51,-38.9,93,95,A,B,D+,95
KR,Kroger Co,RETAIL,Retail-Super/Mini Mkts,18,NYSE,44.2,0.1,0.07,5118,-15.8,76,90,A,C,D+,88
MUSA,Murphy USA Inc,RETAIL,Retail-Super/Mini Mkts,18,NYSE,197.73,0,0.06,233,80,87,96,A,A,B,98
NGVC,Nat Grocers Vit Cottage,RETAIL,Retail-Super/Mini Mkts,18,NYSE,14.97,0.6,0.09,74,67.5,87,89,A,C,A-,93
SFM,Sprouts Farmers Market,RETAIL,Retail-Super/Mini Mkts,18,NASDAQ,28.06,3.4,0.94,1364,-10.9,77,91,A,C,B-,89
SPTN,Spartannash Company,RETAIL,Retail-Super/Mini Mkts,18,NASDAQ,25.35,0.4,0.1,100,-33.4,30,94,A,D,B,77
TA,Travelcenters of America,RETAIL,Retail-Super/Mini Mkts,18,NASDAQ,44.59,-2.5,-1.13,57,-34.3,61,95,A,C,D-,87
VLGEA,Village Super Market A,RETAIL,Retail-Super/Mini Mkts,18,NASDAQ,22.32,-0.7,-0.16,20,-40.1,79,65,A,D,B+,81
WMK,Weis Markets Inc,RETAIL,Retail-Super/Mini Mkts,18,NYSE,60.04,0,0.01,40,18.2,52,87,A,C,B,85
AAP,Advance Auto Parts Inc,RETAIL,Retail/Whlsle-Auto Parts,21,NYSE,236.97,0.9,2.17,463,11.7,81,91,A,C,C+,92
AZO,Autozone Inc,RETAIL,Retail/Whlsle-Auto Parts,21,NYSE,2067.98,2.8,56.41,152,34.8,91,96,A,-,C,91
CPRT,Copart Inc,RETAIL,Retail/Whlsle-Auto Parts,21,NASDAQ,132.01,2,2.58,628,6.5,97,44,A,A,D-,88
GPC,Genuine Parts Co,RETAIL,Retail/Whlsle-Auto Parts,21,NYSE,135.58,1,1.3,325,-12.9,77,85,A,B,B,93
LKQ,L K Q Corp,RETAIL,Retail/Whlsle-Auto Parts,21,NASDAQ,57.16,2.6,1.45,1651,70.9,93,90,A,C,B,97
MNRO,Monro Inc,RETAIL,Retail/Whlsle-Auto Parts,21,NASDAQ,48.97,-1.1,-0.55,360,131,72,22,A,C,D+,63
ORLY,O Reilly Automotive Inc,RETAIL,Retail/Whlsle-Auto Parts,21,NASDAQ,672.99,2.4,16,345,17.1,90,91,A,A,E,95
PRTS,CarParts.com Inc,RETAIL,Retail/Whlsle-Auto Parts,21,NASDAQ,8.95,-5.2,-0.49,430,-38.7,25,11,A,D,B-,37
ABG,Asbury Automotive Group,RETAIL,Retail/Whlsle-Automobile,150,NYSE,171.59,2,3.41,455,158.8,98,39,D+,A,B,80
ACVA,A C V Auctions Inc Cl A,RETAIL,Retail/Whlsle-Automobile,150,NASDAQ,12.24,-8.2,-1.1,696,-28.9,5,10,D+,D,D-,11
AN,Autonation Inc,RETAIL,Retail/Whlsle-Automobile,150,NYSE,108.49,-0.2,-0.27,498,-14.8,96,79,D+,B,D,87
CARS,Cars.com Inc,RETAIL,Retail/Whlsle-Automobile,150,NYSE,15.51,-2.3,-0.37,199,-70.5,16,94,D+,C,B,64
CRMT,Americas Car-Mart Inc,RETAIL,Retail/Whlsle-Automobile,150,NASDAQ,92.18,-4.5,-4.31,79,97.8,91,19,D+,A,D,57
CVNA,Carvana Co Cl A,RETAIL,Retail/Whlsle-Automobile,150,NYSE,158.28,-4,-6.54,1839,-23.9,23,10,D+,D,E,15
CWH,Camping World Hldgs Cl A,RETAIL,Retail/Whlsle-Automobile,150,NYSE,33.93,-1.3,-0.45,870,-7.7,58,29,D+,D,D-,37
CZOO,Cazoo Group Ltd Cl A,RETAIL,Retail/Whlsle-Automobile,150,NYSE,4.39,-8.6,-0.41,215,-77.1,8,6,D+,-,C+,9
DRVN,Driven Brands Hldgs Inc,RETAIL,Retail/Whlsle-Automobile,150,NASDAQ,28.79,-1,-0.28,255,-29.5,93,44,D+,B,D+,77
GPI,Group I Automotive Inc,RETAIL,Retail/Whlsle-Automobile,150,NYSE,171.22,0.1,0.13,93,-17.6,96,69,D+,B,D+,84
IAA,IAA Inc,RETAIL,Retail/Whlsle-Automobile,150,NYSE,47.23,2.1,0.96,1645,203.4,94,24,D+,A,D-,65
JZXN,Jiuzi Holdings Inc,RETAIL,Retail/Whlsle-Automobile,150,NASDAQ,1.52,-6.7,-0.11,155,-72,69,4,D+,A,B,41
KAR,Kar Auction Svcs Inc,RETAIL,Retail/Whlsle-Automobile,150,NYSE,14.26,-0.7,-0.11,1440,21,37,35,D+,E,B-,29
KMX,Carmax Inc,RETAIL,Retail/Whlsle-Automobile,150,NYSE,109.86,-1,-1.1,1050,5.9,76,25,D+,A,D,59
KXIN,Kaixin Auto Holdings,RETAIL,Retail/Whlsle-Automobile,150,NASDAQ,1.11,-1.8,-0.02,85,-96.9,69,7,D+,-,D-,24
LAD,Lithia Motors Inc Cl A,RETAIL,Retail/Whlsle-Automobile,150,NYSE,291.83,-1.4,-4.1,179,-32.6,98,28,D+,A,B,75
LAZY,Lazydays Holdings Inc,RETAIL,Retail/Whlsle-Automobile,150,NASDAQ,16.1,-1.7,-0.28,82,-37.4,77,23,D+,B,D,64
LMPX,Lmp Automotive Holdings,RETAIL,Retail/Whlsle-Automobile,150,NASDAQ,7.52,-4.9,-0.39,41,-44.1,69,8,D+,D,D+,34
LOTZ,CarLotz Inc Cl A,RETAIL,Retail/Whlsle-Automobile,150,NASDAQ,2.13,-2.7,-0.06,1249,0.7,2,5,D+,D,D+,6
MCW,Mister Car Wash Inc,RETAIL,Retail/Whlsle-Automobile,150,NYSE,17.42,-0.1,-0.02,563,-32.5,69,32,D+,C,B,62
PAG,Penske Automotive Grp,RETAIL,Retail/Whlsle-Automobile,150,NYSE,103.1,-0.6,-0.59,340,57.9,95,92,D+,B,B-,91
RUSHA,Rush Enterprises Cl A,RETAIL,Retail/Whlsle-Automobile,150,NASDAQ,52.38,-1.6,-0.84,125,-1.6,98,85,D+,D,A-,88
RUSHB,Rush Enterprises Cl B,RETAIL,Retail/Whlsle-Automobile,150,NASDAQ,49.94,-2.5,-1.26,3,-70.6,98,87,D+,D,C+,82
SAH,Sonic Automotive Cl A,RETAIL,Retail/Whlsle-Automobile,150,NYSE,50.44,-1.1,-0.56,142,-32.5,97,75,D+,B,B+,92
SFT,Shift Technologies Cl A,RETAIL,Retail/Whlsle-Automobile,150,NASDAQ,2.13,-10.3,-0.25,2652,-22.2,35,1,D+,D,E,11
TC,Tuanche Limited Cl A ADS,RETAIL,Retail/Whlsle-Automobile,150,NASDAQ,2.18,2.6,0.06,0,-98.2,41,19,D+,D,C-,25
VRM,Vroom Inc,RETAIL,Retail/Whlsle-Automobile,150,NASDAQ,7.67,-8.9,-0.75,2909,-2.2,5,1,D+,D,E,4
AIT,Applied Industrial Tech,RETAIL,Retail/Whlsle-Bldg Prds,30,NYSE,99.3,-0.4,-0.44,85,45.6,91,86,A,B,B-,96
BECN,Beacon Roofing Supply,RETAIL,Retail/Whlsle-Bldg Prds,30,NASDAQ,54.87,-0.2,-0.09,452,61.6,82,81,A,C,D-,85
BXC,Bluelinx Holdings Inc,RETAIL,Retail/Whlsle-Bldg Prds,30,NYSE,75.52,1,0.74,55,-48.7,42,99,A,B,B-,93
FAST,Fastenal Co,RETAIL,Retail/Whlsle-Bldg Prds,30,NASDAQ,57.26,1.3,0.75,1945,4.2,85,79,A,A,C+,91
FERG,Ferguson plc,RETAIL,Retail/Whlsle-Bldg Prds,30,NYSE,160.47,0.8,1.22,27,-9.7,93,91,A,A,C-,96
FND,Floor & Decor Hldgs Cl A,RETAIL,Retail/Whlsle-Bldg Prds,30,NYSE,108.45,-1.5,-1.64,801,52.7,94,35,A,A,E,81
GIC,Global Industrial Co,RETAIL,Retail/Whlsle-Bldg Prds,30,NYSE,33.88,-1.9,-0.67,22,-3.2,83,26,A,B,B-,70
GMS,G M S Inc,RETAIL,Retail/Whlsle-Bldg Prds,30,NYSE,51.22,-1.1,-0.56,116,-29.4,97,91,A,B,C-,99
GWW,W W Grainger Inc,RETAIL,Retail/Whlsle-Bldg Prds,30,NYSE,501.19,1.3,6.21,268,79,82,88,A,B,D-,91
HBP,Huttig Building Products,RETAIL,Retail/Whlsle-Bldg Prds,30,NASDAQ,9.84,2.3,0.22,117,-40.9,73,99,A,D,C,90
HD,Home Depot Inc,RETAIL,Retail/Whlsle-Bldg Prds,30,NYSE,373.79,1.4,5.09,2704,-9.9,89,88,A,A,E,93
HLMN,Hillman Solutions Cp ClA,RETAIL,Retail/Whlsle-Bldg Prds,30,NASDAQ,8.82,-0.2,-0.02,377,-27.9,4,22,A,E,E,23
JCTCF,Jewett Cameron Trading,RETAIL,Retail/Whlsle-Bldg Prds,30,NASDAQ,7.35,0,0,0,0,36,19,A,B,E,40
LAWS,Lawson Products Inc,RETAIL,Retail/Whlsle-Bldg Prds,30,NASDAQ,47.02,-3.4,-1.68,21,46.2,86,42,A,B,B-,80
LL,L L Flooring Holdings,RETAIL,Retail/Whlsle-Bldg Prds,30,NYSE,14.5,-0.5,-0.07,163,-27.9,80,17,A,B,D+,55
LOW,Lowe's Companies Inc,RETAIL,Retail/Whlsle-Bldg Prds,30,NYSE,239.48,0.5,1.13,1568,-38.7,91,92,A,A,D-,94
MSM,M S C Industrial Drct,RETAIL,Retail/Whlsle-Bldg Prds,30,NYSE,84.01,1,0.86,380,52.3,71,52,A,B,B-,77
SITE,SiteOne Landscape Supply,RETAIL,Retail/Whlsle-Bldg Prds,30,NYSE,186.76,1.3,2.32,203,-2.4,98,42,A,B,E,79
TITN,Titan Machinery Inc,RETAIL,Retail/Whlsle-Bldg Prds,30,NASDAQ,30.65,-2.3,-0.73,80,-46.6,99,92,A,C,B-,99
TSCO,Tractor Supply Co,RETAIL,Retail/Whlsle-Bldg Prds,30,NASDAQ,220.56,0.1,0.25,643,16.9,92,92,A,A,D+,96
TTSH,Tile Shop Holdings Inc,RETAIL,Retail/Whlsle-Bldg Prds,30,NASDAQ,6.57,-0.5,-0.03,163,99,42,31,A,D,C+,63
BGI,Birks Group Inc Cl A,RETAIL,Retail/Whlsle-Jewelry,31,AMEX,4.49,-2.2,-0.1,97,-57.6,69,99,A,E,B-,79
BRLT,Brilliant Earth Grp Cl A,RETAIL,Retail/Whlsle-Jewelry,31,NASDAQ,11.94,-6.4,-0.82,169,-46.4,62,27,A,-,D-,44
CTHR,Charles & Colvard Ltd,RETAIL,Retail/Whlsle-Jewelry,31,NASDAQ,2.37,-2.2,-0.05,60,-41,42,28,A,A,D,59
ELA,Envela Corporation,RETAIL,Retail/Whlsle-Jewelry,31,AMEX,4,-1,-0.04,17,-22.3,95,32,A,A,D+,74
FOSL,Fossil Group Inc,RETAIL,Retail/Whlsle-Jewelry,31,NASDAQ,11.12,-2,-0.23,442,-2.8,70,33,A,E,B-,59
MOV,Movado Group Inc,RETAIL,Retail/Whlsle-Jewelry,31,NYSE,37.72,-0.4,-0.15,73,-42.8,68,95,A,C,B+,96
SIG,Signet Jewelers Ltd,RETAIL,Retail/Whlsle-Jewelry,31,NYSE,85.24,-1.4,-1.24,795,-7.4,68,96,A,B,C+,98
ODP,The ODP Corporation,RETAIL,Retail/Whlsle-Office Sup,111,NASDAQ,43.5,-1.4,-0.62,189,-29.4,57,60,C+,E,B,58
CNXN,P C Connection Inc,RETAIL,Wholesale-Electronics,148,NASDAQ,43.22,0.1,0.06,26,28.6,82,35,D+,D,B-,60
NSIT,Insight Enterprises Inc,RETAIL,Wholesale-Electronics,148,NASDAQ,94.23,0.1,0.13,95,-15.1,90,60,D+,C,C+,78
SCSC,Scansource Inc,RETAIL,Wholesale-Electronics,148,NASDAQ,32.13,1.4,0.44,64,1.8,80,69,D+,C,B+,74
SNX,T D Synnex,RETAIL,Wholesale-Electronics,148,NYSE,107.39,3.1,3.2,274,21.3,84,52,D+,C,B-,72
WSTG,Wayside Tech Group Inc,RETAIL,Wholesale-Electronics,148,NASDAQ,30.62,-5.3,-1.71,32,166.9,88,96,D+,C,B,87
DIT,Amcon Distributing Co,RETAIL,Wholesale-Food,85,AMEX,166.84,2,3.34,1,-48.3,82,93,B-,C,C,77
FARM,Farmer Brothers Co,RETAIL,Wholesale-Food,85,NASDAQ,6.34,-2.3,-0.15,87,-11.6,45,27,B-,E,D+,34
HFFG,Hf Foods Group Inc,RETAIL,Wholesale-Food,85,NASDAQ,6.6,-3.4,-0.23,84,47.3,69,79,B-,D,C,73
JVA,Coffee Holding Co Inc,RETAIL,Wholesale-Food,85,NASDAQ,4.28,-2.3,-0.1,38,75.5,39,32,B-,E,D,32
PFGC,Performance Food Group,RETAIL,Wholesale-Food,85,NYSE,43.69,0.7,0.29,982,3,68,35,B-,C,C-,64
SYY,Sysco Corp,RETAIL,Wholesale-Food,85,NYSE,79.94,0.6,0.48,1499,-16.6,67,77,B-,B,C-,84
UNFI,United Natural Foods Inc,RETAIL,Wholesale-Food,85,NYSE,39.91,-0.1,-0.02,471,3.2,65,90,B-,C,C+,71
USFD,U S Foods Holding Corp,RETAIL,Wholesale-Food,85,NYSE,36.15,-0.3,-0.11,721,-45.4,65,75,B-,C,C,79
WILC,G Willi Food Intl Ltd,RETAIL,Wholesale-Food,85,NASDAQ,19.51,-0.5,-0.09,3,22.8,63,39,B-,C,B-,63
AX,Axos Financial Inc,S&Ls,Finance-Savings & Loan,32,NYSE,50.82,-3.2,-1.66,145,-2.5,83,84,A,B,C-,86
BANC,Banc of California Inc,S&Ls,Finance-Savings & Loan,32,NYSE,19.59,0.3,0.06,184,43.3,30,77,A,C,C-,73
BFIN,Bankfinancial Corp,S&Ls,Finance-Savings & Loan,32,NASDAQ,10.78,0.8,0.09,4,-67.3,42,60,A,D,B-,63
BHLB,Berkshire Hills Bancorp,S&Ls,Finance-Savings & Loan,32,NYSE,30.22,0.9,0.27,170,19.1,49,95,A,D,B-,77
BKU,Bankunited Inc,S&Ls,Finance-Savings & Loan,32,NYSE,41.99,-0.6,-0.26,443,-13.1,82,75,A,C,C+,82
BRKL,Brookline Bancorp Inc,S&Ls,Finance-Savings & Loan,32,NASDAQ,16.99,-0.4,-0.07,143,8.8,67,88,A,C,B,84
BYFC,Broadway Finl Corp Del,S&Ls,Finance-Savings & Loan,32,NASDAQ,1.88,0.5,0.01,576,179.7,47,21,A,C,E,38
CARV,Carver Bancorp Inc,S&Ls,Finance-Savings & Loan,32,NASDAQ,7.96,-4.9,-0.41,107,-21.8,32,20,A,E,B-,36
CASH,Meta Financial Group Inc,S&Ls,Finance-Savings & Loan,32,NASDAQ,59.01,-4.2,-2.57,276,97,97,94,A,A,B-,99
CFBK,CF Bankshares Inc,S&Ls,Finance-Savings & Loan,32,NASDAQ,21.61,3.2,0.66,5,17,62,81,A,B,C,81
CFFN,Capitol Federal Finl,S&Ls,Finance-Savings & Loan,32,NASDAQ,10.94,-1.8,-0.2,491,53.2,53,35,A,C,B-,58
CZWI,Citizens Cmmty Banc Md,S&Ls,Finance-Savings & Loan,32,NASDAQ,15.1,1.2,0.19,21,72.7,93,90,A,C,B-,92
ESBK,Elmira Svgs Bk Elmira Ny,S&Ls,Finance-Savings & Loan,32,NASDAQ,22.87,0,0,5,-14.6,52,98,A,C,B,84
ESSA,Essa Bancorp Inc,S&Ls,Finance-Savings & Loan,32,NASDAQ,17.7,-0.1,-0.01,3,-68.5,86,87,A,C,B-,89
FBC,Flagstar Bancorp Inc,S&Ls,Finance-Savings & Loan,32,NYSE,44.92,-2.4,-1.1,402,43.2,63,60,A,B,E,69
FCAP,First Capital Inc,S&Ls,Finance-Savings & Loan,32,NASDAQ,40.8,0,0,0,0,66,39,A,B,B-,67
FFBC,First Finl Bancorp Ohio,S&Ls,Finance-Savings & Loan,32,NASDAQ,25.23,-0.6,-0.16,164,9.8,75,86,A,C,B-,83
FFBW,F F B W Inc,S&Ls,Finance-Savings & Loan,32,NASDAQ,11.78,0.2,0.02,8,71.7,84,75,A,C,B-,88
FFNW,First Finl Northwest Inc,S&Ls,Finance-Savings & Loan,32,NASDAQ,16.6,-0.2,-0.04,14,69.8,62,86,A,C,B,81
FSEA,First Seacoast Bancorp,S&Ls,Finance-Savings & Loan,32,NASDAQ,10.25,-1.5,-0.16,2,-31.9,54,85,A,D,B,81
FSFG,First Savings Finl Grp,S&Ls,Finance-Savings & Loan,32,NASDAQ,26.15,0.3,0.09,0,-81,56,83,A,C,C-,76
GCBC,Greene County Bancorp,S&Ls,Finance-Savings & Loan,32,NASDAQ,37.24,-0.8,-0.3,3,16.5,90,95,A,A,B-,97
HBCP,Home Bancorp Inc,S&Ls,Finance-Savings & Loan,32,NASDAQ,39.47,-1.4,-0.55,10,-9.1,72,84,A,B,B,88
HFBL,Home Fed Bancorp Inc La,S&Ls,Finance-Savings & Loan,32,NASDAQ,20,0,0,0,0,56,91,A,C,C+,81
HMNF,H M N Financial Inc,S&Ls,Finance-Savings & Loan,32,NASDAQ,24.69,1.2,0.29,0,-65.3,75,89,A,C,D,87
IROQ,I F Bancorp Inc,S&Ls,Finance-Savings & Loan,32,NASDAQ,25.8,0,0,0,0,83,91,A,C,B-,90
ISBC,Investors Bancorp Inc,S&Ls,Finance-Savings & Loan,32,NASDAQ,16.87,0.5,0.09,1453,7.9,76,92,A,C,C,88
KFFB,Kentucky First Fed Bncp,S&Ls,Finance-Savings & Loan,32,NASDAQ,7.46,-3.6,-0.28,0,-83.9,84,87,A,D,C-,87
KRNY,Kearny Financial Corp,S&Ls,Finance-Savings & Loan,32,NASDAQ,13.16,0.2,0.03,227,4.6,98,79,A,C,B,92
LSBK,Lake Shore Bancorp Inc,S&Ls,Finance-Savings & Loan,32,NASDAQ,14.8,0,0,0,0,75,65,A,C,D,78
MGYR,Magyar Bancorp Inc,S&Ls,Finance-Savings & Loan,32,NASDAQ,11.78,-0.2,-0.02,2,-18.5,95,79,A,C,B,92
MLVF,Malvern Bancorp Inc,S&Ls,Finance-Savings & Loan,32,NASDAQ,15.45,-0.8,-0.13,148,2114.3,20,32,A,E,D,37
NECB,Northeast Cmnty Bancorp,S&Ls,Finance-Savings & Loan,32,NASDAQ,11.52,0.6,0.07,29,-27.8,68,81,A,C,A-,85
NFBK,Northfield Bancorp Inc,S&Ls,Finance-Savings & Loan,32,NASDAQ,15.38,-3,-0.47,74,-6,89,60,A,B,D-,79
NWBI,Northwest Bancshares Inc,S&Ls,Finance-Savings & Loan,32,NASDAQ,13.79,-2.1,-0.3,635,44.6,56,75,A,C,B-,74
NYCB,New York Community Bncrp,S&Ls,Finance-Savings & Loan,32,NYSE,11.56,-1.7,-0.2,7895,62.3,71,60,A,C,D-,69
OCFC,Oceanfirst Financial Cp,S&Ls,Finance-Savings & Loan,32,NASDAQ,22.71,-0.3,-0.07,121,-18.3,72,83,A,C,A-,86
OFED,Oconee Federal Financial,S&Ls,Finance-Savings & Loan,32,NASDAQ,23.75,4.2,0.95,1,2.9,33,55,A,D,D-,54
PBCT,People's United Fincl,S&Ls,Finance-Savings & Loan,32,NASDAQ,19.8,0.7,0.14,3830,25.4,60,92,A,C,C-,77
PBHC,Pathfinder Bancorp Inc,S&Ls,Finance-Savings & Loan,32,NASDAQ,17.08,0,0,0,0,92,89,A,C,B+,98
PFC,Premier Financial Corp,S&Ls,Finance-Savings & Loan,32,NASDAQ,30.67,1.5,0.44,156,75.3,66,72,A,B,B+,85
PROV,Provident Financial Hldg,S&Ls,Finance-Savings & Loan,32,NASDAQ,16.72,-0.2,-0.03,0,-96.7,87,72,A,C,C,82
RBB,R B B Bancorp,S&Ls,Finance-Savings & Loan,32,NASDAQ,26.72,0.2,0.05,13,-26,86,93,A,B,B-,91
RMBI,Richmond Mutual Bancorp,S&Ls,Finance-Savings & Loan,32,NASDAQ,16.5,1.2,0.2,13,87.8,92,87,A,C,B-,93
RVSB,Riverview Bancorp Inc,S&Ls,Finance-Savings & Loan,32,NASDAQ,7.29,-3.3,-0.25,157,570.2,89,88,A,C,B-,94
SBT,Sterling Bancorp Inc,S&Ls,Finance-Savings & Loan,32,NASDAQ,6.05,-0.2,-0.02,369,897.2,60,92,A,E,B-,79
SSBI,Summit State Bank,S&Ls,Finance-Savings & Loan,32,NASDAQ,16.25,0,0,3,-37.2,93,79,A,A,B+,97
SYF,Synchrony Financial,S&Ls,Finance-Savings & Loan,32,NYSE,42.83,-0.1,-0.06,6986,63,91,52,A,B,D-,75
TBNK,Territorial Bancorp Inc,S&Ls,Finance-Savings & Loan,32,NASDAQ,24.92,-0.2,-0.05,4,-46.2,48,60,A,C,C+,64
TFSL,T F S Financial Corp,S&Ls,Finance-Savings & Loan,32,NASDAQ,17.11,-1.8,-0.32,191,38.8,50,37,A,D,C,53
TRST,Trustco Bank Corp Ny,S&Ls,Finance-Savings & Loan,32,NASDAQ,33.74,-0.3,-0.09,29,-8.9,76,60,A,C,D-,69
WNEB,Western New Eng Bncrp,S&Ls,Finance-Savings & Loan,32,NASDAQ,9.2,1.2,0.11,17,-10.6,86,84,A,B,B,90
WSBF,Waterstone Financial Inc,S&Ls,Finance-Savings & Loan,32,NASDAQ,20.22,-0.7,-0.14,69,8.6,59,69,A,C,C+,76
WSFS,W S F S Financial Corp,S&Ls,Finance-Savings & Loan,32,NASDAQ,51.75,-2.8,-1.51,342,47.3,60,84,A,C,D+,77
AI,C3.ai Inc Cl A,SOFTWARE,Comp Sftwr-Spec Enterprs,177,NYSE,24.81,-6.9,-1.83,2282,-38.6,2,7,D-,D,D-,7
ANY,Sphere 3D Corp,SOFTWARE,Comp Sftwr-Spec Enterprs,177,NASDAQ,2.34,0.2,0.01,4708,20.2,33,23,D-,E,B-,18
APP,Applovin Corp Cl A,SOFTWARE,Comp Sftwr-Spec Enterprs,177,NASDAQ,65.53,-3.2,-2.16,1270,-7.2,69,39,D-,-,D-,37
APPF,Appfolio Inc Cl A,SOFTWARE,Comp Sftwr-Spec Enterprs,177,NASDAQ,116.16,-0.5,-0.61,79,9.2,50,27,D-,B,B-,41
AVLR,Avalara Inc,SOFTWARE,Comp Sftwr-Spec Enterprs,177,NYSE,104.7,-5.7,-6.29,593,-26.1,10,17,D-,C,B,28
BL,Blackline Inc,SOFTWARE,Comp Sftwr-Spec Enterprs,177,NASDAQ,88.9,-3.1,-2.82,253,-25.7,74,20,D-,B,C-,47
BRQS,Borqs Technologies Inc,SOFTWARE,Comp Sftwr-Spec Enterprs,177,NASDAQ,0.36,1.1,0,1017,-54.1,39,5,D-,-,D-,8
BSQR,B Square Corp,SOFTWARE,Comp Sftwr-Spec Enterprs,177,NASDAQ,1.61,-2.1,-0.04,82,-62.5,23,19,D-,E,D,7
CDAY,Ceridian H C M Holding,SOFTWARE,Comp Sftwr-Spec Enterprs,177,NYSE,77.63,-0.6,-0.46,1144,36.5,37,19,D-,C,D-,27
CDK,C D K Global Inc,SOFTWARE,Comp Sftwr-Spec Enterprs,177,NASDAQ,43.25,-0.8,-0.34,305,-36.6,69,35,D-,-,B,45
CLBT,Cellebrite D I Ltd Cl A,SOFTWARE,Comp Sftwr-Spec Enterprs,177,NASDAQ,5.89,-6.1,-0.38,111,-52,33,13,D-,B,D-,32
CLVT,Clarivate Plc,SOFTWARE,Comp Sftwr-Spec Enterprs,177,NYSE,17.67,1,0.18,5198,45.8,35,17,D-,A,D-,32
CRTD,Creatd Inc,SOFTWARE,Comp Sftwr-Spec Enterprs,177,NASDAQ,1.55,-10.7,-0.19,177,-67,45,8,D-,-,C+,19
CTXS,Citrix Systems Inc,SOFTWARE,Comp Sftwr-Spec Enterprs,177,NASDAQ,102.1,-0.3,-0.28,2629,103.9,52,44,D-,B,C+,46
DCT,Duck Creek Technologies,SOFTWARE,Comp Sftwr-Spec Enterprs,177,NASDAQ,25.62,-2,-0.51,351,-33.1,47,17,D-,C,C-,32
DOMA,Doma Holdings Inc,SOFTWARE,Comp Sftwr-Spec Enterprs,177,NYSE,3.75,-6.4,-0.26,863,1.5,6,9,D-,D,C+,12
DSGX,Descartes Systems Group,SOFTWARE,Comp Sftwr-Spec Enterprs,177,NASDAQ,71.56,-0.7,-0.54,111,-28.6,97,65,D-,B,C-,82
DV,Doubleverify Hldgs Inc,SOFTWARE,Comp Sftwr-Spec Enterprs,177,NYSE,27.16,-2.9,-0.82,530,-23.4,62,22,D-,B,C+,47
EVOL,Evolving Systems Inc,SOFTWARE,Comp Sftwr-Spec Enterprs,177,NASDAQ,1.91,0.5,0.01,32,-44.9,36,25,D-,B,D-,25
HUBS,Hubspot Inc,SOFTWARE,Comp Sftwr-Spec Enterprs,177,NYSE,477.89,-2.6,-12.58,509,-19.5,96,29,D-,B,D,63
IAS,Integral Ad Science Hldg,SOFTWARE,Comp Sftwr-Spec Enterprs,177,NASDAQ,17.67,-0.7,-0.12,308,-33.6,2,30,D-,D,D+,22
IS,Ironsource Ltd Cl A,SOFTWARE,Comp Sftwr-Spec Enterprs,177,NYSE,6.77,-2.9,-0.2,1309,-40.5,10,16,D-,-,B-,16
JAMF,Jamf Holding Corp,SOFTWARE,Comp Sftwr-Spec Enterprs,177,NASDAQ,33.04,-2.8,-0.94,196,-67.1,27,31,D-,C,A-,41
KARO,Karooooo Ltd,SOFTWARE,Comp Sftwr-Spec Enterprs,177,NASDAQ,35.43,-1.2,-0.43,7,-30.8,90,65,D-,A,A-,89
LSPD,Lightspeed Commerce Inc,SOFTWARE,Comp Sftwr-Spec Enterprs,177,NYSE,32.14,-7.2,-2.48,1682,36.6,13,5,D-,C,B,19
MFGP,Micro Focus Intl Plc Ads,SOFTWARE,Comp Sftwr-Spec Enterprs,177,NYSE,6.28,2,0.13,415,-26.6,25,86,D-,E,B,48
MITK,Mitek System Inc,SOFTWARE,Comp Sftwr-Spec Enterprs,177,NASDAQ,15.57,-4.2,-0.69,340,21.6,89,37,D-,A,D+,65
MKD,Molecular Data Cl A Ads,SOFTWARE,Comp Sftwr-Spec Enterprs,177,NASDAQ,0.18,-2.2,0,3074,-51.3,18,2,D-,-,C-,1
NVVE,Nuvve Holding Corp,SOFTWARE,Comp Sftwr-Spec Enterprs,177,NASDAQ,6.69,-2.6,-0.18,83,-42.6,1,9,D-,E,E,1
PCYG,Park City Group Inc,SOFTWARE,Comp Sftwr-Spec Enterprs,177,NASDAQ,8.02,6.4,0.48,160,145.7,71,96,D-,C,C+,73
RCAT,Red Cat Holdings Inc,SOFTWARE,Comp Sftwr-Spec Enterprs,177,NASDAQ,1.73,-3.9,-0.07,197,-85.8,2,11,D-,D,C-,8
SPSC,S P S Commerce Inc,SOFTWARE,Comp Sftwr-Spec Enterprs,177,NASDAQ,120.42,-3.2,-4.02,91,-7.7,94,79,D-,A,D,78
SREV,Servicesource Intl Llc,SOFTWARE,Comp Sftwr-Spec Enterprs,177,NASDAQ,1.01,-1,-0.01,25,-85,47,18,D-,E,B-,27
STEM,Stem Inc,SOFTWARE,Comp Sftwr-Spec Enterprs,177,NYSE,12.33,-2.4,-0.3,2445,-12.3,45,7,D-,D,D+,21
TEAM,Atlassian Corp Plc Cl A,SOFTWARE,Comp Sftwr-Spec Enterprs,177,NASDAQ,313.37,-3.8,-12.5,1541,-2.6,98,77,D-,A,B-,84
TYL,Tyler Technologies Inc,SOFTWARE,Comp Sftwr-Spec Enterprs,177,NYSE,469.77,-1.2,-5.58,97,-17.3,91,65,D-,A,C-,85
VERB,Verb Technology Company,SOFTWARE,Comp Sftwr-Spec Enterprs,177,NASDAQ,1.23,-7.2,-0.1,483,-32,24,20,D-,E,C,12
VERI,Veritone Inc,SOFTWARE,Comp Sftwr-Spec Enterprs,177,NASDAQ,15.5,-1.8,-0.28,468,19.6,42,13,D-,D,C-,25
VMW,Vmware Inc Cl A,SOFTWARE,Comp Sftwr-Spec Enterprs,177,NYSE,130.54,1.6,2.07,1266,-24.3,68,60,D-,A,D-,65
VRAR,Glimpse Group Inc,SOFTWARE,Comp Sftwr-Spec Enterprs,177,NASDAQ,9.65,-1.1,-0.11,94,-66.4,8,20,D-,D,B,22
VRRM,Verra Mobility Corp,SOFTWARE,Comp Sftwr-Spec Enterprs,177,NASDAQ,15.87,-0.8,-0.12,444,-22.5,61,79,D-,A,B,81
VTEX,V T E X Claas A,SOFTWARE,Comp Sftwr-Spec Enterprs,177,NYSE,7.24,-6.3,-0.49,386,-41.1,8,4,D-,C,C-,11
YEXT,Yext Inc,SOFTWARE,Comp Sftwr-Spec Enterprs,177,NYSE,8.26,-0.2,-0.02,2063,95.6,8,14,D-,D,B-,16
ZUO,Zuora Inc Class A,SOFTWARE,Comp Sftwr-Spec Enterprs,177,NYSE,15.91,-3.7,-0.62,467,-40.8,4,39,D-,D,B-,35
AYX,Alteryx Inc Cl A,SOFTWARE,Computer Sftwr-Database,109,NYSE,53.35,-4.6,-2.6,486,-17.6,49,17,C+,B,C-,30
BASE,Couchbase Inc,SOFTWARE,Computer Sftwr-Database,109,NASDAQ,22.96,-5,-1.2,248,-52.3,12,18,C+,-,D-,17
BOX,Box Inc Cl A,SOFTWARE,Computer Sftwr-Database,109,NYSE,26.31,0.7,0.19,646,-51.5,47,90,C+,A,C+,80
CFLT,Confluent Inc Class A,SOFTWARE,Computer Sftwr-Database,109,NASDAQ,65.9,-3.9,-2.67,1171,-50.6,2,96,C+,D,D,52
CVLT,Commvault Systems Inc,SOFTWARE,Computer Sftwr-Database,109,NASDAQ,67.26,-0.2,-0.15,199,4.4,84,65,C+,B,C,75
CYXT,Cyxtera Technologies ClA,SOFTWARE,Computer Sftwr-Database,109,NASDAQ,11.84,0.3,0.03,117,-46.4,2,94,C+,-,A-,61
DBX,Dropbox Inc Cl A,SOFTWARE,Computer Sftwr-Database,109,NASDAQ,24.9,-1.6,-0.4,2773,0.3,98,37,C+,A,D+,79
DTST,Data Storage Corp,SOFTWARE,Computer Sftwr-Database,109,NASDAQ,3.21,-2.3,-0.08,33,-96.7,34,18,C+,B,D-,31
ESTC,Elastic N.V,SOFTWARE,Computer Sftwr-Database,109,NYSE,88.77,-6,-5.62,1200,-13.1,7,15,C+,C,C-,25
JG,Aurora Mobile Ads Cl A,SOFTWARE,Computer Sftwr-Database,109,NASDAQ,0.92,-1.1,-0.01,104,-70.2,36,6,C+,E,E,9
MDB,Mongodb Inc Cl A,SOFTWARE,Computer Sftwr-Database,109,NASDAQ,398.37,-3.1,-12.78,579,-38.4,33,79,C+,D,D+,58
MNTV,Momentive Global Inc,SOFTWARE,Computer Sftwr-Database,109,NASDAQ,17.77,1.7,0.29,645,-25,47,25,C+,D,C,40
MSTR,Microstrategy Inc Cl A,SOFTWARE,Computer Sftwr-Database,109,NASDAQ,347.03,-7,-25.97,662,51.5,46,10,C+,C,D+,27
NEWR,New Relic Inc,SOFTWARE,Computer Sftwr-Database,109,NYSE,102.03,-3.8,-4.04,688,23.5,11,98,C+,D,C,64
NTCT,Netscout Systems Inc,SOFTWARE,Computer Sftwr-Database,109,NASDAQ,31.13,-1.5,-0.46,190,-15,75,84,C+,C,B,86
ORCL,Oracle Corp,SOFTWARE,Computer Sftwr-Database,109,NYSE,82.47,1.8,1.43,6122,-20.6,83,60,C+,A,E,69
OTEX,Open Text Corp,SOFTWARE,Computer Sftwr-Database,109,NASDAQ,47.86,-0.1,-0.07,413,-2.2,64,52,C+,A,D,62
OTMO,Otonomo Technologies Ltd,SOFTWARE,Computer Sftwr-Database,109,NASDAQ,2.4,-9.6,-0.26,135,-2,8,3,C+,-,C,9
PRGS,Progress Software Corp,SOFTWARE,Computer Sftwr-Database,109,NASDAQ,45.9,-0.9,-0.4,224,-2.5,85,65,C+,A,D+,80
SMWB,Similarweb Ltd,SOFTWARE,Computer Sftwr-Database,109,NYSE,13.69,-3.8,-0.55,74,-61.7,2,16,C+,-,B-,20
SPLK,Splunk Inc,SOFTWARE,Computer Sftwr-Database,109,NASDAQ,120.56,-2.8,-3.45,1351,-23.9,2,26,C+,D,D-,24
TDC,Teradata Corp,SOFTWARE,Computer Sftwr-Database,109,NYSE,42.05,0.8,0.34,989,70,53,42,C+,B,C-,55
VQS,Viq Solutions Inc,SOFTWARE,Computer Sftwr-Database,109,NASDAQ,2.1,0.5,0.01,30,-28.8,2,11,C+,E,B-,12
VRNS,Varonis Systems Inc,SOFTWARE,Computer Sftwr-Database,109,NASDAQ,37.72,-1.6,-0.63,874,11.3,59,15,C+,D,B-,40
WK,Workiva Inc Cl A,SOFTWARE,Computer Sftwr-Database,109,NYSE,115.95,-3.1,-3.74,201,-25.8,69,75,C+,B,C-,79
ZETA,Zeta Global Holdings ClA,SOFTWARE,Computer Sftwr-Database,109,NYSE,9.88,2.4,0.23,276,19.7,2,93,C+,-,B-,56
ADSK,Autodesk Inc,SOFTWARE,Computer Sftwr-Design,161,NASDAQ,247.66,-0.8,-2.06,936,-33.5,92,25,D,A,C-,71
ALTR,Altair Engineering Cl A,SOFTWARE,Computer Sftwr-Design,161,NASDAQ,61.46,-1,-0.6,87,-33,91,32,D,B,C-,61
ANSS,Ansys Inc,SOFTWARE,Computer Sftwr-Design,161,NASDAQ,338.74,0.4,1.37,256,-9.2,88,35,D,A,D+,65
APPN,Appian Corp Cl A,SOFTWARE,Computer Sftwr-Design,161,NASDAQ,53.6,-9.4,-5.53,346,-28.3,2,9,D,D,C,11
BSY,Bentley Systems Class B,SOFTWARE,Computer Sftwr-Design,161,NASDAQ,39.9,-1.1,-0.44,380,-43.6,79,20,D,B,D,51
CDNS,Cadence Design Systems,SOFTWARE,Computer Sftwr-Design,161,NASDAQ,152.86,0.8,1.25,825,-18.8,92,69,D,A,E,74
GVP,G S E Systems Inc,SOFTWARE,Computer Sftwr-Design,161,NASDAQ,1.3,-5.1,-0.07,30,-34.2,37,48,D,E,C,38
MTTR,Matterport Inc Cl A,SOFTWARE,Computer Sftwr-Design,161,NASDAQ,8.76,-8.7,-0.83,12508,33.5,5,14,D,D,E,2
PDFS,P D F Solutions Inc,SOFTWARE,Computer Sftwr-Design,161,NASDAQ,29.53,-0.7,-0.2,132,84.9,39,97,D,D,B,72
PTC,P T C Inc,SOFTWARE,Computer Sftwr-Design,161,NASDAQ,116.57,0.4,0.42,353,-43.6,87,32,D,A,D,63
SNPS,Synopsys Inc,SOFTWARE,Computer Sftwr-Design,161,NASDAQ,314.92,1,3.1,416,-27.3,82,84,D,A,C+,83
U,Unity Software Inc,SOFTWARE,Computer Sftwr-Design,161,NYSE,102.37,-5,-5.43,3704,-11.8,27,31,D,D,E,28
ADBE,Adobe Inc,SOFTWARE,Computer Sftwr-Desktop,175,NASDAQ,531.09,-0.9,-4.9,1741,-38.5,93,44,D-,A,E,69
ALF,Alfi Inc,SOFTWARE,Computer Sftwr-Desktop,175,NASDAQ,1.74,-4.9,-0.09,20,-93,4,6,D-,-,C+,4
CRNC,Cerence Inc,SOFTWARE,Computer Sftwr-Desktop,175,NASDAQ,64.3,-0.9,-0.57,293,-48.2,86,14,D-,A,E,38
CTK,Cootek Cayman Ads Cl A,SOFTWARE,Computer Sftwr-Desktop,175,NYSE,0.34,-0.1,0,101,-94.2,40,1,D-,E,E,2
MSFT,Microsoft Corp,SOFTWARE,Computer Sftwr-Desktop,175,NASDAQ,313.35,1.5,4.59,28419,4.2,93,85,D-,A,D-,85
NUAN,Nuance Communications,SOFTWARE,Computer Sftwr-Desktop,175,NASDAQ,55.42,0.1,0.07,5207,39.6,42,79,D-,B,B-,65
PD,Pagerduty Inc,SOFTWARE,Computer Sftwr-Desktop,175,NYSE,32.04,-3.7,-1.22,1080,-11.3,15,22,D-,D,B,29
SOFO,Sonic Foundry Inc,SOFTWARE,Computer Sftwr-Desktop,175,NASDAQ,3.6,1.1,0.04,14,139.7,12,1,D-,E,-,16
VS,Versus Systems Inc,SOFTWARE,Computer Sftwr-Desktop,175,NASDAQ,2.1,-1.9,-0.04,27,-33.2,20,5,D-,D,D,4
AMST,Amesite Inc,SOFTWARE,Computer Sftwr-Edu/Media,189,NASDAQ,0.92,9,0.08,209,-69.2,29,3,E,D,D-,8
ARCE,Arco Platform Ltd Cl A,SOFTWARE,Computer Sftwr-Edu/Media,189,NASDAQ,20.43,-3.8,-0.81,243,-11.2,46,44,E,B,B-,37
BCOV,Brightcove Inc,SOFTWARE,Computer Sftwr-Edu/Media,189,NASDAQ,9.18,-1.9,-0.18,96,-35.8,31,21,E,B,C-,25
COUR,Coursera Inc,SOFTWARE,Computer Sftwr-Edu/Media,189,NYSE,20.41,-2,-0.41,982,19.6,24,9,E,D,B-,20
DAO,Youdao Inc Cl A Ads,SOFTWARE,Computer Sftwr-Edu/Media,189,NYSE,14.35,2.7,0.38,78,-64.2,24,39,E,-,B-,25
DUOL,Duolingo Inc Cl A,SOFTWARE,Computer Sftwr-Edu/Media,189,NASDAQ,92.56,-7.3,-7.29,209,-34.9,4,16,E,D,C,17
EB,Eventbrite Inc Cl A,SOFTWARE,Computer Sftwr-Edu/Media,189,NYSE,14.18,-3.3,-0.49,478,-34.7,37,20,E,D,D+,28
INST,Instructure Holdings Inc,SOFTWARE,Computer Sftwr-Edu/Media,189,NYSE,23.08,-3,-0.71,38,-71.2,60,81,E,C,D+,67
NRDY,Nerdy Inc Cl A,SOFTWARE,Computer Sftwr-Edu/Media,189,NYSE,4.33,-3,-0.14,284,-66.9,11,7,E,D,C-,11
PERI,Perion Networks Ltd,SOFTWARE,Computer Sftwr-Edu/Media,189,NASDAQ,20.95,-3.1,-0.68,477,-22.3,82,83,E,A,B-,81
RNWK,Realnetworks Inc,SOFTWARE,Computer Sftwr-Edu/Media,189,NASDAQ,0.84,-5.2,-0.05,86,-66.7,12,7,E,E,E,1
SPOT,Spotify Technology S A,SOFTWARE,Computer Sftwr-Edu/Media,189,NYSE,192.61,-5.4,-11.02,3129,152.2,43,20,E,D,C-,30
TWOU,2U Inc,SOFTWARE,Computer Sftwr-Edu/Media,189,NASDAQ,16.43,-1.5,-0.25,1563,42.1,33,7,E,D,B-,21
UDMY,Udemy Inc,SOFTWARE,Computer Sftwr-Edu/Media,189,NASDAQ,15.79,-5.7,-0.95,327,-6.9,20,13,E,-,E,4
VMEO,Vimeo Holdings Inc,SOFTWARE,Computer Sftwr-Edu/Media,189,NASDAQ,14.65,-3.5,-0.53,1004,-38.5,27,3,E,D,B-,18
VTSI,Virtra Inc,SOFTWARE,Computer Sftwr-Edu/Media,189,NASDAQ,6.01,-1.8,-0.11,3,-94.6,53,55,E,B,D-,46
XNET,Xunlei Limited Ads,SOFTWARE,Computer Sftwr-Edu/Media,189,NASDAQ,1.77,-1.8,-0.03,120,-67.9,23,8,E,D,E,13
ZDGE,Zedge Inc Cl B,SOFTWARE,Computer Sftwr-Edu/Media,189,NYSE,7.64,-0.2,-0.02,75,-30.9,68,15,E,A,E,38
AEYE,Audioeye Inc,SOFTWARE,Computer Sftwr-Enterprse,170,NASDAQ,5.95,-4.7,-0.29,11,-78.5,2,6,D-,E,E,2
AKAM,Akamai Technologies Inc,SOFTWARE,Computer Sftwr-Enterprse,170,NASDAQ,116.08,0.8,0.9,973,17.1,81,79,D-,A,B-,80
ALIT,Alight Inc Cl A,SOFTWARE,Computer Sftwr-Enterprse,170,NYSE,9.6,0,0,1060,-54.1,44,33,D-,E,B-,32
AMPL,Amplitude Inc Cl A,SOFTWARE,Computer Sftwr-Enterprse,170,NASDAQ,39.37,-3.6,-1.46,456,-40.1,6,16,D-,D,E,17
AMSWA,American Software Inc A,SOFTWARE,Computer Sftwr-Enterprse,170,NASDAQ,22.26,-1.7,-0.39,60,-27.2,77,48,D-,C,C,53
API,Agora Inc Cl A Adr,SOFTWARE,Computer Sftwr-Enterprse,170,NASDAQ,10.55,-6.4,-0.73,593,-26.3,21,2,D-,C,E,11
APPS,Digital Turbine Inc,SOFTWARE,Computer Sftwr-Enterprse,170,NASDAQ,43.76,-3.4,-1.57,3586,21.4,99,14,D-,A,B-,69
ASAN,Asana Inc Class A,SOFTWARE,Computer Sftwr-Enterprse,170,NYSE,50.02,-6.4,-3.4,3091,-14,24,44,D-,-,D,25
ASUR,Asure Software Inc,SOFTWARE,Computer Sftwr-Enterprse,170,NASDAQ,7.06,-2.9,-0.21,25,-36.3,28,25,D-,D,D,30
ATEN,A10 Networks Inc,SOFTWARE,Computer Sftwr-Enterprse,170,NYSE,13.9,-6.6,-0.99,1121,98.4,59,95,D-,A,C+,84
AUDC,Audiocodes Ltd,SOFTWARE,Computer Sftwr-Enterprse,170,NASDAQ,27.99,-7.6,-2.3,139,46.2,80,39,D-,B,B,69
AVYA,Avaya Holdings Corp,SOFTWARE,Computer Sftwr-Enterprse,170,NYSE,17.53,-2.7,-0.49,538,-40.4,22,24,D-,B,B-,27
AZPN,Aspen Technology Inc,SOFTWARE,Computer Sftwr-Enterprse,170,NASDAQ,150.7,0,-0.01,133,-36.8,67,77,D-,B,D+,66
BAND,Bandwidth Inc Cl A,SOFTWARE,Computer Sftwr-Enterprse,170,NASDAQ,60.37,-2.7,-1.7,178,-37.7,51,11,D-,B,D+,35
BBAI,Bigbear Ai Holdings,SOFTWARE,Computer Sftwr-Enterprse,170,NYSE,5.2,0.8,0.04,26,-92.7,8,9,D-,-,B+,17
BIGC,Bigcommerce HldngSeries1,SOFTWARE,Computer Sftwr-Enterprse,170,NASDAQ,31.24,-7.4,-2.5,910,-31.3,42,14,D-,-,C,23
BLKB,Blackbaud Inc,SOFTWARE,Computer Sftwr-Enterprse,170,NASDAQ,66.72,-1.6,-1.07,111,-44.1,63,52,D-,B,C-,57
BLND,Blend Labs Inc Cl A,SOFTWARE,Computer Sftwr-Enterprse,170,NYSE,8.51,-0.8,-0.07,1617,11.8,23,8,D-,D,D-,16
BRZE,Braze Inc Cl A,SOFTWARE,Computer Sftwr-Enterprse,170,NASDAQ,56.12,3.9,2.09,360,0.2,13,12,D-,D,E,17
BZUN,Baozun Inc Cl A Ads,SOFTWARE,Computer Sftwr-Enterprse,170,NASDAQ,12.53,-6.1,-0.82,414,-57.6,55,11,D-,B,B-,27
CCCS,CCC Intelligent Sol Hldg,SOFTWARE,Computer Sftwr-Enterprse,170,NYSE,9.93,-4.1,-0.42,527,-13.4,29,35,D-,B,D-,34
CCSI,Consensus Cloud Solut,SOFTWARE,Computer Sftwr-Enterprse,170,NASDAQ,56.15,-2.2,-1.25,40,-30.4,35,33,D-,B,C,41
CDLX,Cardlytics Inc,SOFTWARE,Computer Sftwr-Enterprse,170,NASDAQ,67.6,-3.5,-2.46,196,-37.1,7,17,D-,D,B+,23
CNXC,Concentrix Corporation,SOFTWARE,Computer Sftwr-Enterprse,170,NASDAQ,203.28,0.8,1.67,203,8,96,96,D-,A,A,95
COMP,Compass Inc Cl A,SOFTWARE,Computer Sftwr-Enterprse,170,NYSE,8.33,-5.9,-0.53,837,-53.6,15,13,D-,-,B-,15
COUP,Coupa Software Inc,SOFTWARE,Computer Sftwr-Enterprse,170,NASDAQ,130.18,-3.1,-4.11,1062,-33.4,95,10,D-,B,E,41
CRM,Salesforce.com Inc,SOFTWARE,Computer Sftwr-Enterprse,170,NYSE,224.22,-3.4,-7.91,6733,22.2,75,35,D-,B,D-,54
CTV,Innovid Corp,SOFTWARE,Computer Sftwr-Enterprse,170,NYSE,4.72,-3.5,-0.17,84,27.2,8,8,D-,-,E,4
CVT,Cvent Holding Corp,SOFTWARE,Computer Sftwr-Enterprse,170,NASDAQ,6.6,-2.9,-0.2,138,-58.3,4,15,D-,-,C-,11
CXM,Sprinklr Inc Cl A,SOFTWARE,Computer Sftwr-Enterprse,170,NYSE,11.06,-3.4,-0.39,315,-62.3,11,13,D-,D,E,12
DCBO,Docebo Inc,SOFTWARE,Computer Sftwr-Enterprse,170,NASDAQ,53.4,-6.6,-3.8,74,-23.3,33,33,D-,C,C-,34
DDOG,Datadog Inc Cl A,SOFTWARE,Computer Sftwr-Enterprse,170,NASDAQ,141.55,-4.2,-6.23,3285,3.8,68,95,D-,A,C,87
DOCN,Digitalocean Holdings,SOFTWARE,Computer Sftwr-Enterprse,170,NYSE,56.99,-4.1,-2.46,1660,-29,47,69,D-,D,D-,43
DOCU,Docusign Inc,SOFTWARE,Computer Sftwr-Enterprse,170,NASDAQ,121.68,-4.6,-5.82,2980,-49.8,99,8,D-,A,D-,56
DOMO,Domo Inc Cl B,SOFTWARE,Computer Sftwr-Enterprse,170,NASDAQ,45.73,-5,-2.42,261,-31.4,36,14,D-,-,B-,25
DT,Dynatrace Inc,SOFTWARE,Computer Sftwr-Enterprse,170,NYSE,45.55,-19.1,-10.73,14650,663.8,85,52,D-,A,B-,72
DUOT,Duos Technologies Group,SOFTWARE,Computer Sftwr-Enterprse,170,NASDAQ,5.28,-1.7,-0.09,17,109.8,15,30,D-,E,C-,20
EBIX,Ebix Inc,SOFTWARE,Computer Sftwr-Enterprse,170,NASDAQ,29.17,-2.8,-0.84,233,66,38,30,D-,B,B+,40
ECOM,ChannelAdvisor Corp,SOFTWARE,Computer Sftwr-Enterprse,170,NYSE,20.49,-3.2,-0.68,86,-26,79,37,D-,A,C+,64
EGAN,Egain Corporation,SOFTWARE,Computer Sftwr-Enterprse,170,NASDAQ,10.14,-1.8,-0.19,51,-22.6,75,60,D-,B,B,67
EGHT,8X8 Inc,SOFTWARE,Computer Sftwr-Enterprse,170,NYSE,14.88,-3.3,-0.5,1184,8.8,69,11,D-,D,B-,36
ENFN,Enfusion Inc Class A,SOFTWARE,Computer Sftwr-Enterprse,170,NYSE,13.81,-1.7,-0.24,141,-39.3,18,17,D-,-,E,8
ESMT,Engagesmart Inc,SOFTWARE,Computer Sftwr-Enterprse,170,NYSE,21.18,-6.7,-1.51,274,-43.8,11,17,D-,C,D+,22
ETWO,E2open Parent Hldgs Cl A,SOFTWARE,Computer Sftwr-Enterprse,170,NYSE,9.43,0.9,0.09,2070,-13.5,46,25,D-,E,C+,34
EVBG,Everbridge Inc,SOFTWARE,Computer Sftwr-Enterprse,170,NASDAQ,52.37,-1.2,-0.65,596,-43.2,21,3,D-,C,D,16
EVCM,Evercommerce Inc,SOFTWARE,Computer Sftwr-Enterprse,170,NASDAQ,12.01,-1.6,-0.19,83,-59,4,16,D-,D,D-,14
FIVN,Five9 Inc,SOFTWARE,Computer Sftwr-Enterprse,170,NASDAQ,124.22,-2.2,-2.75,886,-8,81,20,D-,A,C-,55
FROG,Jfrog Ltd,SOFTWARE,Computer Sftwr-Enterprse,170,NASDAQ,25.7,-5.7,-1.54,337,-48.6,10,16,D-,B,B,27
FRSH,Freshworks Inc Cl A,SOFTWARE,Computer Sftwr-Enterprse,170,NASDAQ,21.39,-5.1,-1.14,764,-30.2,5,6,D-,C,B,20
FSLY,Fastly Inc CL A,SOFTWARE,Computer Sftwr-Enterprse,170,NYSE,27.35,-6.4,-1.86,2037,-9.4,4,9,D-,D,D+,10
GDDY,Godaddy Inc Cl A,SOFTWARE,Computer Sftwr-Enterprse,170,NYSE,78.23,1.3,0.98,999,-20.4,66,69,D-,E,B+,67
GLBE,Global-E Online Ltd,SOFTWARE,Computer Sftwr-Enterprse,170,NASDAQ,38.35,-0.5,-0.18,2087,52,5,52,D-,C,D-,29
HCP,Hashicorp Inc Cl A,SOFTWARE,Computer Sftwr-Enterprse,170,NASDAQ,68.3,-4.8,-3.45,529,-53.7,11,27,D-,D,-,27
IFBD,Infobird Co Ltd,SOFTWARE,Computer Sftwr-Enterprse,170,NASDAQ,0.88,-3.3,-0.03,45,-74,22,1,D-,B,D+,14
INFA,Informatica Inc Cl A,SOFTWARE,Computer Sftwr-Enterprse,170,NYSE,27.83,-3.5,-1,252,-43.7,59,52,D-,C,C,60
INPX,Inpixon,SOFTWARE,Computer Sftwr-Enterprse,170,NASDAQ,0.43,-9.1,-0.04,735,-31.8,46,6,D-,D,D-,19
KC,Kingsoft Cloud Hldgs Ads,SOFTWARE,Computer Sftwr-Enterprse,170,NASDAQ,7.73,-9.6,-0.82,1562,-11.9,8,1,D-,D,D-,4
KD,Kyndryl Holdings Inc,SOFTWARE,Computer Sftwr-Enterprse,170,NYSE,16.34,-2.3,-0.39,1408,-27.3,7,14,D-,E,E,2
KERN,Akerna Corp,SOFTWARE,Computer Sftwr-Enterprse,170,NASDAQ,1.35,-9.4,-0.14,245,-55.2,45,5,D-,E,D-,16
KLR,Kaleyra Inc,SOFTWARE,Computer Sftwr-Enterprse,170,NYSE,8.61,-3.8,-0.34,146,-35.2,69,20,D-,-,E,33
KLTR,Kaltura Inc,SOFTWARE,Computer Sftwr-Enterprse,170,NASDAQ,3.37,-5.6,-0.2,163,-54,14,2,D-,-,C+,7
KORE,Kore Group Holdings Cl A,SOFTWARE,Computer Sftwr-Enterprse,170,NYSE,5.49,0.2,0.01,72,-46.4,20,13,D-,E,D-,16
LAW,C S Disco Inc,SOFTWARE,Computer Sftwr-Enterprse,170,NYSE,33.11,-5.5,-1.92,267,-27.2,12,20,D-,D,B-,24
LPSN,Liveperson Inc,SOFTWARE,Computer Sftwr-Enterprse,170,NASDAQ,27.06,-4.8,-1.37,951,29.5,4,9,D-,D,D-,9
LVOX,Livevox Holdings Cl A,SOFTWARE,Computer Sftwr-Enterprse,170,NASDAQ,4.69,-6.9,-0.35,121,-18.7,2,17,D-,E,B+,20
MANH,Manhattan Associates Inc,SOFTWARE,Computer Sftwr-Enterprse,170,NASDAQ,127.8,-4.8,-6.38,701,234,65,31,D-,A,C+,54
MAPS,WM Technology Inc Cl A,SOFTWARE,Computer Sftwr-Enterprse,170,NASDAQ,5.07,-1.7,-0.09,344,-55.7,41,3,D-,B,C+,28
MGNI,Magnite Inc,SOFTWARE,Computer Sftwr-Enterprse,170,NASDAQ,13.14,-5.5,-0.77,2231,31.2,69,6,D-,B,D,41
MIXT,MiX Telematics Ltd ADS,SOFTWARE,Computer Sftwr-Enterprse,170,NYSE,12.44,-0.2,-0.03,19,14.8,67,42,D-,C,D+,51
MNDO,Mind C T I Ltd,SOFTWARE,Computer Sftwr-Enterprse,170,NASDAQ,3.1,0.8,0.03,23,-9.6,46,72,D-,A,D,62
MNDY,monday.com Ltd,SOFTWARE,Computer Sftwr-Enterprse,170,NASDAQ,198.9,-8.1,-17.42,528,14,41,39,D-,D,C+,38
MODN,Model N Inc,SOFTWARE,Computer Sftwr-Enterprse,170,NYSE,25.88,-1.9,-0.51,136,2.9,89,21,D-,B,C-,54
MRIN,Marin Software Inc,SOFTWARE,Computer Sftwr-Enterprse,170,NASDAQ,3.1,-1.9,-0.06,411,-82.2,42,52,D-,E,C,26
MSP,Datto Holding Corp,SOFTWARE,Computer Sftwr-Enterprse,170,NYSE,25.09,0.4,0.11,187,-15.3,49,65,D-,C,B+,74
NET,Cloudflare Inc Cl A,SOFTWARE,Computer Sftwr-Enterprse,170,NYSE,99.86,-2.5,-2.57,5947,37.1,54,31,D-,C,D+,37
NOW,Servicenow Inc,SOFTWARE,Computer Sftwr-Enterprse,170,NYSE,581.51,-0.9,-5.03,1023,-25.8,96,60,D-,A,C+,84
NTNX,Nutanix Inc Class A,SOFTWARE,Computer Sftwr-Enterprse,170,NASDAQ,27.78,-1.5,-0.42,859,-39.5,41,29,D-,-,D,32
ONTF,ON24 Inc,SOFTWARE,Computer Sftwr-Enterprse,170,NYSE,15.91,-4.5,-0.75,220,-49.1,9,12,D-,-,D-,5
PALT,Paltalk Inc,SOFTWARE,Computer Sftwr-Enterprse,170,NASDAQ,2.49,-5.7,-0.15,937,117.4,26,16,D-,B,C+,19
PATH,Uipath Inc Cl A,SOFTWARE,Computer Sftwr-Enterprse,170,NYSE,34.68,-6.6,-2.47,2951,-22.2,69,14,D-,C,B-,37
PAYC,Paycom Software Inc,SOFTWARE,Computer Sftwr-Enterprse,170,NYSE,325.53,-3.7,-12.52,248,-30,95,22,D-,A,E,59
PBTS,Powerbridge Tech Co,SOFTWARE,Computer Sftwr-Enterprse,170,NASDAQ,0.41,-4.4,-0.02,795,-80.9,16,1,D-,D,E,3
PCOR,Procore Technologies Inc,SOFTWARE,Computer Sftwr-Enterprse,170,NYSE,63.11,-3.8,-2.48,422,-35.8,1,18,D-,D,B,25
PCTY,Paylocity Holding Corp,SOFTWARE,Computer Sftwr-Enterprse,170,NASDAQ,200.98,-3.5,-7.2,204,-5.5,97,37,D-,A,C+,73
PLAN,Anaplan Inc,SOFTWARE,Computer Sftwr-Enterprse,170,NYSE,46.02,-3.3,-1.55,1199,-43.2,13,21,D-,D,B-,27
PLTR,Palantir TechnologiesClA,SOFTWARE,Computer Sftwr-Enterprse,170,NYSE,13.3,-6.4,-0.91,42411,12.4,63,11,D-,-,E,21
PRO,P R O S Holdings Inc,SOFTWARE,Computer Sftwr-Enterprse,170,NYSE,27.83,-1.6,-0.44,186,-6.8,28,22,D-,E,B-,23
PSN,Parsons Corporation,SOFTWARE,Computer Sftwr-Enterprse,170,NYSE,31.35,1.2,0.37,161,-23.4,62,26,D-,D,B-,36
PYCR,Paycor H C M Inc,SOFTWARE,Computer Sftwr-Enterprse,170,NASDAQ,26.46,2.8,0.73,649,51.8,12,30,D-,D,C-,26
RAAS,Cloopen GrpHldg Cl A Ads,SOFTWARE,Computer Sftwr-Enterprse,170,NYSE,2.02,-5.2,-0.11,323,-76.6,2,3,D-,-,B-,4
RNG,RingCentral Inc Cl A,SOFTWARE,Computer Sftwr-Enterprse,170,NYSE,168.2,-4.1,-7.16,445,-48.2,94,14,D-,A,D+,57
RSKD,Riskified Ltd Cl A,SOFTWARE,Computer Sftwr-Enterprse,170,NYSE,6.8,-7.2,-0.53,707,-29.3,2,1,D-,-,E,2
RXT,Rackspace Technology Inc,SOFTWARE,Computer Sftwr-Enterprse,170,NASDAQ,12.36,-1.1,-0.14,336,-41.4,95,20,D-,B,B-,55
SAP,S A P Se Adr,SOFTWARE,Computer Sftwr-Enterprse,170,NYSE,127.03,-0.5,-0.65,733,5.5,65,35,D-,A,E,47
SHOP,Shopify Inc Cl A,SOFTWARE,Computer Sftwr-Enterprse,170,NYSE,885.47,-10,-98.74,2850,90,84,19,D-,B,D-,50
SMAR,Smartsheet Inc Cl A,SOFTWARE,Computer Sftwr-Enterprse,170,NYSE,60.21,-4.6,-2.9,1190,-7.5,42,39,D-,D,B+,52
SNCR,Synchronoss Technologies,SOFTWARE,Computer Sftwr-Enterprse,170,NASDAQ,2.05,1.7,0.04,229,-40,39,16,D-,C,D,23
SNOW,Snowflake Inc Cl A,SOFTWARE,Computer Sftwr-Enterprse,170,NYSE,269.3,-5.1,-14.46,2459,-24.6,15,48,D-,D,D-,32
SPT,Sprout Social Inc Cl A,SOFTWARE,Computer Sftwr-Enterprse,170,NASDAQ,66.58,-4.4,-3.07,316,-31.7,56,26,D-,D,D-,37
SQSP,Squarespace Inc Cl A,SOFTWARE,Computer Sftwr-Enterprse,170,NYSE,31.09,-6.5,-2.18,108,-57.9,10,22,D-,-,D-,18
STCN,Steel Connect Inc,SOFTWARE,Computer Sftwr-Enterprse,170,NASDAQ,1.26,5,0.06,103,47.1,2,15,D-,E,C+,8
SUMO,Sumo Logic Inc,SOFTWARE,Computer Sftwr-Enterprse,170,NASDAQ,11.54,-4.2,-0.5,447,-51,2,14,D-,E,B-,15
SURG,Surgepays Inc,SOFTWARE,Computer Sftwr-Enterprse,170,NASDAQ,2.89,-3.8,-0.12,40,-76.8,9,29,D-,-,A-,29
SWI,Solarwinds Corporation,SOFTWARE,Computer Sftwr-Enterprse,170,NYSE,13.17,-3.6,-0.49,205,-35.6,69,21,D-,B,D,37
TRMR,Tremor International Ads,SOFTWARE,Computer Sftwr-Enterprse,170,NASDAQ,15,-0.7,-0.1,92,-42.3,70,23,D-,B,C-,47
TTGT,Techtarget Inc,SOFTWARE,Computer Sftwr-Enterprse,170,NASDAQ,83.05,-0.8,-0.66,108,-40.5,99,75,D-,A,B+,96
TUYA,Tuya Inc Cl A Ads,SOFTWARE,Computer Sftwr-Enterprse,170,NYSE,5.28,-6.6,-0.38,605,-68.6,2,8,D-,D,B,13
TWLO,Twilio Inc Cl A,SOFTWARE,Computer Sftwr-Enterprse,170,NYSE,197.33,-6.3,-13.24,2722,27.6,9,14,D-,C,D,20
UPLD,Upland Software Inc,SOFTWARE,Computer Sftwr-Enterprse,170,NASDAQ,19.2,-3.9,-0.77,144,-51.8,72,9,D-,A,C,34
USER,Usertesting Inc,SOFTWARE,Computer Sftwr-Enterprse,170,NYSE,6.43,0.6,0.04,191,-45,14,6,D-,E,B,17
WDAY,Workday Inc Cl A,SOFTWARE,Computer Sftwr-Enterprse,170,NASDAQ,243.13,-3.8,-9.61,2008,30.9,94,52,D-,A,C-,81
WIX,Wix.com Ltd,SOFTWARE,Computer Sftwr-Enterprse,170,NASDAQ,121.92,-6.8,-8.91,623,-4.8,14,11,D-,D,E,13
WKME,Walkme Ltd,SOFTWARE,Computer Sftwr-Enterprse,170,NASDAQ,17.15,-7.2,-1.34,188,-13.8,6,17,D-,D,C+,22
XELA,Exela Technologies Inc,SOFTWARE,Computer Sftwr-Enterprse,170,NASDAQ,0.8,-6.8,-0.06,157605,441.5,49,4,D-,-,B,15
XM,Qualtrics Intll Inc Cl A,SOFTWARE,Computer Sftwr-Enterprse,170,NASDAQ,28.93,-3.7,-1.12,2724,54.9,23,17,D-,C,B+,35
YMM,Full Truck Alliance Cl A,SOFTWARE,Computer Sftwr-Enterprse,170,NYSE,8.47,-3.6,-0.32,1297,-70.9,5,11,D-,B,C-,20
ZEN,Zendesk Inc,SOFTWARE,Computer Sftwr-Enterprse,170,NYSE,99.87,-0.4,-0.36,955,-37.1,75,25,D-,B,D+,57
ZENV,Zenvia Inc Cl A,SOFTWARE,Computer Sftwr-Enterprse,170,NASDAQ,6,-1.2,-0.08,50,-33,23,12,D-,D,E,15
ZI,Zoominfo Techs Cl A,SOFTWARE,Computer Sftwr-Enterprse,170,NASDAQ,52.53,-3.3,-1.77,1609,-51.8,60,42,D-,A,B-,67
ZM,Zoom Video Comm Cl A,SOFTWARE,Computer Sftwr-Enterprse,170,NASDAQ,148.01,-4.9,-7.67,2283,-45.4,93,8,D-,A,D-,51
ACIW,A C I Worldwide Inc,SOFTWARE,Computer Sftwr-Financial,139,NASDAQ,34.12,-0.8,-0.29,291,-41.2,61,72,C-,C,B,67
AIHS,Senmiao Technology Ltd,SOFTWARE,Computer Sftwr-Financial,139,NASDAQ,0.34,-1.4,0,244,-22.6,39,4,C-,E,B-,22
ALKT,Alkami Technology Inc,SOFTWARE,Computer Sftwr-Financial,139,NASDAQ,15.03,-4.3,-0.67,179,-50.1,22,6,C-,D,C-,19
APCX,Apptech Payments Corp,SOFTWARE,Computer Sftwr-Financial,139,NASDAQ,1.9,-4.8,-0.1,18,-92.2,2,30,C-,-,-,17
ARBK,Argo Blockchain plc Ads,SOFTWARE,Computer Sftwr-Financial,139,NASDAQ,9.59,-7.5,-0.78,135,-62,69,13,C-,A,D,51
AVDX,Avidxchange Holdings Inc,SOFTWARE,Computer Sftwr-Financial,139,NASDAQ,10.88,-3.2,-0.36,518,-27.7,8,6,C-,D,C-,14
BCOR,Blucora Inc,SOFTWARE,Computer Sftwr-Financial,139,NASDAQ,16.55,0.9,0.14,185,-14.9,46,65,C-,B,D,59
BILL,Bill.com Holdings Inc,SOFTWARE,Computer Sftwr-Financial,139,NYSE,186.46,-3.7,-7.21,3163,85.6,4,65,C-,C,A-,48
BITF,Bitfarms Ltd,SOFTWARE,Computer Sftwr-Financial,139,NASDAQ,3.62,-7.3,-0.29,6016,-10.5,56,25,C-,D,D+,38
BKI,Black Knight Inc,SOFTWARE,Computer Sftwr-Financial,139,NYSE,73.38,-1.1,-0.83,253,-50.9,83,55,C-,A,B+,78
BLBX,Blackboxstocks Inc,SOFTWARE,Computer Sftwr-Financial,139,NASDAQ,2.14,-4.4,-0.1,80,-74.3,4,13,C-,-,A-,20
BMTX,B M Technologies Inc,SOFTWARE,Computer Sftwr-Financial,139,NYSE,9.15,-0.5,-0.05,61,-70.8,59,32,C-,D,E,39
BTBT,Bit Digital Inc,SOFTWARE,Computer Sftwr-Financial,139,NASDAQ,3.78,-4.4,-0.18,2791,6,9,2,C-,B,B-,27
BTRS,Btrs Holdings Inc Cl 1,SOFTWARE,Computer Sftwr-Financial,139,NASDAQ,6.17,-5.9,-0.39,390,-53.7,5,12,C-,E,B-,11
CANG,Cango Inc Cl A Ads,SOFTWARE,Computer Sftwr-Financial,139,NYSE,3.42,-0.9,-0.03,36,-81,77,15,C-,B,E,38
CCRD,Corecard Corp Cl A,SOFTWARE,Computer Sftwr-Financial,139,NYSE,34.97,-3.9,-1.41,18,-12.9,81,42,C-,A,B+,71
CIFR,Cipher Mining Inc,SOFTWARE,Computer Sftwr-Financial,139,NASDAQ,2.86,-6.1,-0.19,463,-20.5,20,2,C-,-,B-,13
CLPS,Clps Incorporation,SOFTWARE,Computer Sftwr-Financial,139,NASDAQ,2.11,5.5,0.11,152,112.3,95,12,C-,A,D-,49
COIN,Coinbase Global Inc Cl A,SOFTWARE,Computer Sftwr-Financial,139,NASDAQ,186.08,-5.9,-11.65,3401,-18,76,16,C-,A,D-,57
CORZ,Core Scientific Cl A,SOFTWARE,Computer Sftwr-Financial,139,NASDAQ,9.26,-6.6,-0.66,1526,37.5,8,31,C-,-,B-,27
EPAY,Bottomline Technologies,SOFTWARE,Computer Sftwr-Financial,139,NASDAQ,56.44,0.1,0.05,653,-54,46,94,C-,B,A-,77
EXFY,Expensify Inc Cl A,SOFTWARE,Computer Sftwr-Financial,139,NASDAQ,26.29,-8.9,-2.56,145,-50.5,69,18,C-,C,D+,43
FICO,Fair Isaac Corp,SOFTWARE,Computer Sftwr-Financial,139,NYSE,504.86,1.5,7.32,160,-27.5,94,87,C-,A,A-,90
GTYH,Gty Technology Hldg,SOFTWARE,Computer Sftwr-Financial,139,NASDAQ,5.15,-0.4,-0.02,48,-25.4,13,23,C-,D,D-,25
GWRE,Guidewire Software Inc,SOFTWARE,Computer Sftwr-Financial,139,NYSE,99.99,-2.5,-2.61,351,-2.1,14,32,C-,E,C-,27
INTA,Intapp Inc,SOFTWARE,Computer Sftwr-Financial,139,NASDAQ,19.92,-2,-0.41,43,-65.3,2,18,C-,-,D+,14
INTU,Intuit Inc,SOFTWARE,Computer Sftwr-Financial,139,NASDAQ,562.03,0.2,1.2,900,-32.1,91,90,C-,A,E,89
ISDR,Issuer Direct Corp,SOFTWARE,Computer Sftwr-Financial,139,AMEX,29.94,-1.5,-0.45,1,-80.2,51,92,C-,B,A-,84
JKHY,Jack Henry & Assoc Inc,SOFTWARE,Computer Sftwr-Financial,139,NASDAQ,170.69,1.2,1.99,315,-18.2,78,79,C-,B,D-,74
MKTW,Marketwise Inc Cl A,SOFTWARE,Computer Sftwr-Financial,139,NASDAQ,5.78,-2.9,-0.18,71,-48.8,14,15,C-,D,B-,22
ML,Moneylion Inc Cl A,SOFTWARE,Computer Sftwr-Financial,139,NYSE,2.46,-8.7,-0.24,672,-38,18,2,C-,D,D-,10
MLNK,Meridianlink Inc,SOFTWARE,Computer Sftwr-Financial,139,NYSE,19.02,1.4,0.26,161,54.1,32,21,C-,-,D,32
MTC,Mmtec Inc,SOFTWARE,Computer Sftwr-Financial,139,NASDAQ,0.62,-2.2,-0.01,114,-13.8,14,3,C-,D,C,11
NCNO,Ncino Inc,SOFTWARE,Computer Sftwr-Financial,139,NASDAQ,44.19,-5.7,-2.68,470,-33.1,7,17,C-,D,C+,25
NTWK,Netsol Technologies Inc,SOFTWARE,Computer Sftwr-Financial,139,NASDAQ,3.99,-2.2,-0.09,16,0.6,33,33,C-,D,C-,36
OCFT,Oneconnect Financial Ads,SOFTWARE,Computer Sftwr-Financial,139,NYSE,1.81,-8.8,-0.18,864,-44.2,19,3,C-,D,C-,12
OPFI,Oppfi Inc Cl A,SOFTWARE,Computer Sftwr-Financial,139,NYSE,4.76,-2.9,-0.14,204,-54.9,33,13,C-,B,B-,34
PEGA,Pegasystems Inc,SOFTWARE,Computer Sftwr-Financial,139,NASDAQ,99.73,-1.7,-1.7,160,-32.4,35,25,C-,D,B,36
QTWO,Q2 Holdings Inc,SOFTWARE,Computer Sftwr-Financial,139,NYSE,64.16,-1.1,-0.71,189,-31.1,69,18,C-,C,C-,43
SSNC,S S & C Technologies,SOFTWARE,Computer Sftwr-Financial,139,NASDAQ,81.62,1.8,1.42,575,-29.1,93,84,C-,A,E,86
VERX,Vertex Inc Class A,SOFTWARE,Computer Sftwr-Financial,139,NASDAQ,13.53,-1.1,-0.15,124,-5.5,24,14,C-,B,C-,30
ATVI,Activision Blizzard Inc,SOFTWARE,Computer Sftwr-Gaming,141,NASDAQ,79.18,0.2,0.14,13171,15.7,69,44,D+,A,C+,65
BRAG,Bragg Gaming Group Inc,SOFTWARE,Computer Sftwr-Gaming,141,NASDAQ,5.38,0.2,0.01,6,-84.1,17,13,D+,D,D-,15
DDI,Doubledown Interactv Ads,SOFTWARE,Computer Sftwr-Gaming,141,NASDAQ,14.25,0,0,7,-64.3,98,27,D+,B,C+,70
EA,Electronic Arts Inc,SOFTWARE,Computer Sftwr-Gaming,141,NASDAQ,136.93,5.4,6.99,4361,134.7,68,37,D+,A,C-,66
EGLX,Enthusiast Gaming Inc,SOFTWARE,Computer Sftwr-Gaming,141,NASDAQ,2.28,-6.2,-0.15,284,-55.4,8,10,D+,-,C,8
GDEV,Nexters Inc,SOFTWARE,Computer Sftwr-Gaming,141,NASDAQ,8,0.4,0.03,18,-64.2,4,30,D+,D,B-,29
GIGM,Gigamedia Limited,SOFTWARE,Computer Sftwr-Gaming,141,NASDAQ,2.1,-0.9,-0.02,6,-79.3,2,20,D+,E,B-,11
GMBL,Esports EntertainmentGrp,SOFTWARE,Computer Sftwr-Gaming,141,NASDAQ,2.85,-6.3,-0.19,547,5.9,30,3,D+,D,C,19
GRVY,Gravity Co Ltd Ads,SOFTWARE,Computer Sftwr-Gaming,141,NASDAQ,63.11,1,0.61,23,-33.9,83,11,D+,A,D-,42
LTRY,Lottery.com Inc,SOFTWARE,Computer Sftwr-Gaming,141,NASDAQ,4.01,-7.4,-0.32,143,-76.2,33,2,D+,-,C,16
MSGM,Motorsport Games Cl A,SOFTWARE,Computer Sftwr-Gaming,141,NASDAQ,3.6,-3.7,-0.14,1,-93.5,5,1,D+,-,D,1
MYPS,Playstudios Inc Cl A,SOFTWARE,Computer Sftwr-Gaming,141,NASDAQ,4.23,-4.7,-0.21,371,10.3,37,17,D+,B,B-,29
NCTY,The9 Ltd Ads,SOFTWARE,Computer Sftwr-Gaming,141,NASDAQ,4.21,-7.1,-0.32,133,-61.3,48,2,D+,-,D,16
NGMS,Neogames S A,SOFTWARE,Computer Sftwr-Gaming,141,NASDAQ,24.29,-0.8,-0.19,170,70.9,20,14,D+,B,E,21
NTES,Netease Inc Adr,SOFTWARE,Computer Sftwr-Gaming,141,NASDAQ,101.98,-0.1,-0.14,1103,-49.3,56,55,D+,A,E,61
PLTK,Playtika Holding Corp,SOFTWARE,Computer Sftwr-Gaming,141,NASDAQ,16.95,-2.1,-0.37,1205,30.9,36,15,D+,-,B,29
RBLX,Roblox Corporation Cl A,SOFTWARE,Computer Sftwr-Gaming,141,NYSE,66.07,-2.5,-1.69,15632,-19.9,31,35,D+,B,D-,37
SCPL,Sciplay Corporation Cl A,SOFTWARE,Computer Sftwr-Gaming,141,NASDAQ,12.81,-0.4,-0.05,383,-39,80,19,D+,B,B-,52
SOHU,Sohu.com Limited Ads,SOFTWARE,Computer Sftwr-Gaming,141,NASDAQ,17.91,-2,-0.36,187,-27.4,69,39,D+,C,D-,58
TTWO,Take-Two Interactv Sftwr,SOFTWARE,Computer Sftwr-Gaming,141,NASDAQ,165.45,3.2,5.2,1436,-4.4,63,33,D+,B,B+,56
ZNGA,Zynga Inc,SOFTWARE,Computer Sftwr-Gaming,141,NASDAQ,9.1,0.3,0.03,17139,-41.5,55,72,D+,D,A-,69
AHI,Advanced Human ImgingAds,SOFTWARE,Computer Sftwr-Medical,192,NASDAQ,2.07,-8,-0.18,296,-84,2,9,E,E,A-,13
AMWL,American Well Corp Cl A,SOFTWARE,Computer Sftwr-Medical,192,NYSE,4.46,-8.7,-0.43,2153,-20.1,40,4,E,E,C+,10
BBLN,Babylon Holdings Ltd ClA,SOFTWARE,Computer Sftwr-Medical,192,NYSE,5.43,-4.9,-0.28,149,-1.2,17,13,E,D,B,21
BNFT,Benefitfocus Inc,SOFTWARE,Computer Sftwr-Medical,192,NASDAQ,10.62,-3.6,-0.4,62,-51.5,10,33,E,-,A-,21
CERN,Cerner Corp,SOFTWARE,Computer Sftwr-Medical,192,NASDAQ,91.82,0.6,0.57,2639,-38.6,80,91,E,B,A-,83
CERT,Certara Inc,SOFTWARE,Computer Sftwr-Medical,192,NASDAQ,26.54,-0.5,-0.14,182,-72,63,22,E,D,C+,36
CHNG,Change Healthcare Inc,SOFTWARE,Computer Sftwr-Medical,192,NASDAQ,19.44,0.1,0.01,2843,114.3,52,30,E,A,E,41
CPSI,Computer Programs & Sys,SOFTWARE,Computer Sftwr-Medical,192,NASDAQ,27.84,-0.6,-0.17,47,-19.8,74,28,E,B,E,38
CSLT,Castlight Health Cl B,SOFTWARE,Computer Sftwr-Medical,192,NYSE,2.04,0.5,0.01,534,-79,19,79,E,D,A-,46
DH,Definitive HealthcareClA,SOFTWARE,Computer Sftwr-Medical,192,NASDAQ,21.99,-4.8,-1.1,411,-19.8,7,10,E,D,B,22
DOCS,Doximity Inc Class A,SOFTWARE,Computer Sftwr-Medical,192,NYSE,46.64,-5.1,-2.52,1312,-30.7,69,25,E,A,D-,49
EVH,Evolent Health Inc Cl A,SOFTWARE,Computer Sftwr-Medical,192,NYSE,23.67,-1.9,-0.46,366,0.8,13,75,E,E,D+,31
FORA,Forian Inc,SOFTWARE,Computer Sftwr-Medical,192,NASDAQ,8.15,-1.3,-0.11,32,-10.4,2,18,E,D,C-,9
GDRX,Goodrx Holdings Class A,SOFTWARE,Computer Sftwr-Medical,192,NASDAQ,27.94,5.6,1.49,2800,120.6,80,16,E,-,B-,34
HCAT,Health Catalyst Inc,SOFTWARE,Computer Sftwr-Medical,192,NASDAQ,29.41,-3.4,-1.04,784,110.8,41,11,E,D,B-,29
HIMS,Hims & Hers Health Cl A,SOFTWARE,Computer Sftwr-Medical,192,NYSE,4.72,-3.6,-0.18,1722,-19.6,29,8,E,D,E,7
HLTH,Cue Health Inc,SOFTWARE,Computer Sftwr-Medical,192,NASDAQ,8.48,-7.9,-0.73,484,-25.6,69,15,E,D,E,32
MDRX,Allscripts Hlthcare Sol,SOFTWARE,Computer Sftwr-Medical,192,NASDAQ,20.72,-0.4,-0.09,1421,24.2,83,97,E,D,B+,81
MPLN,Multiplan Corp Cl A,SOFTWARE,Computer Sftwr-Medical,192,NYSE,4.04,0.6,0.03,1804,-36.9,56,17,E,E,C,30
MTBC,Carecloud Inc,SOFTWARE,Computer Sftwr-Medical,192,NASDAQ,5.62,-2.8,-0.16,23,-68.4,99,17,E,A,D-,53
NH,Nanthealth Inc,SOFTWARE,Computer Sftwr-Medical,192,NASDAQ,0.83,-1.8,-0.01,34,-67.8,14,4,E,-,D,1
NXGN,Nextgen Healthcare Inc,SOFTWARE,Computer Sftwr-Medical,192,NASDAQ,18.87,-1.6,-0.3,161,-38.5,53,86,E,B,A-,71
OPRX,Optimizerx Corp,SOFTWARE,Computer Sftwr-Medical,192,NASDAQ,44.04,-3.8,-1.74,86,-55.8,63,19,E,B,E,39
PEAR,Pear Therapeutics Cl A,SOFTWARE,Computer Sftwr-Medical,192,NASDAQ,4.24,-5.9,-0.26,112,-75.8,8,6,E,-,D,4
PHR,Phreesia Inc,SOFTWARE,Computer Sftwr-Medical,192,NYSE,30.96,-2.5,-0.81,345,-21.9,1,8,E,D,D+,8
PRVA,Privia Health Group Inc,SOFTWARE,Computer Sftwr-Medical,192,NASDAQ,20.73,-3.8,-0.81,261,-49,65,17,E,B,C-,38
PTE,Polarityte Inc,SOFTWARE,Computer Sftwr-Medical,192,NASDAQ,0.49,-7.1,-0.04,243,-79.8,50,18,E,D,C-,21
RBOT,Vicarious Surgical Cl A,SOFTWARE,Computer Sftwr-Medical,192,NYSE,6.06,-3.7,-0.23,165,-58.1,13,12,E,-,C,10
SGFY,Signify Health Inc Cl A,SOFTWARE,Computer Sftwr-Medical,192,NYSE,12.63,-6,-0.81,1637,69.5,40,14,E,C,D,24
SHCR,Sharecare Inc Cl A,SOFTWARE,Computer Sftwr-Medical,192,NASDAQ,3.35,-1.5,-0.05,924,-29.4,17,4,E,E,B-,14
SLP,Simulations Plus Inc,SOFTWARE,Computer Sftwr-Medical,192,NASDAQ,40.97,0.9,0.38,85,-13.9,71,19,E,B,E,34
STRM,Streamline Health Sltns,SOFTWARE,Computer Sftwr-Medical,192,NASDAQ,1.33,-0.4,-0.01,41,-47.2,14,21,E,D,D,15
TDOC,Teladoc Health Inc,SOFTWARE,Computer Sftwr-Medical,192,NYSE,76.39,-4.9,-3.96,2755,-26.2,32,8,E,C,C,20
TRHC,Tabula Rasa Healthcare,SOFTWARE,Computer Sftwr-Medical,192,NASDAQ,9.38,-10.3,-1.08,261,-38.7,4,1,E,D,C-,8
VEEV,Veeva Systems Inc Cl A,SOFTWARE,Computer Sftwr-Medical,192,NYSE,235.24,-1.2,-2.87,468,-44.7,97,23,E,A,D-,62
WORX,Scworx Corp,SOFTWARE,Computer Sftwr-Medical,192,NASDAQ,1.13,-2.2,-0.03,383,-2.4,46,14,E,E,B-,18
ABST,Absolute Software Corp,SOFTWARE,Computer Sftwr-Security,80,NASDAQ,7.99,-2.4,-0.2,87,-49.7,8,15,B,-,E,9
ARQQ,Arqit Quantum Inc,SOFTWARE,Computer Sftwr-Security,80,NASDAQ,15.35,-6.2,-1.01,460,-12.2,8,96,B,-,B,46
BB,BlackBerry Limited,SOFTWARE,Computer Sftwr-Security,80,NYSE,7.73,-5,-0.41,11549,46.5,8,22,B,E,C,20
CGNT,Cognyte Software Ltd,SOFTWARE,Computer Sftwr-Security,80,NASDAQ,10.44,-7.3,-0.82,398,-36.2,65,7,B,B,E,30
CHKP,Check Point Sftware Tech,SOFTWARE,Computer Sftwr-Security,80,NASDAQ,123.85,2.3,2.78,1302,60.7,62,60,B,A,B+,76
CISO,Cerberus Cyber Sentinel,SOFTWARE,Computer Sftwr-Security,80,NASDAQ,4.2,-1.9,-0.08,29,-96.6,2,23,B,D,-,28
CMCM,Cheetah Mobile Cl A Ads,SOFTWARE,Computer Sftwr-Security,80,NYSE,1.32,1.5,0.02,27,-75.2,11,17,B,C,D-,13
CRWD,Crowdstrike Holdings A,SOFTWARE,Computer Sftwr-Security,80,NASDAQ,176.77,-3,-5.38,2431,-36.2,69,22,B,B,E,58
CTEK,Cynergistek Inc,SOFTWARE,Computer Sftwr-Security,80,AMEX,1.36,-0.7,-0.01,8,-95.2,61,20,B,E,D-,30
CYBR,Cyberark Software Ltd,SOFTWARE,Computer Sftwr-Security,80,NASDAQ,135.54,-3,-4.2,308,6.5,29,31,B,B,C-,38
CYRN,Cyren Ltd,SOFTWARE,Computer Sftwr-Security,80,NASDAQ,0.25,-6.2,-0.02,511,-53.1,20,5,B,E,C+,13
DMRC,Digimarc Corp,SOFTWARE,Computer Sftwr-Security,80,NASDAQ,29.04,-3.9,-1.19,111,19.9,30,23,B,E,E,28
FORG,Forgerock Inc Cl A,SOFTWARE,Computer Sftwr-Security,80,NYSE,14.98,-3.8,-0.59,169,-58.4,7,7,B,E,D+,16
FTNT,Fortinet Inc,SOFTWARE,Computer Sftwr-Security,80,NASDAQ,309.72,2.5,7.54,1378,28,92,95,B,A,C-,96
HRT,Hireright Holdings Corp,SOFTWARE,Computer Sftwr-Security,80,NYSE,13.88,-2.6,-0.37,122,-58.3,58,25,B,D,B+,56
INTZ,Intrusion Inc,SOFTWARE,Computer Sftwr-Security,80,NASDAQ,3.27,-8.9,-0.32,11,-85.8,2,12,B,E,D,9
INVE,Identiv Inc,SOFTWARE,Computer Sftwr-Security,80,NASDAQ,19.34,-0.3,-0.07,57,-54.9,69,97,B,D,E,72
IRNT,Ironnet Inc,SOFTWARE,Computer Sftwr-Security,80,NYSE,3.16,-8.1,-0.28,464,-65.8,14,2,B,E,E,1
KNBE,KnowBe4 Inc Cl A,SOFTWARE,Computer Sftwr-Security,80,NASDAQ,23.87,-4.6,-1.14,835,24.4,20,85,B,-,B,56
MCFE,Mcafee Corp Cl A,SOFTWARE,Computer Sftwr-Security,80,NASDAQ,25.78,0.3,0.08,763,-42.4,74,94,B,-,B-,80
MIME,Mimecast Limited,SOFTWARE,Computer Sftwr-Security,80,NASDAQ,79.94,0.2,0.2,931,-55.8,96,97,B,A,B,97
MNDT,Mandiant Inc,SOFTWARE,Computer Sftwr-Security,80,NASDAQ,14.95,-1.3,-0.2,2086,-2.2,17,22,B,D,D-,29
NICE,Nice Ltd Ads,SOFTWARE,Computer Sftwr-Security,80,NASDAQ,259.35,0.5,1.31,174,-15.4,86,48,B,A,D-,77
NLOK,Nortonlifelock Inc,SOFTWARE,Computer Sftwr-Security,80,NASDAQ,26.1,0.4,0.1,3183,40.6,63,86,B,A,B-,88
OKTA,Okta Inc Cl A,SOFTWARE,Computer Sftwr-Security,80,NASDAQ,190.18,-5.6,-11.24,1905,22.3,8,23,B,C,C-,37
OSPN,Onespan Inc,SOFTWARE,Computer Sftwr-Security,80,NASDAQ,15.9,-0.6,-0.09,109,-3,20,18,B,E,D-,21
PANW,Palo Alto Networks,SOFTWARE,Computer Sftwr-Security,80,NASDAQ,509.13,-0.7,-3.73,867,-30.7,76,94,B,A,C,92
PING,Ping Identity Hldg Corp,SOFTWARE,Computer Sftwr-Security,80,NYSE,19.07,-4.7,-0.93,341,-51.5,73,22,B,C,D+,52
QLYS,Qualys Inc,SOFTWARE,Computer Sftwr-Security,80,NASDAQ,127.66,-0.7,-0.92,140,-29.3,88,87,B,A,B-,92
RPD,Rapid7 Inc,SOFTWARE,Computer Sftwr-Security,80,NASDAQ,96.27,-1,-1.02,508,55,60,44,B,C,B,64
S,Sentinelone Inc Cl A,SOFTWARE,Computer Sftwr-Security,80,NYSE,43.86,-6.5,-3.04,2326,-36.4,6,35,B,D,D+,34
SAIL,Sailpoint Tech Holdings,SOFTWARE,Computer Sftwr-Security,80,NYSE,38.8,-2.8,-1.13,748,17.1,48,23,B,C,C+,46
SCWX,Secureworks Corp Cl A,SOFTWARE,Computer Sftwr-Security,80,NASDAQ,14.15,-4.1,-0.6,45,-45.1,9,33,B,E,C+,26
SFET,Safe-T Group Ltd Ads,SOFTWARE,Computer Sftwr-Security,80,NASDAQ,0.66,-4.9,-0.03,128,-62.1,27,10,B,D,D+,28
STER,Sterling Check Corp,SOFTWARE,Computer Sftwr-Security,80,NASDAQ,19.44,-4.2,-0.86,251,-2.1,71,25,B,B,C,67
TENB,Tenable Holdings Inc,SOFTWARE,Computer Sftwr-Security,80,NASDAQ,50.17,-3.4,-1.76,2038,198.8,37,86,B,B,B+,87
TLS,Telos Corp,SOFTWARE,Computer Sftwr-Security,80,NASDAQ,10.76,-6.3,-0.72,430,-31.7,69,4,B,-,E,29
TUFN,Tufin Software Tech Ltd,SOFTWARE,Computer Sftwr-Security,80,NYSE,8.84,-0.1,-0.01,132,-38.4,5,26,B,E,B-,24
VRNT,Verint Systems Inc,SOFTWARE,Computer Sftwr-Security,80,NASDAQ,51.86,0.5,0.24,275,-25.4,45,86,B,B,D+,60
VRSN,Verisign Inc,SOFTWARE,Computer Sftwr-Security,80,NASDAQ,223.63,3.1,6.78,493,30.2,66,65,B,-,C-,59
ZS,Zscaler Inc,SOFTWARE,Computer Sftwr-Security,80,NASDAQ,257.53,-1.4,-3.56,1444,-31.6,89,83,B,A,D-,83
AMOV,America Movil Sab Adr A,TELECOM,Telecom Svcs- Foreign,51,NYSE,18.91,0,0,0,0,78,93,B+,B,B,92
AMX,America Movil Sab Adr L,TELECOM,Telecom Svcs- Foreign,51,NYSE,18.94,-0.1,-0.02,2405,8.3,76,93,B+,B,D-,85
ATNI,A T N International Inc,TELECOM,Telecom Svcs- Foreign,51,NASDAQ,37.64,-2.8,-1.08,21,-8.1,10,31,B+,D,C,41
BCE,B C E Inc,TELECOM,Telecom Svcs- Foreign,51,NYSE,52.77,1.1,0.57,839,3.9,62,84,B+,C,D,75
CHT,Chunghwa Telecom Co Ads,TELECOM,Telecom Svcs- Foreign,51,NYSE,43.37,0,-0.02,93,29.7,59,84,B+,B,B,81
KT,K T Corp Adr,TELECOM,Telecom Svcs- Foreign,51,NYSE,13.15,0.6,0.08,254,-44.9,62,72,B+,D,B-,77
LBTYB,Liberty Global Plc Cl B,TELECOM,Telecom Svcs- Foreign,51,NASDAQ,27.94,1.2,0.33,0,-17.4,73,65,B+,E,C-,64
LILA,Liberty Latin Am Cl A,TELECOM,Telecom Svcs- Foreign,51,NASDAQ,10.52,-3.8,-0.42,183,-13.5,69,31,B+,D,C+,61
LILAK,Liberty Latin Am Cl C,TELECOM,Telecom Svcs- Foreign,51,NASDAQ,10.37,-3.6,-0.39,675,9.7,69,29,B+,D,B-,61
MBT,Mobile Telesyst PJSC Adr,TELECOM,Telecom Svcs- Foreign,51,NYSE,7.62,-1,-0.08,1020,-58.6,71,32,B+,B,D-,65
ORAN,Orange Ads,TELECOM,Telecom Svcs- Foreign,51,NYSE,11.72,1.6,0.19,723,-33.9,47,65,B+,C,A-,74
PHI,Pldt Inc Adr,TELECOM,Telecom Svcs- Foreign,51,NYSE,36.36,0.5,0.17,20,-19.2,63,95,B+,B,B+,87
PTNR,Partner Communicatns Ads,TELECOM,Telecom Svcs- Foreign,51,NASDAQ,8.54,-5.8,-0.53,13,-46.3,63,99,B+,D,B+,95
RCI,Rogers Communicatns Cl B,TELECOM,Telecom Svcs- Foreign,51,NYSE,51.35,1,0.5,169,-35.7,44,81,B+,B,B+,79
SIFY,Sify Technologies Ads,TELECOM,Telecom Svcs- Foreign,51,NASDAQ,3.12,-3.1,-0.1,140,-33,76,84,B+,B,B-,76
SKM,S K Telecom Co Ltd Ads,TELECOM,Telecom Svcs- Foreign,51,NYSE,26.65,-0.2,-0.05,256,-13.6,69,42,B+,C,B-,70
TEF,Telefonica S A Adr,TELECOM,Telecom Svcs- Foreign,51,NYSE,4.64,1,0.05,1663,2.4,69,84,B+,D,A-,91
TEO,Telecom Argent S A Ads,TELECOM,Telecom Svcs- Foreign,51,NYSE,5.11,-0.2,-0.01,64,-19.6,33,75,B+,E,C+,59
TIGO,Millicom Intl Cellular,TELECOM,Telecom Svcs- Foreign,51,NASDAQ,27.48,2.3,0.62,42,-45.5,52,18,B+,E,E,32
TIMB,T I M S A Ads,TELECOM,Telecom Svcs- Foreign,51,NYSE,12.42,-0.1,-0.01,186,-56.3,95,90,B+,C,B-,88
TKC,Turkcell Ilet Hizme Adr,TELECOM,Telecom Svcs- Foreign,51,NYSE,3.41,-2.4,-0.09,629,-35.1,48,22,B+,C,C-,44
TLK,Telekomunikasi Indo Ads,TELECOM,Telecom Svcs- Foreign,51,NYSE,29.34,-0.5,-0.16,123,-37.1,65,94,B+,C,B-,87
TU,Telus Corp,TELECOM,Telecom Svcs- Foreign,51,NYSE,23.88,1.2,0.29,1056,34.5,48,84,B+,C,D+,75
UCL,Ucloudlink Grp Cl A ADS,TELECOM,Telecom Svcs- Foreign,51,NASDAQ,1.84,0,0,54,-70.2,16,3,B+,E,C+,16
VEON,Veon Ltd Adr,TELECOM,Telecom Svcs- Foreign,51,NASDAQ,1.37,-3.5,-0.05,4023,29.8,45,22,B+,E,C,38
VIV,Telefonica Brasil S.A.,TELECOM,Telecom Svcs- Foreign,51,NYSE,9.48,-0.2,-0.02,925,11,56,91,B+,D,B+,80
VOD,Vodafone Group Plc Adr,TELECOM,Telecom Svcs- Foreign,51,NASDAQ,17.92,3.8,0.65,8809,54.4,71,77,B+,C,A-,85
ASTS,Ast Spacemobile Inc Cl A,TELECOM,Telecom Svcs-Cable/Satl,191,NASDAQ,5.85,-2.4,-0.15,595,-35.4,32,10,E,E,E,10
ATUS,Altice USA Inc Cl A,TELECOM,Telecom Svcs-Cable/Satl,191,NYSE,14.62,-3.5,-0.54,2887,-35.9,99,15,E,B,D+,52
BKSY,BlackSky Technology Inc,TELECOM,Telecom Svcs-Cable/Satl,191,NYSE,2.79,-6.7,-0.2,486,-24.7,5,1,E,E,E,2
CABO,Cable One Inc,TELECOM,Telecom Svcs-Cable/Satl,191,NYSE,1538.74,-0.9,-14.1,13,-59.7,86,28,E,B,C+,61
CALX,Calix Inc,TELECOM,Telecom Svcs-Cable/Satl,191,NYSE,50.36,-3.3,-1.7,414,-37.6,64,84,E,B,C,61
CCOI,Cogent Comm Hldgs Inc,TELECOM,Telecom Svcs-Cable/Satl,191,NASDAQ,63.84,-1.7,-1.14,183,10.4,48,32,E,-,D,35
CMCSA,Comcast Corp Cl A,TELECOM,Telecom Svcs-Cable/Satl,191,NASDAQ,50.02,0.2,0.08,13797,-12,87,37,E,B,D-,58
DISH,Dish Network Corp Cl A,TELECOM,Telecom Svcs-Cable/Satl,191,NASDAQ,31.28,-1.4,-0.45,2283,9.1,55,24,E,A,D+,36
LBTYA,Liberty Global Plc Cl A,TELECOM,Telecom Svcs-Cable/Satl,191,NASDAQ,27.82,1.1,0.29,391,-51.9,73,69,E,E,C,59
LBTYK,Liberty Global Plc Cl C,TELECOM,Telecom Svcs-Cable/Satl,191,NASDAQ,27.83,1.1,0.3,991,-49.7,73,72,E,E,D-,57
PL,Planet Labs Pbc,TELECOM,Telecom Svcs-Cable/Satl,191,NYSE,5.65,-11.9,-0.77,3025,-23.4,20,15,E,E,C,18
SIRI,Sirius X M Holdings Inc,TELECOM,Telecom Svcs-Cable/Satl,191,NASDAQ,6.68,-1.3,-0.09,23096,57.6,86,84,E,-,C,63
SJR,Shaw Communications Cl B,TELECOM,Telecom Svcs-Cable/Satl,191,NYSE,29.75,0.6,0.17,276,31.5,94,91,E,B,D+,79
WOW,Wideopenwest Inc,TELECOM,Telecom Svcs-Cable/Satl,191,NYSE,18.85,0.2,0.05,129,-51.8,63,90,E,-,B-,63
CHTR,Charter Comm,TELECOM,Telecom Svcs-Integrated,156,NASDAQ,600.34,0.5,2.99,796,-14.2,98,31,D,B,B-,67
CNSL,Consolidated Comm Hldgs,TELECOM,Telecom Svcs-Integrated,156,NASDAQ,7.18,-0.1,-0.01,162,-16,18,65,D,C,D,34
FYBR,Frontier Comm Parent Inc,TELECOM,Telecom Svcs-Integrated,156,NASDAQ,26.82,-2.2,-0.6,357,-53.8,15,44,D,-,C+,29
IDT,I D T Corporation Cl B,TELECOM,Telecom Svcs-Integrated,156,NYSE,37.56,-2.8,-1.09,112,-21.5,48,95,D,B,D-,60
LUMN,Lumen Technologies Inc,TELECOM,Telecom Svcs-Integrated,156,NYSE,12.74,1.2,0.16,7421,-9.6,64,72,D,C,B-,66
MSI,Motorola Solutions Inc,TELECOM,Telecom Svcs-Integrated,156,NYSE,237.88,2.6,6.08,667,42,90,84,D,-,E,63
T,A T & T Inc,TELECOM,Telecom Svcs-Integrated,156,NYSE,24.54,0.5,0.12,55303,7,61,31,D,C,C,40
VZ,Verizon Communications,TELECOM,Telecom Svcs-Integrated,156,NYSE,53.82,1.2,0.62,17854,1.5,73,52,D,B,C+,64
ATEX,Anterix Inc,TELECOM,Telecom Svcs-Wireless,158,NASDAQ,48.91,-3.7,-1.88,60,-4.5,36,60,D,E,E,34
FCUV,Focus Universal Inc,TELECOM,Telecom Svcs-Wireless,158,NASDAQ,8.44,6,0.48,19,-80.9,8,97,D,E,A+,51
GSAT,Globalstar Inc,TELECOM,Telecom Svcs-Wireless,158,AMEX,1.05,-5,-0.06,4832,-20.4,8,25,D,E,C,12
IRDM,Iridium Communications,TELECOM,Telecom Svcs-Wireless,158,NASDAQ,34.09,-2.2,-0.76,1375,129.8,52,26,D,E,C,33
SHEN,Shenandoah Telecommctns,TELECOM,Telecom Svcs-Wireless,158,NASDAQ,22.34,-0.7,-0.16,216,87.5,62,23,D,D,D-,39
SPOK,Spok Holdings Inc,TELECOM,Telecom Svcs-Wireless,158,NASDAQ,9.81,0.3,0.03,17,-71.4,8,48,D,E,C,31
TDS,Telephone & Data Sys Inc,TELECOM,Telecom Svcs-Wireless,158,NYSE,20.15,0.9,0.18,451,-30.1,54,55,D,D,B-,50
TMUS,T-Mobile U.S. Inc,TELECOM,Telecom Svcs-Wireless,158,NASDAQ,109.45,-0.1,-0.1,3551,-2,81,30,D,B,D+,50
USM,U S Cellular Corp,TELECOM,Telecom Svcs-Wireless,158,NYSE,30.71,0.3,0.1,63,8.1,56,42,D,D,B-,48
VG,Vonage Holdings Corp,TELECOM,Telecom Svcs-Wireless,158,NASDAQ,20.85,-0.1,-0.03,1834,-69.4,38,98,D,C,B,70
XSPA,Xpresspa Group Inc,TELECOM,Telecom Svcs-Wireless,158,NASDAQ,1.33,-6.2,-0.09,1705,-40.1,61,42,D,D,C-,42
ADTN,Adtran Inc,TELECOM,Telecom-Cable/Satl Eqp,178,NASDAQ,18.88,-1.5,-0.29,574,64.5,30,72,D-,D,C-,46
AEY,Addvantage Tech Grp Inc,TELECOM,Telecom-Cable/Satl Eqp,178,NASDAQ,1.3,1.2,0.02,12,-95.9,39,11,D-,D,D-,23
BDC,Belden Inc,TELECOM,Telecom-Cable/Satl Eqp,178,NYSE,58,1.6,0.89,170,25.6,78,84,D-,B,B-,81
BDR,Blonder Tongue Labs,TELECOM,Telecom-Cable/Satl Eqp,178,AMEX,0.46,-3.1,-0.01,18,-83.8,51,4,D-,E,C,14
CMTL,Comtech Telecomm Corp,TELECOM,Telecom-Cable/Satl Eqp,178,NASDAQ,19.96,-1.6,-0.33,85,-5.1,51,25,D-,E,C+,26
FEIM,Frequency Electronics,TELECOM,Telecom-Cable/Satl Eqp,178,NASDAQ,8.87,1.4,0.12,0,-98.4,26,28,D-,D,D,24
FKWL,Franklin Wireless Corp,TELECOM,Telecom-Cable/Satl Eqp,178,NASDAQ,4.22,-1.2,-0.05,19,-61.9,8,9,D-,B,B,15
GILT,Gilat Satellite Networks,TELECOM,Telecom-Cable/Satl Eqp,178,NASDAQ,7.8,2.8,0.21,316,-21.6,47,24,D-,E,D-,25
HLIT,Harmonic Inc,TELECOM,Telecom-Cable/Satl Eqp,178,NASDAQ,9.08,-1.5,-0.14,1587,130.8,38,72,D-,B,B-,63
JCS,Communications Sys Inc,TELECOM,Telecom-Cable/Satl Eqp,178,NASDAQ,2.05,-1.9,-0.04,5,-89.3,52,11,D-,D,D-,19
PCTI,Pctel Inc,TELECOM,Telecom-Cable/Satl Eqp,178,NASDAQ,5.25,0.3,0.02,19,-51,24,23,D-,C,E,24
PLPC,Preformed Line Products,TELECOM,Telecom-Cable/Satl Eqp,178,NASDAQ,60.07,1.5,0.92,4,-47.8,63,29,D-,C,E,37
RFIL,R F Industries Ltd,TELECOM,Telecom-Cable/Satl Eqp,178,NASDAQ,7.58,0.9,0.07,4,-78.8,83,77,D-,A,B,84
SATS,Echostar Corp Cl A,TELECOM,Telecom-Cable/Satl Eqp,178,NASDAQ,24.48,-1.1,-0.28,164,-24.6,65,75,D-,D,B-,65
SEAC,Seachange Intl Inc,TELECOM,Telecom-Cable/Satl Eqp,178,NASDAQ,1.14,-7.4,-0.09,2102,-84.7,57,92,D-,E,E,45
SIDU,Sidus Space Inc Cl A,TELECOM,Telecom-Cable/Satl Eqp,178,NASDAQ,11.55,1.9,0.22,80,-86.3,8,39,D-,-,-,20
TSAT,Telesat Corporation Cl A,TELECOM,Telecom-Cable/Satl Eqp,178,NASDAQ,23.56,0,-0.01,82,-38.4,9,14,D-,-,C,11
WTT,Wireless Telecom Group,TELECOM,Telecom-Cable/Satl Eqp,178,AMEX,1.85,-1.6,-0.03,5,-93.1,57,32,D-,E,B-,37
AAPL,Apple Inc,TELECOM,Telecom-Consumer Prods,24,NASDAQ,175.61,0.6,1,61011,-29.5,94,94,A,A,D,96
BKTI,BK Technologies Corp,TELECOM,Telecom-Consumer Prods,24,AMEX,2.6,5.7,0.14,36,-51.8,30,19,A,D,B,36
OOMA,Ooma Inc,TELECOM,Telecom-Consumer Prods,24,NYSE,17.37,-0.8,-0.14,54,12.6,27,52,A,B,D,59
SONM,Sonim Technologies Inc,TELECOM,Telecom-Consumer Prods,24,NASDAQ,0.67,-7.3,-0.05,286,-60.1,24,1,A,E,E,12
SYTA,Siyata Mobile Inc,TELECOM,Telecom-Consumer Prods,24,NASDAQ,1.31,-3.7,-0.05,819,-85.8,1,1,A,E,D,6
TESS,Tessco Tech Inc,TELECOM,Telecom-Consumer Prods,24,NASDAQ,5.99,-0.7,-0.05,31,-89,44,37,A,E,C+,54
UTME,Utime Limited,TELECOM,Telecom-Consumer Prods,24,NASDAQ,1.99,12.4,0.22,1050,628.1,2,1,A,D,D+,11
VOXX,Voxx Intl Corp Cl A,TELECOM,Telecom-Consumer Prods,24,NASDAQ,10.55,-2.8,-0.3,65,-43.3,8,23,A,C,B+,34
AAOI,Applied Optoelectronics,TELECOM,Telecom-Fiber Optics,13,NASDAQ,3.99,-3.2,-0.13,208,-48.1,10,9,A+,E,D,21
CIEN,Ciena Corporation,TELECOM,Telecom-Fiber Optics,13,NYSE,66.6,0.7,0.46,728,-44.8,85,92,A+,B,D-,93
CLFD,Clearfield Inc,TELECOM,Telecom-Fiber Optics,13,NASDAQ,59.56,-1.8,-1.08,182,0.8,98,97,A+,A,B-,99
DZSI,D Z S Inc,TELECOM,Telecom-Fiber Optics,13,NASDAQ,14.48,-3.1,-0.47,67,-9.4,16,65,A+,C,A-,62
INFN,Infinera Corp,TELECOM,Telecom-Fiber Optics,13,NASDAQ,8.27,-1.5,-0.13,1663,15.9,32,44,A+,E,D-,46
LITE,Lumentum Holdings Inc,TELECOM,Telecom-Fiber Optics,13,NASDAQ,101.22,0.8,0.84,912,50.5,58,92,A+,B,B,89
LPTH,Lightpath Tech Inc,TELECOM,Telecom-Fiber Optics,13,NASDAQ,2.53,-3.3,-0.09,69,-69.9,8,84,A+,E,B,55
OCC,Optical Cable Corp,TELECOM,Telecom-Fiber Optics,13,NASDAQ,5.56,11.9,0.59,27,-36,58,96,A+,B,B-,89
VIAV,Viavi Solutions Inc,TELECOM,Telecom-Fiber Optics,13,NASDAQ,16.38,0.3,0.05,1057,-18.4,89,65,A+,A,D,91
AVNW,Aviat Networks Inc,TELECOM,Telecom-Infrastructure,149,NASDAQ,30.37,3.3,0.98,139,79.4,87,60,D+,B,C+,69
AWRE,Aware Inc,TELECOM,Telecom-Infrastructure,149,NASDAQ,2.98,2.8,0.08,42,51.6,37,23,D+,D,B-,33
CASA,Casa Systems Inc,TELECOM,Telecom-Infrastructure,149,NASDAQ,4.45,0.2,0.01,117,-37.4,15,14,D+,B,B,19
CLRO,ClearOne Inc,TELECOM,Telecom-Infrastructure,149,NASDAQ,1.01,-1.2,-0.01,950,353.1,19,8,D+,D,D,11
CMBM,Cambium Networks Corp,TELECOM,Telecom-Infrastructure,149,NASDAQ,25.08,-0.7,-0.17,187,22.1,39,17,D+,B,B,34
COMM,Commscope Holding Co Inc,TELECOM,Telecom-Infrastructure,149,NASDAQ,9.67,0.7,0.07,2508,-6.3,44,16,D+,C,D-,21
COMS,Comsovereign Holding Crp,TELECOM,Telecom-Infrastructure,149,NASDAQ,0.5,-9.4,-0.05,267,-52.5,28,1,D+,D,D,12
CRNT,Ceragon Networks Ltd,TELECOM,Telecom-Infrastructure,149,NASDAQ,2.23,-4.3,-0.1,330,-35.4,28,15,D+,D,C,21
DY,Dycom Inds Inc,TELECOM,Telecom-Infrastructure,149,NYSE,85.59,-1.1,-0.97,105,-53.6,30,79,D+,D,B,55
ERIC,Ericsson L M Tel Adr,TELECOM,Telecom-Infrastructure,149,NASDAQ,12.44,0.5,0.07,5013,-26.1,48,79,D+,B,B+,70
FNGR,Fingermotion Inc,TELECOM,Telecom-Infrastructure,149,NASDAQ,4.45,-3.5,-0.16,24,-27.1,22,12,D+,D,-,23
GOGO,Gogo Inc,TELECOM,Telecom-Infrastructure,149,NASDAQ,12.46,-2.7,-0.35,312,-40,32,69,D+,-,D+,40
IHS,Ihs Holding Limited,TELECOM,Telecom-Infrastructure,149,NYSE,12.08,0.3,0.04,235,24.1,32,19,D+,D,D-,25
INSG,Inseego Corp,TELECOM,Telecom-Infrastructure,149,NASDAQ,4.31,-5,-0.23,651,-40.3,5,9,D+,-,C-,2
KVHI,K V H Industries Inc,TELECOM,Telecom-Infrastructure,149,NASDAQ,8.8,0.1,0.01,114,181.9,18,20,D+,D,D+,21
MIMO,Airspan Networks Hldngs,TELECOM,Telecom-Infrastructure,149,AMEX,3.93,8.3,0.3,84,-55,45,4,D+,E,D-,17
MYNA,Mynaric Ag Ads,TELECOM,Telecom-Infrastructure,149,NASDAQ,11.05,0.4,0.04,5,-89.2,1,8,D+,D,E,7
NOK,Nokia Corp Ads,TELECOM,Telecom-Infrastructure,149,NYSE,5.99,0.8,0.05,28985,28.6,81,89,D+,C,D,74
RBBN,Ribbon Communications,TELECOM,Telecom-Infrastructure,149,NASDAQ,4.29,-2.8,-0.13,245,-4.5,70,17,D+,B,E,26
UI,Ubiquiti Inc,TELECOM,Telecom-Infrastructure,149,NYSE,287.2,-2.8,-8.18,164,93.8,88,52,D+,-,B,56
UTSI,Utstarcom Holdings Corp,TELECOM,Telecom-Infrastructure,149,NASDAQ,0.83,-0.7,-0.01,13,-60.1,69,14,D+,E,C-,27
VSAT,Viasat Inc,TELECOM,Telecom-Infrastructure,149,NASDAQ,41.82,-4.9,-2.15,399,46.2,54,26,D+,C,C,42
AAWW,Atlas Air Worldwide Hldg,TRANSPRT,Transport-Air Freight,77,NASDAQ,80.73,-1.7,-1.37,345,-10.1,87,92,B,A,D-,91
AIRT,Air T Inc,TRANSPRT,Transport-Air Freight,77,NASDAQ,24.5,-4.3,-1.1,48,361.9,69,55,B,E,B-,61
ATSG,Air Transport Svcs Grp,TRANSPRT,Transport-Air Freight,77,NASDAQ,26.86,-2.7,-0.74,154,-27.6,85,84,B,B,B+,91
FDX,Fedex Corp,TRANSPRT,Transport-Air Freight,77,NYSE,251.9,0,-0.11,1233,-26.5,46,55,B,B,B-,66
UPS,United Parcel Svc Cl B,TRANSPRT,Transport-Air Freight,77,NYSE,231.26,0.2,0.57,3944,99.8,87,92,B,A,B+,94
AAL,American Airlines Group,TRANSPRT,Transportation-Airline,136,NASDAQ,17.01,1,0.17,32552,-9.1,48,30,C-,-,D+,34
ALGT,Allegiant Travel Company,TRANSPRT,Transportation-Airline,136,NASDAQ,176.6,-2.3,-4.2,214,69,69,42,C-,D,B-,57
ALK,Alaska Air Group Inc,TRANSPRT,Transportation-Airline,136,NYSE,54.34,-0.8,-0.46,1101,-24.5,69,55,C-,C,B-,64
AZUL,Azul S A Ads,TRANSPRT,Transportation-Airline,136,NYSE,15.79,-3.8,-0.62,2182,14.5,39,35,C-,-,B,37
BLDE,Blade Air Mobility Cl A,TRANSPRT,Transportation-Airline,136,NASDAQ,5.8,-8.8,-0.56,607,-34,2,15,C-,D,E,10
CEA,China E Airlines Ads,TRANSPRT,Transportation-Airline,136,NYSE,19.65,0.2,0.03,0,-90.6,34,69,C-,E,B+,57
CPA,Copa Holdings Sa,TRANSPRT,Transportation-Airline,136,NYSE,83.9,-0.7,-0.56,196,-42.6,60,87,C-,D,C-,73
DAL,Delta Air Lines Inc,TRANSPRT,Transportation-Airline,136,NYSE,40.6,0.3,0.11,8463,-34,9,60,C-,E,D+,33
GOL,Gol Intelligent Airlines,TRANSPRT,Transportation-Airline,136,NYSE,6.79,-2.7,-0.19,1051,-48.4,33,55,C-,-,B+,42
HA,Hawaiian Holdings Inc,TRANSPRT,Transportation-Airline,136,NASDAQ,17.83,0.5,0.08,1090,35.3,46,28,C-,D,E,33
JBLU,Jetblue Airways Corp,TRANSPRT,Transportation-Airline,136,NASDAQ,14.76,-0.8,-0.12,4425,-32.7,50,52,C-,D,B+,58
LUV,Southwest Airlines Co,TRANSPRT,Transportation-Airline,136,NYSE,44.29,-2,-0.9,6142,-20.6,60,32,C-,C,D-,42
MESA,Mesa Air Group Inc,TRANSPRT,Transportation-Airline,136,NASDAQ,5.16,1.2,0.06,383,-33.2,44,14,C-,C,D-,25
RYAAY,Ryanair Hldgs Plc Adr,TRANSPRT,Transportation-Airline,136,NASDAQ,118.07,1.8,2.07,416,19.3,57,77,C-,D,C+,70
SAVE,Spirit Airlines Inc,TRANSPRT,Transportation-Airline,136,NYSE,22.3,-0.5,-0.11,5165,13.5,50,29,C-,D,C-,39
SKYW,Skywest Inc,TRANSPRT,Transportation-Airline,136,NASDAQ,38.9,-0.7,-0.27,236,5.5,70,35,C-,C,D,52
SNCY,Sun Country AirlinesHldg,TRANSPRT,Transportation-Airline,136,NASDAQ,26.41,-0.6,-0.17,128,-56.8,69,23,C-,C,C+,48
UAL,United Airlines Holdings,TRANSPRT,Transportation-Airline,136,NASDAQ,44.22,0.6,0.26,11003,-9,50,42,C-,D,D+,43
ULCC,Frontier Group Holdings,TRANSPRT,Transportation-Airline,136,NASDAQ,12.81,-2.3,-0.3,211,-50.6,31,22,C-,D,E,28
VLRS,Volaris Avia Hd Cl A Ads,TRANSPRT,Transportation-Airline,136,NYSE,18.41,2.2,0.4,293,-29.7,69,85,C-,D,C,72
ZNH,China South Airline Ads,TRANSPRT,Transportation-Airline,136,NYSE,31.55,0.1,0.04,3,-58.1,44,84,C-,E,B+,68
BLBD,Blue Bird Corp,TRANSPRT,Transportation-Equip Mfg,95,NASDAQ,15.47,-2.5,-0.39,67,-23.5,30,18,B-,-,E,14
GBX,Greenbrier Companies Inc,TRANSPRT,Transportation-Equip Mfg,95,NYSE,40.72,-0.2,-0.07,226,-10.5,73,44,B-,E,B-,70
HYLN,Hyliion Holdings Cp Cl A,TRANSPRT,Transportation-Equip Mfg,95,NYSE,4.2,-7.9,-0.36,2025,-17.4,21,6,B-,-,E,10
KIQ,Kelso Technologies Inc,TRANSPRT,Transportation-Equip Mfg,95,NYSE,0.48,-3.8,-0.02,47,-74.4,27,18,B-,E,C,26
RAIL,Freightcar America Inc,TRANSPRT,Transportation-Equip Mfg,95,NASDAQ,3.57,-2.3,-0.09,38,-73.5,60,22,B-,D,D+,39
TRN,Trinity Industries Inc,TRANSPRT,Transportation-Equip Mfg,95,NYSE,29.22,-0.6,-0.17,365,-24,65,75,B-,E,C-,70
TWIN,Twin Disc Inc,TRANSPRT,Transportation-Equip Mfg,95,NASDAQ,12.47,3.9,0.47,14,38,31,72,B-,E,B-,50
VEEE,Twin Vee Powercats Co,TRANSPRT,Transportation-Equip Mfg,95,NASDAQ,3.23,-4.4,-0.15,26,-69.1,6,17,B-,B,D,29
WAB,Wabtec Corp,TRANSPRT,Transportation-Equip Mfg,95,NYSE,90.91,1.2,1.09,344,-39,76,79,B-,D,D+,69
WNC,Wabash National Corp,TRANSPRT,Transportation-Equip Mfg,95,NYSE,16.91,-12.8,-2.49,696,209.6,64,92,B-,D,C,86
BEST,Best Inc Ads Cl A,TRANSPRT,Transportation-Logistics,92,NYSE,0.86,-6.1,-0.06,1230,-23.1,2,16,B-,E,C-,11
CHRW,C H Robinson Worldwide,TRANSPRT,Transportation-Logistics,92,NASDAQ,92.79,-11.3,-11.86,2891,288.8,84,88,B-,A,D+,91
CYRX,Cryoport Inc,TRANSPRT,Transportation-Logistics,92,NASDAQ,39.87,-2.1,-0.84,381,1,29,14,B-,C,D-,30
DSKE,Daseke Inc,TRANSPRT,Transportation-Logistics,92,NASDAQ,11.35,-1.2,-0.14,591,87.6,66,98,B-,B,A-,93
EXPD,Expeditors Intl Wash Inc,TRANSPRT,Transportation-Logistics,92,NASDAQ,114.41,0,-0.05,974,29.1,96,69,B-,A,D-,90
GXO,G X O Logistics Inc,TRANSPRT,Transportation-Logistics,92,NYSE,82.8,1.4,1.11,327,-49.7,70,87,B-,C,D,76
HUBG,Hub Group Inc Cl A,TRANSPRT,Transportation-Logistics,92,NASDAQ,76.38,0.1,0.05,111,24,88,86,B-,C,D-,87
RLGT,Radiant Logistics Inc,TRANSPRT,Transportation-Logistics,92,AMEX,6.19,-2.2,-0.14,93,-10.3,90,44,B-,B,C+,73
SGLY,Singularity Future Tech,TRANSPRT,Transportation-Logistics,92,NASDAQ,4.84,-7.5,-0.39,795,-14.8,41,98,B-,E,A-,66
SNDR,Schneider National Cl B,TRANSPRT,Transportation-Logistics,92,NYSE,26.19,1.6,0.42,422,26.1,93,84,B-,B,B-,92
XPO,X P O Logistics Inc,TRANSPRT,Transportation-Logistics,92,NYSE,67.05,-0.6,-0.39,843,-15.3,96,26,B-,C,E,64
ZTO,Zto Express Ads Cl A,TRANSPRT,Transportation-Logistics,92,NYSE,30.27,-0.5,-0.16,821,-63.9,56,72,B-,A,C+,75
CNI,Canadian Natl Ry Co,TRANSPRT,Transportation-Rail,50,NYSE,124.99,1.9,2.33,1206,5.4,71,81,B+,A,C-,81
CP,Canadian Pacific Railway,TRANSPRT,Transportation-Rail,50,NYSE,72.96,2.1,1.49,2012,-53.7,71,44,B+,B,D-,63
CSX,CSX Corp,TRANSPRT,Transportation-Rail,50,NASDAQ,35.23,1.5,0.51,6355,-29.7,89,77,B+,A,E,86
NSC,Norfolk Southern Corp,TRANSPRT,Transportation-Rail,50,NYSE,279.93,2,5.53,911,10.4,86,69,B+,A,E,82
UNP,Union Pacific Corp,TRANSPRT,Transportation-Rail,50,NYSE,251.39,1.9,4.68,1648,-11.5,84,85,B+,A,D+,90
USDP,U S D Partners LP,TRANSPRT,Transportation-Rail,50,NYSE,5.94,0.7,0.04,32,-33.3,35,65,B+,E,B-,54
CMRE,Costamare Inc,TRANSPRT,Transportation-Ship,6,NYSE,13.35,0.5,0.07,364,-14.3,79,93,A+,A,C,99
CPLP,Capital Product Ptnrs Lp,TRANSPRT,Transportation-Ship,6,NASDAQ,16.77,3.9,0.63,405,269.9,74,97,A+,B,A-,99
CTRM,Castor Maritime Inc,TRANSPRT,Transportation-Ship,6,NASDAQ,1.24,-3.5,-0.05,908,-41.7,69,5,A+,B,E,42
DAC,Danaos Corporation,TRANSPRT,Transportation-Ship,6,NYSE,95.22,-0.7,-0.65,380,8.8,74,99,A+,A,A-,99
DSX,Diana Shipping Inc,TRANSPRT,Transportation-Ship,6,NYSE,3.88,1,0.04,346,-38,69,75,A+,D,C-,75
EDRY,Eurodry Ltd,TRANSPRT,Transportation-Ship,6,NASDAQ,20.87,-2,-0.43,22,-27.2,69,97,A+,C,D+,87
EGLE,Eagle Bulk Shipping Inc,TRANSPRT,Transportation-Ship,6,NASDAQ,46.37,-1.6,-0.77,153,-3,69,98,A+,C,B,98
ESEA,Euroseas Ltd,TRANSPRT,Transportation-Ship,6,NASDAQ,32.89,0.6,0.2,53,-46,73,99,A+,C,B-,97
GLBS,Globus Maritime Ltd,TRANSPRT,Transportation-Ship,6,NASDAQ,1.91,-1.5,-0.03,128,-60.7,50,10,A+,D,D-,41
GNK,Genco Shipping & Trading,TRANSPRT,Transportation-Ship,6,NYSE,16.26,-0.9,-0.15,439,-11.7,69,93,A+,C,B,94
GOGL,Golden Ocean Group Ltd,TRANSPRT,Transportation-Ship,6,NASDAQ,9.96,3.9,0.37,3482,51.6,72,97,A+,C,B-,95
GRIN,Grindrod Shipping Hldgs,TRANSPRT,Transportation-Ship,6,NASDAQ,16.74,-1.5,-0.26,249,-12,69,99,A+,C,C-,92
GSL,Global Ship Lease Inc,TRANSPRT,Transportation-Ship,6,NYSE,26.98,-1.5,-0.42,1008,76.6,72,98,A+,A,A-,99
KEX,Kirby Corp,TRANSPRT,Transportation-Ship,6,NYSE,64.62,-1.9,-1.28,222,-27.4,21,89,A+,D,B,83
MATX,Matson Inc,TRANSPRT,Transportation-Ship,6,NYSE,99.25,-0.7,-0.75,445,84.9,99,97,A+,A,B+,99
NETI,Eneti Inc,TRANSPRT,Transportation-Ship,6,NYSE,7.15,-1.4,-0.1,178,-41.1,55,5,A+,E,E,31
NM,Navios Maritime Holdings,TRANSPRT,Transportation-Ship,6,NYSE,3.28,-0.3,-0.01,425,95.3,69,14,A+,B,C,58
NMM,Navios Maritime Partners,TRANSPRT,Transportation-Ship,6,NYSE,30.17,1.5,0.44,457,72,77,94,A+,B,B-,99
OP,Oceanpal Inc,TRANSPRT,Transportation-Ship,6,NASDAQ,0.53,-4.2,-0.02,1000,-44.8,69,1,A+,E,C+,39
PANL,Pangaea Logistics Soltns,TRANSPRT,Transportation-Ship,6,NASDAQ,4.33,-1.1,-0.05,125,-16.3,92,85,A+,B,B-,98
PSHG,Performance Shipping Inc,TRANSPRT,Transportation-Ship,6,NASDAQ,3.25,8.3,0.25,15,-27.2,8,13,A+,E,D-,22
PXS,Pyxis Tankers Inc,TRANSPRT,Transportation-Ship,6,NASDAQ,0.49,-2.6,-0.01,142,-32.5,25,12,A+,E,C,31
SB,Safe Bulkers Inc,TRANSPRT,Transportation-Ship,6,NYSE,3.69,1,0.04,752,-25.6,69,85,A+,C,D,88
SBLK,Star Bulk Carriers Corp,TRANSPRT,Transportation-Ship,6,NASDAQ,23.87,0,0,2847,49.6,91,98,A+,B,B,99
SHIP,Seanergy Maritime Hldgs,TRANSPRT,Transportation-Ship,6,NASDAQ,1.07,-0.2,0,2993,1.5,69,65,A+,C,C+,73
SMHI,Seacor Marine Holdings,TRANSPRT,Transportation-Ship,6,NYSE,4.24,0.4,0.02,418,1320.9,57,83,A+,E,B,72
TRMD,Torm Plc Cl A,TRANSPRT,Transportation-Ship,6,NASDAQ,7.54,4.5,0.33,109,-33.5,8,31,A+,D,E,32
ZIM,ZIM Integ Shipping Svcs,TRANSPRT,Transportation-Ship,6,NYSE,68.41,-0.2,-0.16,2924,-18.6,84,99,A+,A,B-,99
ARCB,Arcbest Corporation,TRANSPRT,Transportation-Truck,29,NASDAQ,93.84,0.2,0.21,450,28,99,95,A,B,D+,92
CVLG,Covenant Logis Grp,TRANSPRT,Transportation-Truck,29,NASDAQ,21.74,1.1,0.24,102,9,67,52,A,B,C+,73
FWRD,Forward Air Corp,TRANSPRT,Transportation-Truck,29,NASDAQ,110.23,-0.4,-0.46,71,-29.4,85,92,A,B,A,98
HTLD,Heartland Express Inc,TRANSPRT,Transportation-Truck,29,NASDAQ,14.69,-1.3,-0.2,111,-33.5,80,28,A,C,D-,56
JBHT,Hunt J B Trans Svcs Inc,TRANSPRT,Transportation-Truck,29,NASDAQ,195.43,1.7,3.28,407,-2.7,91,87,A,A,E,94
KNX,Knight-Swift Trans Hldg,TRANSPRT,Transportation-Truck,29,NYSE,57.35,1,0.58,1243,35.6,97,89,A,A,D,98
LSTR,Landstar System Inc,TRANSPRT,Transportation-Truck,29,NASDAQ,162.56,1.4,2.2,387,75.8,93,48,A,A,C-,87
MRTN,Marten Transport Ltd,TRANSPRT,Transportation-Truck,29,NASDAQ,17.64,4,0.68,756,301.2,92,69,A,B,C,94
ODFL,Old Dominion Fght Line,TRANSPRT,Transportation-Truck,29,NASDAQ,324.19,5.9,18,1062,97.3,97,87,A,A,E,97
PATI,Patriot Trn Holding Inc,TRANSPRT,Transportation-Truck,29,NASDAQ,8.24,0.5,0.04,2,-75.2,11,33,A,E,E,26
PTSI,P A M Transportation Sv,TRANSPRT,Transportation-Truck,29,NASDAQ,75.3,5.1,3.66,30,49,98,99,A,A,B,98
SAIA,Saia Inc,TRANSPRT,Transportation-Truck,29,NASDAQ,298.93,-0.3,-0.79,379,61.8,99,92,A,B,B+,99
TFII,Tfi International Inc,TRANSPRT,Transportation-Truck,29,NYSE,100.03,-0.2,-0.18,111,-35.9,95,83,A,A,E,96
ULH,Universal Logistics Hldg,TRANSPRT,Transportation-Truck,29,NASDAQ,18.03,2.5,0.44,26,-37.7,97,23,A,B,B-,77
USAK,U S A Truck Inc,TRANSPRT,Transportation-Truck,29,NASDAQ,19.61,2,0.39,57,-9.8,69,93,A,C,B-,97
USX,U S Xpress Ent Inc Cl A,TRANSPRT,Transportation-Truck,29,NYSE,4.47,-1.9,-0.09,213,-3.7,12,9,A,C,B-,31
WERN,Werner Enterprises Inc,TRANSPRT,Transportation-Truck,29,NASDAQ,44.61,0.4,0.18,363,2.8,86,60,A,B,C,90
YELL,Yellow Corporation,TRANSPRT,Transportation-Truck,29,NASDAQ,11.24,1.8,0.2,646,4,59,98,A,-,C-,73
YGMZ,MingZhu Logistics Hldgs,TRANSPRT,Transportation-Truck,29,NASDAQ,1.39,-2.8,-0.04,8,-98.5,43,3,A,E,B,26
AEE,Ameren Corporation,UTILITY,Utility-Diversified,62,NYSE,88.57,1.1,0.98,791,-2.7,63,83,B+,B,B-,82
AGR,Avangrid Inc,UTILITY,Utility-Diversified,62,NYSE,46.58,0.7,0.34,376,-2.9,56,33,B+,C,E,44
ALE,Allete Inc,UTILITY,Utility-Diversified,62,NYSE,64.14,1.2,0.75,117,-24.4,43,48,B+,B,D+,61
AVA,Avista Corp,UTILITY,Utility-Diversified,62,NYSE,43.95,-0.9,-0.41,247,35.2,62,83,B+,C,B-,75
BKH,Black Hills Corp,UTILITY,Utility-Diversified,62,NYSE,66.85,-0.1,-0.1,313,96.8,76,69,B+,B,D+,78
CEG,Constellation Energy Crp,UTILITY,Utility-Diversified,62,NASDAQ,53.37,-,53.19,9370,0,-,1,B+,-,-,3
CMS,C M S Energy Corp,UTILITY,Utility-Diversified,62,NYSE,63.96,1,0.63,1668,91.5,65,75,B+,B,C,79
CNP,Centerpoint Energy Inc,UTILITY,Utility-Diversified,62,NYSE,28.44,1.3,0.36,2068,-32.5,54,89,B+,A,D-,80
CPK,Chesapeake Utilities,UTILITY,Utility-Diversified,62,NYSE,134.56,0.3,0.38,13,-75.2,88,86,B+,B,B+,93
D,Dominion Energy,UTILITY,Utility-Diversified,62,NYSE,81.22,1.5,1.19,2233,0.3,53,81,B+,C,B+,75
DTE,D T E Energy Co,UTILITY,Utility-Diversified,62,NYSE,120.37,1.6,1.89,677,10.6,59,60,B+,B,B+,76
DUK,Duke Energy Corp,UTILITY,Utility-Diversified,62,NYSE,105.04,1.5,1.59,1626,-9.6,56,75,B+,C,C,69
ED,Consolidated Edison Inc,UTILITY,Utility-Diversified,62,NYSE,87.17,1.3,1.12,1055,-22.2,48,90,B+,C,C+,75
EXC,Exelon Corp,UTILITY,Utility-Diversified,62,NASDAQ,42.67,3.9,1.6,21882,377.5,66,93,B+,C,B-,86
FTS,Fortis Inc,UTILITY,Utility-Diversified,62,NYSE,47.44,1,0.48,324,-11.6,48,83,B+,C,B+,76
GNE,Genie Energy Ltd Cl B,UTILITY,Utility-Diversified,62,NYSE,5.1,0.8,0.04,27,-22.8,30,32,B+,B,C,48
LNT,Alliant Energy Corp,UTILITY,Utility-Diversified,62,NASDAQ,59.76,1.9,1.1,1002,56.5,69,79,B+,B,E,74
MGEE,M G E Energy Inc,UTILITY,Utility-Diversified,62,NASDAQ,76,0.1,0.08,38,-1.6,75,75,B+,B,D,76
NGG,National Grid Plc Adr,UTILITY,Utility-Diversified,62,NYSE,74.88,0.8,0.63,265,-12.8,35,91,B+,C,B-,80
NI,Nisource Inc,UTILITY,Utility-Diversified,62,NYSE,29.58,2.6,0.75,6468,124.6,67,91,B+,C,B,83
NRG,N R G Energy Inc,UTILITY,Utility-Diversified,62,NYSE,39.86,2.9,1.11,3125,100.4,99,55,B+,A,C-,93
NWE,Northwestern Corp,UTILITY,Utility-Diversified,62,NASDAQ,58.52,-0.1,-0.06,160,-49.1,69,55,B+,C,D-,67
PCG,P G & E Corporation,UTILITY,Utility-Diversified,62,NYSE,12.25,0.9,0.12,15178,35.8,30,88,B+,B,B-,74
PEG,Public Svc Enterprise Gp,UTILITY,Utility-Diversified,62,NYSE,67.31,1.6,1.05,1865,68.1,55,81,B+,C,C,71
SJI,South Jersey Industries,UTILITY,Utility-Diversified,62,NYSE,25.25,-0.2,-0.06,497,-4.7,40,83,B+,C,C+,73
SRE,Sempra Energy,UTILITY,Utility-Diversified,62,NYSE,138.27,1.6,2.15,1089,2.1,54,79,B+,C,C,78
UTL,Unitil Corp,UTILITY,Utility-Diversified,62,NYSE,48.17,1.1,0.52,37,28.8,49,75,B+,C,A,78
VIA,Via Renewables Inc Cl A,UTILITY,Utility-Diversified,62,NASDAQ,11.71,0.2,0.03,43,-25.1,44,79,B+,C,C-,70
WEC,W E C Energy Group Inc,UTILITY,Utility-Diversified,62,NYSE,96.14,1,0.98,1167,42.6,73,75,B+,B,C,79
XEL,Xcel Energy Inc,UTILITY,Utility-Diversified,62,NASDAQ,69.56,1.6,1.07,1578,-25.7,62,75,B+,B,B-,79
AEP,American Electric Power,UTILITY,Utility-Electric Power,66,NASDAQ,89.86,1.7,1.51,2159,15.1,58,75,B,B,B-,76
AES,A E S Corp,UTILITY,Utility-Electric Power,66,NYSE,22.28,0.6,0.14,4527,35.7,84,30,B,A,D-,67
AMPS,Altus Power Inc Cl A,UTILITY,Utility-Electric Power,66,NYSE,6.57,-6,-0.42,583,0.6,8,17,B,-,E,20
CEPU,Central Puerto S.A. Ads,UTILITY,Utility-Electric Power,66,NYSE,3.34,-4,-0.14,168,9.5,12,96,B,D,B,63
CIG,Companhia Energetica Adr,UTILITY,Utility-Electric Power,66,NYSE,2.51,-2.5,-0.07,4954,-27.8,77,90,B,B,C+,91
EBR,Centrais El Bra Ads Cl A,UTILITY,Utility-Electric Power,66,NYSE,6.46,-1.9,-0.13,1899,77.1,36,77,B,D,C+,60
EBRB,Centrais El Bra Ads Cl B,UTILITY,Utility-Electric Power,66,NYSE,6.28,-2.3,-0.15,13,-0.9,36,69,B,D,E,51
EDN,Edenor Ads,UTILITY,Utility-Electric Power,66,NYSE,5.83,-2.7,-0.16,6,-62,4,96,B,E,B+,57
EIX,Edison International,UTILITY,Utility-Electric Power,66,NYSE,61.92,0.4,0.25,1328,-4.5,52,75,B,B,C,72
ELP,Paranaense De Enrg Copel,UTILITY,Utility-Electric Power,66,NYSE,6.57,-0.4,-0.03,479,-25.9,52,95,B,B,B+,92
ENIA,Enel Americas SA Adr,UTILITY,Utility-Electric Power,66,NYSE,5.8,-1.7,-0.1,238,-68,71,35,B,B,C+,61
ENIC,Enel Chile S.A. Ads,UTILITY,Utility-Electric Power,66,NYSE,2,-2.4,-0.05,424,-54.4,30,22,B,D,C+,34
ES,Eversource Energy,UTILITY,Utility-Electric Power,66,NYSE,88.6,0.7,0.63,1355,68.9,53,72,B,B,C+,71
ETR,Entergy Corp,UTILITY,Utility-Electric Power,66,NYSE,112.21,2,2.2,1031,33.1,40,83,B,B,C,72
EVRG,Evergy Inc,UTILITY,Utility-Electric Power,66,NYSE,66.47,3,1.92,1003,38.1,80,77,B,B,E,71
FE,Firstenergy Corp,UTILITY,Utility-Electric Power,66,NYSE,42.33,1.2,0.52,3080,47.3,49,89,B,B,B,77
HE,Hawaiian Electric Inds,UTILITY,Utility-Electric Power,66,NYSE,42.61,1.7,0.71,330,61.6,66,77,B,C,B,79
HNP,Huaneng Pwr Intl Adr,UTILITY,Utility-Electric Power,66,NYSE,21.32,0.4,0.09,5,-80,9,97,B,C,B,66
IDA,Idacorp Inc Hldg Co,UTILITY,Utility-Electric Power,66,NYSE,109.47,1.2,1.26,144,21,62,83,B,B,C,76
KEP,Korea Electric Power Adr,UTILITY,Utility-Electric Power,66,NYSE,8.71,-0.7,-0.07,222,56.6,30,29,B,D,C+,41
NEE,Nextera Energy Inc,UTILITY,Utility-Electric Power,66,NYSE,77.79,0.7,0.56,5767,-19.4,73,44,B,C,E,65
OGE,O G E Energy Corp,UTILITY,Utility-Electric Power,66,NYSE,38.04,0.8,0.32,848,11.9,74,88,B,A,B-,90
PAM,Pampa Energia Sa Adr,UTILITY,Utility-Electric Power,66,NYSE,20.07,-1,-0.21,54,-52.8,83,96,B,B,C,95
PNM,P N M Resources Inc,UTILITY,Utility-Electric Power,66,NYSE,45.02,1.1,0.5,258,-57.9,57,35,B,B,C-,62
PNW,Pinnacle West Capital,UTILITY,Utility-Electric Power,66,NYSE,70.41,1.7,1.17,570,-13.8,61,42,B,C,D,56
POR,Portland General Electrc,UTILITY,Utility-Electric Power,66,NYSE,52.74,1.9,0.99,403,48.6,47,81,B,B,C+,77
PPL,P P L Corporation,UTILITY,Utility-Electric Power,66,NYSE,29.73,0.7,0.21,3639,19.2,48,75,B,C,D+,67
SO,Southern Co,UTILITY,Utility-Electric Power,66,NYSE,68.78,1.2,0.79,4254,26.6,55,84,B,B,B,81
TAC,Transalta Corp,UTILITY,Utility-Electric Power,66,NYSE,10.89,0.5,0.05,129,-21.2,13,81,B,D,B-,66
VST,Vistra Corp,UTILITY,Utility-Electric Power,66,NYSE,22.14,2.3,0.49,4508,44.1,8,89,B,E,B,59
WAVE,Eco Wave Power Global AB,UTILITY,Utility-Electric Power,66,NASDAQ,6.27,1.6,0.1,15,-70.8,27,19,B,-,A-,31
ATO,Atmos Energy Corp,UTILITY,Utility-Gas Distribution,71,NYSE,106.68,0.4,0.39,700,-11.8,55,87,B,B,B+,86
NEXT,Nextdecade Corporation,UTILITY,Utility-Gas Distribution,71,NASDAQ,2.19,-5.4,-0.13,180,-26.6,29,24,B,-,C+,31
NFG,National Fuel Gas Co,UTILITY,Utility-Gas Distribution,71,NYSE,62.13,0,0.02,330,16.1,84,94,B,A,C+,96
NJR,New Jersey Resources,UTILITY,Utility-Gas Distribution,71,NYSE,39.97,-0.2,-0.09,312,13.4,22,75,B,B,B,68
NWN,Northwest Natural Hldg,UTILITY,Utility-Gas Distribution,71,NYSE,47.54,-0.1,-0.07,104,0.1,36,55,B,C,D-,50
OGS,One Gas Inc,UTILITY,Utility-Gas Distribution,71,NYSE,77.87,0.2,0.18,141,-20.6,63,83,B,B,C,78
RGCO,R G C Resources Inc,UTILITY,Utility-Gas Distribution,71,NASDAQ,22.24,-2.2,-0.51,5,-47.9,80,60,B,B,C-,81
SR,Spire Inc,UTILITY,Utility-Gas Distribution,71,NYSE,64.48,-2.8,-1.83,488,151.9,52,60,B,B,C+,68
SWX,Southwest Gas Holdings,UTILITY,Utility-Gas Distribution,71,NYSE,67.35,-1.2,-0.79,97,-43.3,40,60,B,C,A-,67
ARTNA,Artesian Res Corp,UTILITY,Utility-Water Supply,129,NASDAQ,46.19,-2.3,-1.07,14,1.9,55,91,C-,B,B+,75
AWK,American Water Works Co,UTILITY,Utility-Water Supply,129,NYSE,160.84,1.3,2.13,551,4,79,42,C-,B,E,53
AWR,American States Water,UTILITY,Utility-Water Supply,129,NYSE,90.61,0.8,0.69,116,32,68,79,C-,B,B,74
CDZI,Cadiz Inc,UTILITY,Utility-Water Supply,129,NASDAQ,2.23,-18,-0.49,241,-8.7,5,2,C-,-,D+,1
CWCO,Consolidated Water Co,UTILITY,Utility-Water Supply,129,NASDAQ,10.13,-1.7,-0.17,39,-31.5,31,30,C-,D,D+,25
CWT,California Water Svc Grp,UTILITY,Utility-Water Supply,129,NYSE,61.05,0.1,0.09,132,16.8,71,65,C-,B,B-,69
GWRS,Global Water Resources,UTILITY,Utility-Water Supply,129,NASDAQ,15.55,0.8,0.12,9,-64.2,66,31,C-,C,C-,51
MSEX,Middlesex Water Co,UTILITY,Utility-Water Supply,129,NASDAQ,98.25,-1.4,-1.4,63,-13.4,69,84,C-,B,B,74
PCYO,Pure Cycle Corp,UTILITY,Utility-Water Supply,129,NASDAQ,12.64,-3.1,-0.4,39,-22,97,37,C-,A,C-,70
SBS,Companhia De Saneamento,UTILITY,Utility-Water Supply,129,NYSE,6.98,-1,-0.07,1294,-30.6,56,75,C-,C,C+,75
SJW,S J W Group,UTILITY,Utility-Water Supply,129,NYSE,68.41,1.6,1.09,68,8.1,35,55,C-,C,B+,56
VWTR,Vidler Water Resources,UTILITY,Utility-Water Supply,129,NASDAQ,12.37,1.4,0.18,33,-35.9,4,87,C-,C,C+,50
WTRG,Essential Utilities Inc,UTILITY,Utility-Water Supply,129,NYSE,48.81,2,0.98,867,34.9,57,65,C-,B,C-,61
WTTR,Select Energy Svcs Cl A,UTILITY,Utility-Water Supply,129,NYSE,7.65,4.2,0.31,819,200.2,45,96,C-,E,C+,71
YORW,York Water Company,UTILITY,Utility-Water Supply,129,NASDAQ,43.82,-0.5,-0.2,14,-2.2,61,39,C-,B,B-,57
CSH,Morgan Creek ExoSpacArb,,Finance-ETF / ETN,,ARCA,25.05,-1.4,-0.35,13,-81.2,0,-,..,-,-,0
GFOF,Grayscale Future of Fin,,Group not available,,ARCA,24.17,-,24.17,28,0,-,-,,-,-,
IRBA,Imgp Rba Resp Glb Alloc,,Group not available,,ARCA,10.21,0.2,0.02,0,-99,0,-,..,-,-,0
IWIN,Amplify Inflation Fightr,,Group not available,,ARCA,24.82,-,24.82,1,0,-,-,,-,-,
NVX,Novonix Limited Ads,,Group not available,,NASDAQ,22.25,-,22.25,5,0,-,-,,-,-,
PSYK,Psyk Etf,,Group not available,,ARCA,20.98,-1.1,-0.24,1,-22.2,0,-,..,-,-,0
IDAI,T Stamp Inc Cl A,,Security/Sfty,,NASDAQ,5.7,-5.3,-0.32,8,-68.2,1,-,..,-,-,0