Symbol,Name,Sector,Industry Name,Ind Group Rank,Exchange,Current Price,Price % Chg,Price $ Chg,Volume (1000s),Vol % Chg vs 50-Day,EPS Rating,RS Rating,Ind Group RS,SMR Rating,A/D Rating,Comp Rating,,,,,,,,,,,,,,,
AAIC,Arlington Asset Inv Corp,FINANCE,Finance-Investment Mgmt,82,NYSE,3.42,-0.6,-0.02,22,-80.3,8,32,B-,E,D-,31,,,,,,,,,,,,,,,
AB,Alliancebernstein Hld Lp,FINANCE,Finance-Investment Mgmt,82,NYSE,47.56,-1.9,-0.92,289,-7.2,86,72,B-,-,D-,72,,,,,,,,,,,,,,,
AC,Associated Cap Grp Cl A,FINANCE,Finance-Investment Mgmt,82,NYSE,42.23,-1.3,-0.55,1,-47.7,15,92,B-,D,D+,60,,,,,,,,,,,,,,,
AINV,Apollo Investment Corp,FINANCE,Finance-Investment Mgmt,82,NASDAQ,13.3,0.6,0.08,201,-40.8,39,55,B-,C,E,49,,,,,,,,,,,,,,,
AMG,Affiliated Managers Grp,FINANCE,Finance-Investment Mgmt,82,NYSE,148.7,0.6,0.9,152,-7,78,42,B-,A,E,71,,,,,,,,,,,,,,,
AMK,Assetmark Finl Hldgs Inc,FINANCE,Finance-Investment Mgmt,82,NYSE,24,-0.7,-0.17,23,-52,97,55,B-,B,B-,89,,,,,,,,,,,,,,,
AMTD,Amtd Intl Cl A Ads,FINANCE,Finance-Investment Mgmt,82,NYSE,4.05,-0.9,-0.04,36,-11.3,68,26,B-,C,B,57,,,,,,,,,,,,,,,
APAM,Artisan Ptns Asset Mgmt,FINANCE,Finance-Investment Mgmt,82,NYSE,41.94,-3.3,-1.43,1001,160,92,29,B-,A,E,75,,,,,,,,,,,,,,,
APO,Apollo Global Mgmt Cl A,FINANCE,Finance-Investment Mgmt,82,NYSE,70.98,0.5,0.33,1650,-41.5,37,90,B-,B,D-,74,,,,,,,,,,,,,,,
ARCC,Ares Capital Corp,FINANCE,Finance-Investment Mgmt,82,NASDAQ,22.21,0.3,0.07,2018,-30.8,68,88,B-,A,C,85,,,,,,,,,,,,,,,
ARES,Ares Management Crp Cl A,FINANCE,Finance-Investment Mgmt,82,NYSE,80.46,3.7,2.85,1560,266.3,82,93,B-,A,C,97,,,,,,,,,,,,,,,
ATCO,Atlas Corp,FINANCE,Finance-Investment Mgmt,82,NYSE,15.43,3.8,0.57,719,106,39,88,B-,B,C+,80,,,,,,,,,,,,,,,
BAM,Brookfield Asset Mgmt A,FINANCE,Finance-Investment Mgmt,82,NYSE,55.93,0.7,0.37,940,-20.2,69,86,B-,D,E,73,,,,,,,,,,,,,,,
BANX,Stonecastle Financial Cp,FINANCE,Finance-Investment Mgmt,82,NASDAQ,21.99,0,0.01,6,-39.5,50,75,B-,B,D+,66,,,,,,,,,,,,,,,
BBDC,Barings BDC Inc,FINANCE,Finance-Investment Mgmt,82,NYSE,11.17,1.9,0.2,210,47.2,61,79,B-,A,E,84,,,,,,,,,,,,,,,
BEN,Franklin Resources Inc,FINANCE,Finance-Investment Mgmt,82,NYSE,32.14,0,-0.01,2956,61.3,81,65,B-,A,C+,82,,,,,,,,,,,,,,,
BIP,Brookfield Infrast Ptnrs,FINANCE,Finance-Investment Mgmt,82,NYSE,60.01,1.5,0.9,159,-41.4,69,83,B-,B,C-,82,,,,,,,,,,,,,,,
BIPC,Brookfield Infra Corp,FINANCE,Finance-Investment Mgmt,82,NYSE,67.73,0.9,0.62,293,23.5,59,75,B-,C,A,83,,,,,,,,,,,,,,,
BKCC,Blackrock Cap Inv Corp,FINANCE,Finance-Investment Mgmt,82,NASDAQ,4.18,0,0,167,-47.6,26,83,B-,C,D,58,,,,,,,,,,,,,,,
BLK,Blackrock Inc,FINANCE,Finance-Investment Mgmt,82,NYSE,821.66,-0.5,-3.75,835,99.9,79,48,B-,A,E,70,,,,,,,,,,,,,,,
BSIG,BrightSphere Inv Grp Inc,FINANCE,Finance-Investment Mgmt,82,NYSE,21.72,-1.6,-0.35,392,-63.1,55,31,B-,C,B-,51,,,,,,,,,,,,,,,
BUR,Burford Capital Limited,FINANCE,Finance-Investment Mgmt,82,NYSE,9.67,0,0,332,150.9,8,32,B-,D,C+,29,,,,,,,,,,,,,,,
BVH,Bluegreen Vactins HdgCrp,FINANCE,Finance-Investment Mgmt,82,NYSE,29.33,-2.2,-0.67,26,-62,69,98,B-,C,B-,88,,,,,,,,,,,,,,,
BX,Blackstone Inc,FINANCE,Finance-Investment Mgmt,82,NYSE,137.74,2.1,2.79,3885,11.4,85,96,B-,A,B-,95,,,,,,,,,,,,,,,
CCAP,Crescent Capital Bdc Inc,FINANCE,Finance-Investment Mgmt,82,NASDAQ,18.48,-0.1,-0.02,37,-62.2,54,69,B-,A,B-,78,,,,,,,,,,,,,,,
CG,The Carlyle Group Inc,FINANCE,Finance-Investment Mgmt,82,NASDAQ,53.97,2.4,1.27,2656,103.5,72,91,B-,A,B,97,,,,,,,,,,,,,,,
CIXX,C I Financial Corp,FINANCE,Finance-Investment Mgmt,82,NYSE,18.91,0.2,0.04,31,-51,85,77,B-,A,E,80,,,,,,,,,,,,,,,
CNNE,Cannae Holdings Inc,FINANCE,Finance-Investment Mgmt,82,NYSE,28.48,-6,-1.83,606,38.9,52,27,B-,B,B-,58,,,,,,,,,,,,,,,
CNS,Cohen & Steers Inc,FINANCE,Finance-Investment Mgmt,82,NYSE,81.68,-2.5,-2.13,126,89.5,92,75,B-,A,D-,88,,,,,,,,,,,,,,,
CODI,Compass Diversified,FINANCE,Finance-Investment Mgmt,82,NYSE,27.04,2.3,0.62,317,0.5,8,72,B-,C,D,54,,,,,,,,,,,,,,,
COHN,Cohen & Company Inc,FINANCE,Finance-Investment Mgmt,82,AMEX,14.95,-4.4,-0.68,11,-7.6,33,22,B-,B,B-,36,,,,,,,,,,,,,,,
CSWC,Capital Southwest Corp,FINANCE,Finance-Investment Mgmt,82,NASDAQ,26.25,0.1,0.03,134,11.8,79,86,B-,A,D+,86,,,,,,,,,,,,,,,
DHIL,Diamond Hill Invt Group,FINANCE,Finance-Investment Mgmt,82,NASDAQ,183.74,-0.7,-1.25,1,-84,79,86,B-,A,D,89,,,,,,,,,,,,,,,
EFC,Ellington Financial Inc,FINANCE,Finance-Investment Mgmt,82,NYSE,17.64,-0.4,-0.07,477,-18.2,83,72,B-,B,D-,79,,,,,,,,,,,,,,,
EQH,Equitable Holdings Inc,FINANCE,Finance-Investment Mgmt,82,NYSE,34.8,0.5,0.16,2750,36.6,95,86,B-,C,D-,88,,,,,,,,,,,,,,,
EQS,Equus Total Return Inc,FINANCE,Finance-Investment Mgmt,82,NYSE,2.68,0,0,3,-74.8,20,94,B-,E,B,67,,,,,,,,,,,,,,,
FCRD,First Eagle Alt Cap Bdc,FINANCE,Finance-Investment Mgmt,82,NASDAQ,4.51,1.1,0.05,24,-38,54,75,B-,C,D-,64,,,,,,,,,,,,,,,
FDUS,Fidus Investment Corp,FINANCE,Finance-Investment Mgmt,82,NASDAQ,18.35,1.7,0.31,94,49.1,34,88,B-,B,E,63,,,,,,,,,,,,,,,
FHI,Federated Hermes Cl B,FINANCE,Finance-Investment Mgmt,82,NYSE,32.5,-0.9,-0.3,808,46.7,54,77,B-,C,B-,69,,,,,,,,,,,,,,,
FOCS,Focus Financial Partners,FINANCE,Finance-Investment Mgmt,82,NASDAQ,51.91,-0.7,-0.37,363,21,94,48,B-,A,E,83,,,,,,,,,,,,,,,
FSK,F S KKR Capital Corp,FINANCE,Finance-Investment Mgmt,82,NYSE,22.23,0.3,0.07,842,-35,62,85,B-,A,E,79,,,,,,,,,,,,,,,
FTAI,Fortress Trans & Infra,FINANCE,Finance-Investment Mgmt,82,NYSE,27.5,1.7,0.47,119,-76.9,6,79,B-,E,B-,52,,,,,,,,,,,,,,,
GAIN,Gladstone Investment Cp,FINANCE,Finance-Investment Mgmt,82,NASDAQ,16.2,0.3,0.05,95,-14,20,91,B-,B,C,80,,,,,,,,,,,,,,,
GBDC,Golub Capital Bdc Inc,FINANCE,Finance-Investment Mgmt,82,NASDAQ,15.91,1.1,0.17,480,-18,57,69,B-,B,D-,71,,,,,,,,,,,,,,,
GBL,Gamco Investors Inc Cl A,FINANCE,Finance-Investment Mgmt,82,NYSE,22.66,1.4,0.31,13,-14.9,75,52,B-,A,D,73,,,,,,,,,,,,,,,
GCMG,G C M Grosvenor Inc Cl A,FINANCE,Finance-Investment Mgmt,82,NASDAQ,9.06,0.6,0.05,402,112.3,93,21,B-,A,E,62,,,,,,,,,,,,,,,
GECC,Great Elm Capital Corp,FINANCE,Finance-Investment Mgmt,82,NASDAQ,2.94,0,0,78,-17.7,22,31,B-,B,E,34,,,,,,,,,,,,,,,
GLAD,Gladstone Capital Corp,FINANCE,Finance-Investment Mgmt,82,NASDAQ,11.05,-0.4,-0.04,109,-14.6,48,72,B-,B,D+,69,,,,,,,,,,,,,,,
GRNQ,Greenpro Capital Corp,FINANCE,Finance-Investment Mgmt,82,NASDAQ,0.44,-4.4,-0.02,462,-47.3,8,3,B-,E,B-,9,,,,,,,,,,,,,,,
GROW,U S Global Investors Inc,FINANCE,Finance-Investment Mgmt,82,NASDAQ,5.37,-3.6,-0.2,39,-56.6,61,29,B-,A,B,62,,,,,,,,,,,,,,,
HGBL,Heritage Global Inc,FINANCE,Finance-Investment Mgmt,82,NASDAQ,1.68,-1.7,-0.03,5,-90.8,55,20,B-,B,B+,47,,,,,,,,,,,,,,,
HLNE,Hamilton Lane Inc Cl A,FINANCE,Finance-Investment Mgmt,82,NASDAQ,89.26,-1.9,-1.76,409,237.3,92,55,B-,A,D-,81,,,,,,,,,,,,,,,
HNNA,Hennessy Advisors Inc,FINANCE,Finance-Investment Mgmt,82,NASDAQ,10.48,-0.2,-0.02,2,-61.5,63,81,B-,B,C-,77,,,,,,,,,,,,,,,
HRZN,Horizon Tech Finance,FINANCE,Finance-Investment Mgmt,82,NASDAQ,16.14,2.3,0.37,243,98.8,54,52,B-,B,B-,69,,,,,,,,,,,,,,,
HTGC,Hercules Capital Inc,FINANCE,Finance-Investment Mgmt,82,NYSE,17.92,0,0,925,-9.6,51,77,B-,B,C,69,,,,,,,,,,,,,,,
HUSN,Hudson Capital Inc,FINANCE,Finance-Investment Mgmt,82,NASDAQ,2.2,0.5,0.01,5,-93.6,44,24,B-,E,C+,35,,,,,,,,,,,,,,,
HYW,Hywin Holdings Ltd Ads,FINANCE,Finance-Investment Mgmt,82,NASDAQ,5.64,1.1,0.06,43,0.7,99,28,B-,A,D-,72,,,,,,,,,,,,,,,
ICMB,Investcorp CreditMgt BDC,FINANCE,Finance-Investment Mgmt,82,NASDAQ,5.15,-0.2,-0.01,10,-66.6,30,42,B-,C,E,36,,,,,,,,,,,,,,,
IVZ,Invesco Ltd,FINANCE,Finance-Investment Mgmt,82,NYSE,22.2,-1,-0.22,4303,52.6,70,33,B-,B,D-,58,,,,,,,,,,,,,,,
JHG,Janus Henderson Group,FINANCE,Finance-Investment Mgmt,82,NYSE,38.09,0.8,0.32,842,53.3,89,44,B-,A,C+,80,,,,,,,,,,,,,,,
JP,Jupai Holdings Ltd Ads,FINANCE,Finance-Investment Mgmt,82,NYSE,0.84,10.8,0.08,389,425.3,61,9,B-,E,D,25,,,,,,,,,,,,,,,
KKR,K K R & Co Inc Cl A,FINANCE,Finance-Investment Mgmt,82,NYSE,72.89,0.6,0.43,1743,-12.9,46,92,B-,A,B,86,,,,,,,,,,,,,,,
LRFC,Logan Ridge Finance Corp,FINANCE,Finance-Investment Mgmt,82,NASDAQ,25.33,1,0.24,8,-10.7,30,91,B-,E,D-,57,,,,,,,,,,,,,,,
MAIN,Main Street Capital Corp,FINANCE,Finance-Investment Mgmt,82,NYSE,44,-0.2,-0.07,250,-10.6,78,86,B-,A,D+,92,,,,,,,,,,,,,,,
MARA,Marathon Digital Hldgs,FINANCE,Finance-Investment Mgmt,82,NASDAQ,22.82,-8.8,-2.21,10191,-8.9,1,18,B-,C,B-,25,,,,,,,,,,,,,,,
MN,Manning & Napier Inc,FINANCE,Finance-Investment Mgmt,82,NYSE,8.24,1.6,0.13,18,-58.2,74,69,B-,B,D-,78,,,,,,,,,,,,,,,
MRCC,Monroe Capital Corp,FINANCE,Finance-Investment Mgmt,82,NASDAQ,10.9,-0.3,-0.03,65,-8.4,44,85,B-,C,B-,73,,,,,,,,,,,,,,,
NEWT,Newtek Business Services,FINANCE,Finance-Investment Mgmt,82,NASDAQ,26.93,0.3,0.08,55,-66.8,10,65,B-,B,E,42,,,,,,,,,,,,,,,
NMFC,New Mountain Finance,FINANCE,Finance-Investment Mgmt,82,NASDAQ,13.46,0.4,0.06,180,-14.3,55,72,B-,C,E,61,,,,,,,,,,,,,,,
NOAH,Noah Holdings Ltd Ads,FINANCE,Finance-Investment Mgmt,82,NYSE,30.09,-3.3,-1.03,53,-50.8,62,18,B-,A,D,51,,,,,,,,,,,,,,,
OCCI,Ofs Credit Company Inc,FINANCE,Finance-Investment Mgmt,82,NASDAQ,12.71,-0.2,-0.02,64,8.5,0,55,B-,-,E,0,,,,,,,,,,,,,,,
OCSL,Oaktree Specialty Lend,FINANCE,Finance-Investment Mgmt,82,NASDAQ,7.59,0.1,0.01,775,-10.8,59,88,B-,A,B,88,,,,,,,,,,,,,,,
OFS,O F S Capital Corp,FINANCE,Finance-Investment Mgmt,82,NASDAQ,9.67,-2,-0.2,104,175.2,62,79,B-,C,E,59,,,,,,,,,,,,,,,
ORCC,Owl Rock Capital Corp,FINANCE,Finance-Investment Mgmt,82,NYSE,14.77,0.1,0.02,1277,-4.7,72,77,B-,A,B-,91,,,,,,,,,,,,,,,
OWL,Blue Owl Capital Inc,FINANCE,Finance-Investment Mgmt,82,NYSE,12.87,-1.2,-0.16,1380,-48.4,69,65,B-,C,C-,72,,,,,,,,,,,,,,,
OXSQ,Oxford Square Capital,FINANCE,Finance-Investment Mgmt,82,NASDAQ,4.24,0,0,92,-51.6,30,55,B-,C,D-,50,,,,,,,,,,,,,,,
PAX,Patria Investments Cl A,FINANCE,Finance-Investment Mgmt,82,NASDAQ,17.24,1.4,0.24,142,-17.7,94,65,B-,A,B-,92,,,,,,,,,,,,,,,
PFLT,Pennantpark Flting Rt Cp,FINANCE,Finance-Investment Mgmt,82,NASDAQ,13.2,1.4,0.19,217,10.6,47,72,B-,C,D-,60,,,,,,,,,,,,,,,
PFX,Phenixfin Corp,FINANCE,Finance-Investment Mgmt,82,NASDAQ,40.2,0,0,4,-30.6,69,84,B-,A,D,81,,,,,,,,,,,,,,,
PHCF,Puhui Wealth Invest Mgmt,FINANCE,Finance-Investment Mgmt,82,NASDAQ,0.94,-3.2,-0.03,210,213.5,2,3,B-,E,D-,1,,,,,,,,,,,,,,,
PJT,P J T Partners Inc Cl A,FINANCE,Finance-Investment Mgmt,82,NYSE,63.6,-0.3,-0.16,219,88.4,56,25,B-,B,D-,43,,,,,,,,,,,,,,,
PNNT,Pennantpark Investment,FINANCE,Finance-Investment Mgmt,82,NASDAQ,7.14,1.6,0.11,195,-8.5,58,86,B-,C,C,70,,,,,,,,,,,,,,,
PSEC,Prospect Capital Corp,FINANCE,Finance-Investment Mgmt,82,NASDAQ,8.43,-0.6,-0.06,1063,-34.1,71,86,B-,B,D-,81,,,,,,,,,,,,,,,
PTMN,Portman Ridge Fin Corp,FINANCE,Finance-Investment Mgmt,82,NASDAQ,25.15,0.1,0.03,40,3.6,79,84,B-,A,D-,88,,,,,,,,,,,,,,,
PUYI,Puyi Inc Ads,FINANCE,Finance-Investment Mgmt,82,NASDAQ,6.5,-1.5,-0.1,114,7.4,2,88,B-,D,B,59,,,,,,,,,,,,,,,
PX,P10 Inc Cl A,FINANCE,Finance-Investment Mgmt,82,NYSE,12.73,1.2,0.16,94,-45.4,99,75,B-,A,C-,95,,,,,,,,,,,,,,,
PZN,Pzena Invstmnt Mgmt Cl A,FINANCE,Finance-Investment Mgmt,82,NYSE,10.25,-3.8,-0.41,81,113.4,86,69,B-,A,B-,89,,,,,,,,,,,,,,,
RAND,Rand Capital Corp,FINANCE,Finance-Investment Mgmt,82,NASDAQ,14.11,0.1,0.01,1,10.2,25,28,B-,B,D-,36,,,,,,,,,,,,,,,
RFL,Rafael Holdings Inc Cl B,FINANCE,Finance-Investment Mgmt,82,NYSE,3.76,-9.4,-0.39,130,-33,2,1,B-,E,E,1,,,,,,,,,,,,,,,
SAMG,Silvercrest Asset Cl A,FINANCE,Finance-Investment Mgmt,82,NASDAQ,17.56,3.2,0.55,30,77.2,91,84,B-,A,B,95,,,,,,,,,,,,,,,
SAR,Saratoga Investment Corp,FINANCE,Finance-Investment Mgmt,82,NYSE,27.71,0.4,0.11,47,-13.4,57,77,B-,B,C,76,,,,,,,,,,,,,,,
SCM,Stellus Cap Investment,FINANCE,Finance-Investment Mgmt,82,NYSE,13.77,0.3,0.04,49,-20.9,39,83,B-,B,C+,72,,,,,,,,,,,,,,,
SCU,Sculptor Capital Mgmt,FINANCE,Finance-Investment Mgmt,82,NYSE,19.3,-2.2,-0.44,135,-35.5,75,30,B-,-,E,35,,,,,,,,,,,,,,,
SEIC,S E I Investments Co,FINANCE,Finance-Investment Mgmt,82,NASDAQ,59.54,0.8,0.47,334,-6.7,85,52,B-,A,C,78,,,,,,,,,,,,,,,
SFE,Safeguard Scientifics,FINANCE,Finance-Investment Mgmt,82,NYSE,6.36,0.2,0.01,8,-83.7,61,26,B-,-,D-,39,,,,,,,,,,,,,,,
SII,Sprott Inc,FINANCE,Finance-Investment Mgmt,82,NYSE,35.66,0,0.01,64,2.4,31,37,B-,A,E,53,,,,,,,,,,,,,,,
SLRC,SLR Investment Corp,FINANCE,Finance-Investment Mgmt,82,NASDAQ,18.53,0.1,0.02,57,-50.5,53,55,B-,B,E,59,,,,,,,,,,,,,,,
SPLP,Steel Partners Hldgs Lp,FINANCE,Finance-Investment Mgmt,82,NYSE,34.99,1,0.34,31,99.9,62,98,B-,B,E,81,,,,,,,,,,,,,,,
SSSS,Suro Capital Corp,FINANCE,Finance-Investment Mgmt,82,NASDAQ,12.22,-0.7,-0.09,225,-39.9,43,95,B-,D,D+,72,,,,,,,,,,,,,,,
STEP,StepStone Group Inc Cl A,FINANCE,Finance-Investment Mgmt,82,NASDAQ,34.23,-2.1,-0.75,156,-46.4,98,28,B-,A,E,69,,,,,,,,,,,,,,,
STT,State Street Corp,FINANCE,Finance-Investment Mgmt,82,NYSE,97.48,1,0.97,1099,-22.7,78,87,B-,C,C,77,,,,,,,,,,,,,,,
SUNS,SLR Senior Investment,FINANCE,Finance-Investment Mgmt,82,NASDAQ,14.23,0.5,0.07,20,-52.9,33,37,B-,C,E,33,,,,,,,,,,,,,,,
TCPC,BlackRock T C P Cap,FINANCE,Finance-Investment Mgmt,82,NASDAQ,13.73,0.6,0.08,148,-19.9,41,60,B-,C,E,52,,,,,,,,,,,,,,,
TPG,T P G Inc Cl A,FINANCE,Finance-Investment Mgmt,82,NASDAQ,34.9,1.4,0.47,393,-85.1,37,69,B-,B,-,69,,,,,,,,,,,,,,,
TPVG,Triplepoint Vent Gr Bdc,FINANCE,Finance-Investment Mgmt,82,NYSE,17.3,1.1,0.18,116,-14.3,40,83,B-,C,C+,64,,,,,,,,,,,,,,,
TRIN,Trinity Capital Inc,FINANCE,Finance-Investment Mgmt,82,NASDAQ,17.64,1.7,0.29,65,57.8,65,89,B-,A,B+,97,,,,,,,,,,,,,,,
TROW,T Rowe Price Group Inc,FINANCE,Finance-Investment Mgmt,82,NASDAQ,156.62,0.6,0.87,1181,22,89,25,B-,A,E,61,,,,,,,,,,,,,,,
TURN,180 Degree Capital Corp,FINANCE,Finance-Investment Mgmt,82,NASDAQ,7.32,0.3,0.02,4,-71.7,0,75,B-,-,B,0,,,,,,,,,,,,,,,
VCTR,Victory Capital Hld Cl A,FINANCE,Finance-Investment Mgmt,82,NASDAQ,33.46,0.2,0.07,85,-42.1,96,85,B-,A,D-,92,,,,,,,,,,,,,,,
VINP,Vinci Partners Inv Cl A,FINANCE,Finance-Investment Mgmt,82,NASDAQ,12.75,-1.8,-0.24,35,-51.2,44,60,B-,B,C+,65,,,,,,,,,,,,,,,
VRTS,Virtus Investment Ptnrs,FINANCE,Finance-Investment Mgmt,82,NASDAQ,258.18,-1.5,-3.82,33,1.1,99,39,B-,A,E,78,,,,,,,,,,,,,,,
WETF,Wisdomtree Investments,FINANCE,Finance-Investment Mgmt,82,NASDAQ,5.54,-1.2,-0.07,564,4.6,84,30,B-,A,E,61,,,,,,,,,,,,,,,
WHF,WhiteHorse Finance Inc,FINANCE,Finance-Investment Mgmt,82,NASDAQ,15.44,0.4,0.06,88,19.3,92,75,B-,B,D-,88,,,,,,,,,,,,,,,
WHG,Westwood Holdings Group,FINANCE,Finance-Investment Mgmt,82,NYSE,17.69,-3.2,-0.59,18,0.8,66,87,B-,C,B,78,,,,,,,,,,,,,,,
AAMC,Altisource Asset Mgmt,FINANCE,Finance-Mrtg&Rel Svc,47,AMEX,17.9,0,0,0,0,69,30,A-,-,C,50,,,,,,,,,,,,,,,
ACT,Enact Holdings Inc,FINANCE,Finance-Mrtg&Rel Svc,47,NASDAQ,21.52,-2.8,-0.63,148,22.7,54,86,A-,B,D-,77,,,,,,,,,,,,,,,
AGM,Federal Agric Mtg Cl C,FINANCE,Finance-Mrtg&Rel Svc,47,NYSE,122.2,-0.3,-0.36,11,-36.8,77,92,A-,C,B-,85,,,,,,,,,,,,,,,
AGMA,Federal Agric Mtg Cl A,FINANCE,Finance-Mrtg&Rel Svc,47,NYSE,113.59,0,0,0,0,77,92,A-,C,E,78,,,,,,,,,,,,,,,
ATAX,America First Multfm Inv,FINANCE,Finance-Mrtg&Rel Svc,47,NASDAQ,6.71,-3.5,-0.24,82,-26.3,67,92,A-,C,B,97,,,,,,,,,,,,,,,
ESNT,Essent Group Ltd,FINANCE,Finance-Mrtg&Rel Svc,47,NYSE,45.44,-1.3,-0.62,436,-8.8,94,52,A-,B,B+,91,,,,,,,,,,,,,,,
FOA,Finance of AmericaCo ClA,FINANCE,Finance-Mrtg&Rel Svc,47,NYSE,3.65,-5.9,-0.23,126,-71.3,8,12,A-,B,D+,25,,,,,,,,,,,,,,,
GHLD,Guild Holdings Co Cl A,FINANCE,Finance-Mrtg&Rel Svc,47,NYSE,13.01,2.8,0.36,14,-13.1,12,42,A-,B,C-,49,,,,,,,,,,,,,,,
HMPT,Home Point Capital Inc,FINANCE,Finance-Mrtg&Rel Svc,47,NASDAQ,4.01,-0.2,-0.01,31,-54.8,8,15,A-,B,C,27,,,,,,,,,,,,,,,
IMH,Impac Mortgage Hldgs Inc,FINANCE,Finance-Mrtg&Rel Svc,47,AMEX,0.9,-3.2,-0.03,2,-94.2,32,9,A-,E,D,21,,,,,,,,,,,,,,,
KREF,K K R Real Est Fin Tr,FINANCE,Finance-Mrtg&Rel Svc,47,NYSE,21.3,0.4,0.09,245,-18.7,85,75,A-,C,C,86,,,,,,,,,,,,,,,
LDI,Loandepot Inc Cl A,FINANCE,Finance-Mrtg&Rel Svc,47,NYSE,4,-10.3,-0.46,2088,111.1,9,5,A-,B,D-,18,,,,,,,,,,,,,,,
NMIH,N M I Holdings Inc Cl A,FINANCE,Finance-Mrtg&Rel Svc,47,NASDAQ,24.84,-3.6,-0.94,815,73.4,96,84,A-,A,A,98,,,,,,,,,,,,,,,
OCN,Ocwen Financial Corp,FINANCE,Finance-Mrtg&Rel Svc,47,NYSE,36.78,-0.9,-0.34,16,-51,39,95,A-,E,B-,73,,,,,,,,,,,,,,,
PFSI,Pennymac Financial Svcs,FINANCE,Finance-Mrtg&Rel Svc,47,NYSE,59.61,-2.2,-1.37,789,84.9,60,52,A-,B,D-,66,,,,,,,,,,,,,,,
RDN,Radian Group Inc,FINANCE,Finance-Mrtg&Rel Svc,47,NYSE,22.34,-0.3,-0.06,911,-34.8,79,52,A-,C,B+,78,,,,,,,,,,,,,,,
RKT,Rocket Companies Inc,FINANCE,Finance-Mrtg&Rel Svc,47,NYSE,12.22,-1.1,-0.14,4513,16.6,54,16,A-,B,D-,37,,,,,,,,,,,,,,,
SNFCA,Security Natl Finl Cl A,FINANCE,Finance-Mrtg&Rel Svc,47,NASDAQ,9.49,1,0.09,8,-62.3,51,84,A-,B,C,78,,,,,,,,,,,,,,,
TREE,Lendingtree Inc,FINANCE,Finance-Mrtg&Rel Svc,47,NASDAQ,129.42,3.8,4.79,284,70.5,62,17,A-,C,C+,44,,,,,,,,,,,,,,,
TRTX,Tpg Re Finance Trust Inc,FINANCE,Finance-Mrtg&Rel Svc,47,NYSE,12.54,0.3,0.04,112,-50.4,16,69,A-,E,E,44,,,,,,,,,,,,,,,
UWMC,UWM Holdings Corp Cl A,FINANCE,Finance-Mrtg&Rel Svc,47,NYSE,4.71,-4.5,-0.22,3104,14,8,14,A-,B,E,22,,,,,,,,,,,,,,,
VEL,Velocity Financial Inc,FINANCE,Finance-Mrtg&Rel Svc,47,NYSE,12.7,-1.5,-0.19,7,-74.1,96,95,A-,B,A-,95,,,,,,,,,,,,,,,
AHG,Akso Health Group Ads,FINANCE,Financial Svcs-Specialty,81,NASDAQ,1.77,-2.2,-0.04,63,-62.2,43,25,B-,E,B-,26,,,,,,,,,,,,,,,
AINC,Ashford Inc,FINANCE,Financial Svcs-Specialty,81,AMEX,17.94,1.8,0.32,12,-6.1,73,98,B-,A,C-,85,,,,,,,,,,,,,,,
ALLY,Ally Financial Inc,FINANCE,Financial Svcs-Specialty,81,NYSE,49.07,0.1,0.04,2931,31,79,75,B-,B,D-,73,,,,,,,,,,,,,,,
AMBC,Ambac Financial Grp Inc,FINANCE,Financial Svcs-Specialty,81,NYSE,14.13,-1.7,-0.24,342,-13.8,55,35,B-,E,D,42,,,,,,,,,,,,,,,
AMRK,A-Mark Precious Metals,FINANCE,Financial Svcs-Specialty,81,NASDAQ,64.48,0.8,0.5,43,-31.6,35,96,B-,B,C-,71,,,,,,,,,,,,,,,
ASPS,Altisource Ptf Sltns Sa,FINANCE,Financial Svcs-Specialty,81,NASDAQ,10.75,-4,-0.45,28,-33.5,7,91,B-,D,B,56,,,,,,,,,,,,,,,
BCSF,Bain Cap Specialty Fin,FINANCE,Financial Svcs-Specialty,81,NYSE,15.88,-0.4,-0.07,103,-34.2,78,83,B-,C,C+,80,,,,,,,,,,,,,,,
BFST,Business First Bancshare,FINANCE,Financial Svcs-Specialty,81,NASDAQ,27.31,-0.6,-0.17,23,49.4,69,89,B-,B,C-,79,,,,,,,,,,,,,,,
BKKT,Bakkt Holdings Inc Cl A,FINANCE,Financial Svcs-Specialty,81,NYSE,4.18,-9.3,-0.43,4541,-29.2,6,1,B-,E,C,11,,,,,,,,,,,,,,,
BR,Broadridge Finl Sltns,FINANCE,Financial Svcs-Specialty,81,NYSE,153.91,0.4,0.68,678,90.8,82,37,B-,A,D+,76,,,,,,,,,,,,,,,
BTCM,Bit Mining Ltd Adr,FINANCE,Financial Svcs-Specialty,81,NYSE,2.89,-8.4,-0.27,451,0.3,23,3,B-,D,D+,20,,,,,,,,,,,,,,,
BTCS,Btcs Inc,FINANCE,Financial Svcs-Specialty,81,NASDAQ,4.99,-6.4,-0.34,259,-91.6,2,16,B-,-,D,17,,,,,,,,,,,,,,,
CBOE,Cboe Global Markets Inc,FINANCE,Financial Svcs-Specialty,81,BATS,119.55,0.6,0.66,357,-32.5,85,69,B-,B,D-,73,,,,,,,,,,,,,,,
CME,C M E Group Inc,FINANCE,Financial Svcs-Specialty,81,NASDAQ,239.52,3.2,7.5,1620,84.9,70,87,B-,C,C-,76,,,,,,,,,,,,,,,
CWAN,Clearwater Analytics ClA,FINANCE,Financial Svcs-Specialty,81,NYSE,17.2,-4.4,-0.79,308,-10,15,20,B-,-,D+,27,,,,,,,,,,,,,,,
DFIN,Donnelley Financial Sol,FINANCE,Financial Svcs-Specialty,81,NYSE,36.61,-0.7,-0.27,293,78.8,81,94,B-,B,C-,90,,,,,,,,,,,,,,,
DGHI,Digihost Technology Inc,FINANCE,Financial Svcs-Specialty,81,NASDAQ,3.93,-4.8,-0.2,135,-12.6,58,10,B-,D,C+,39,,,,,,,,,,,,,,,
ECPG,Encore Capital Group Inc,FINANCE,Financial Svcs-Specialty,81,NASDAQ,66.99,3.3,2.16,262,-8.7,79,98,B-,A,C+,92,,,,,,,,,,,,,,,
EFX,Equifax Inc,FINANCE,Financial Svcs-Specialty,81,NYSE,244.87,1.1,2.65,583,-6.8,64,69,B-,A,E,70,,,,,,,,,,,,,,,
ENV,Envestnet Inc,FINANCE,Financial Svcs-Specialty,81,NYSE,72.7,-1.5,-1.13,446,194.9,80,42,B-,B,C+,74,,,,,,,,,,,,,,,
EQOS,Eqonex Limited,FINANCE,Financial Svcs-Specialty,81,NASDAQ,1.55,-6.4,-0.11,667,-2.6,7,1,B-,-,B-,9,,,,,,,,,,,,,,,
FINV,Finvolution Gp Cl A Ads,FINANCE,Financial Svcs-Specialty,81,NYSE,4,-3.5,-0.15,647,-19.8,61,20,B-,A,D+,55,,,,,,,,,,,,,,,
FIS,Fidelity Natl Info Svcs,FINANCE,Financial Svcs-Specialty,81,NYSE,119.87,-1.5,-1.85,2877,-0.2,83,55,B-,B,B-,75,,,,,,,,,,,,,,,
FISV,Fiserv Inc,FINANCE,Financial Svcs-Specialty,81,NASDAQ,108.38,-0.3,-0.28,2037,-31.5,94,72,B-,B,E,80,,,,,,,,,,,,,,,
FLT,Fleetcor Technologies,FINANCE,Financial Svcs-Specialty,81,NYSE,241.68,0.4,0.99,541,32.3,88,42,B-,A,C+,77,,,,,,,,,,,,,,,
FRG,Franchise Group Inc,FINANCE,Financial Svcs-Specialty,81,NASDAQ,50.76,0.4,0.21,153,-2.5,69,97,B-,C,B,95,,,,,,,,,,,,,,,
GREE,Greenidge Gen Hldngs ClA,FINANCE,Financial Svcs-Specialty,81,NASDAQ,11.2,-11.5,-1.46,336,-40.2,23,99,B-,C,B-,60,,,,,,,,,,,,,,,
GWGH,G W G Holdings Inc,FINANCE,Financial Svcs-Specialty,81,NASDAQ,4.08,19.3,0.66,4826,19741.7,5,5,B-,E,D-,5,,,,,,,,,,,,,,,
HIVE,HIVE Blockchain Tech Ltd,FINANCE,Financial Svcs-Specialty,81,NASDAQ,1.99,-5.9,-0.13,6905,-13.8,69,14,B-,A,C+,62,,,,,,,,,,,,,,,
HRB,H & R Block Inc,FINANCE,Financial Svcs-Specialty,81,NYSE,24.03,3.6,0.83,2799,102.5,28,79,B-,C,B-,59,,,,,,,,,,,,,,,
HUT,Hut 8 Mining Corp,FINANCE,Financial Svcs-Specialty,81,NASDAQ,6.09,-6.1,-0.4,6986,-2.9,39,77,B-,A,B,76,,,,,,,,,,,,,,,
ICE,Intercontinental Exchng,FINANCE,Financial Svcs-Specialty,81,NYSE,129.02,1.6,1.98,1810,27.8,87,72,B-,A,D+,88,,,,,,,,,,,,,,,
IMXI,International Money Exp,FINANCE,Financial Svcs-Specialty,81,NASDAQ,15.98,-0.1,-0.02,110,-16.2,94,69,B-,A,B-,92,,,,,,,,,,,,,,,
INFO,IHS Markit Ltd,FINANCE,Financial Svcs-Specialty,81,NYSE,118.82,1.1,1.35,1670,36.7,83,77,B-,B,D-,80,,,,,,,,,,,,,,,
IREN,Iris Energy Limited,FINANCE,Financial Svcs-Specialty,81,NASDAQ,12.64,-8.6,-1.19,81,-68.8,2,11,B-,D,C,23,,,,,,,,,,,,,,,
JFIN,Jiayin Group Cl A Ads,FINANCE,Financial Svcs-Specialty,81,NASDAQ,2.14,-4.5,-0.1,28,-63.7,67,10,B-,-,D,32,,,,,,,,,,,,,,,
JFU,9F Inc Cl A Ads,FINANCE,Financial Svcs-Specialty,81,NASDAQ,0.99,-3.3,-0.03,82,-8.2,28,16,B-,E,D,18,,,,,,,,,,,,,,,
LC,Lendingclub Corporation,FINANCE,Financial Svcs-Specialty,81,NYSE,18.08,-7,-1.36,2677,-1.1,69,35,B-,A,B,68,,,,,,,,,,,,,,,
LMFA,L M Funding America Inc,FINANCE,Financial Svcs-Specialty,81,NASDAQ,3.79,5.7,0.21,121,2.8,51,13,B-,E,B-,27,,,,,,,,,,,,,,,
LU,Lufax Holding Ltd Ads,FINANCE,Financial Svcs-Specialty,81,NYSE,4.8,-5.3,-0.27,3150,-54.2,91,14,B-,A,B-,62,,,,,,,,,,,,,,,
MGI,Moneygram International,FINANCE,Financial Svcs-Specialty,81,NYSE,9.61,9.3,0.82,6244,166.7,24,96,B-,-,A-,59,,,,,,,,,,,,,,,
MIGI,Mawson Infrastructure Gp,FINANCE,Financial Svcs-Specialty,81,NASDAQ,5.34,-1.7,-0.1,72,-41.5,13,9,B-,D,B-,24,,,,,,,,,,,,,,,
MSCI,M S C I Inc,FINANCE,Financial Svcs-Specialty,81,NYSE,547.24,0.3,1.84,429,34,94,60,B-,-,D,70,,,,,,,,,,,,,,,
NAVI,Navient Corporation,FINANCE,Financial Svcs-Specialty,81,NASDAQ,17.64,1,0.18,2035,38.1,67,75,B-,C,D,65,,,,,,,,,,,,,,,
NDAQ,Nasdaq Inc,FINANCE,Financial Svcs-Specialty,81,NASDAQ,182.32,1.2,2.19,572,-11.4,88,65,B-,B,E,69,,,,,,,,,,,,,,,
NRDS,Nerdwallet Inc Cl A,FINANCE,Financial Svcs-Specialty,81,NASDAQ,15.08,-2.4,-0.37,213,-35.1,10,10,B-,C,E,22,,,,,,,,,,,,,,,
OPBK,OP Bancorp,FINANCE,Financial Svcs-Specialty,81,NASDAQ,13.52,-3.5,-0.49,29,-23.6,97,96,B-,A,C,97,,,,,,,,,,,,,,,
PFMT,Performant Financial,FINANCE,Financial Svcs-Specialty,81,NASDAQ,2.25,-2.6,-0.06,237,-38.8,31,77,B-,D,C-,49,,,,,,,,,,,,,,,
PRAA,P R A Group Inc,FINANCE,Financial Svcs-Specialty,81,NASDAQ,46.43,-0.9,-0.43,180,-13.6,58,92,B-,B,C-,77,,,,,,,,,,,,,,,
PRTH,Priority Technology Hldg,FINANCE,Financial Svcs-Specialty,81,NASDAQ,5.96,0.3,0.02,11,-54.6,4,55,B-,-,B-,35,,,,,,,,,,,,,,,
QFIN,360 Digitech Inc Cl AAds,FINANCE,Financial Svcs-Specialty,81,NASDAQ,19.46,-4.4,-0.89,462,-59.5,95,52,B-,A,D,77,,,,,,,,,,,,,,,
RELY,Remitly Global Inc,FINANCE,Financial Svcs-Specialty,81,NASDAQ,11.69,-8.3,-1.06,321,-32.6,14,2,B-,D,E,16,,,,,,,,,,,,,,,
RIOT,Riot Blockchain Inc,FINANCE,Financial Svcs-Specialty,81,NASDAQ,15.39,-7.8,-1.3,7842,-30.2,23,11,B-,C,D+,31,,,,,,,,,,,,,,,
SDIG,Stronghold Dig MiningClA,FINANCE,Financial Svcs-Specialty,81,NASDAQ,8.38,-9.3,-0.86,234,-53.8,2,1,B-,-,D,7,,,,,,,,,,,,,,,
SOS,SOS Limited Ads,FINANCE,Financial Svcs-Specialty,125,NYSE,0.7,-5.5,-0.04,4597,-36.6,25,1,C,B,D+,23,,,,,,,,,,,,,,,
SRL,Scully Royalty Ltd,FINANCE,Financial Svcs-Specialty,81,NYSE,8.85,1,0.08,3,-61,69,31,B-,C,C+,59,,,,,,,,,,,,,,,
TIPT,Tiptree Inc Cl A,FINANCE,Financial Svcs-Specialty,81,NASDAQ,12.97,1.3,0.17,37,-39.8,51,97,B-,A,D+,79,,,,,,,,,,,,,,,
TRIT,Triterras Inc Cl A,FINANCE,Financial Svcs-Specialty,81,NASDAQ,1.64,-9.9,-0.18,185,-66.6,8,1,B-,B,D+,21,,,,,,,,,,,,,,,
TRU,TransUnion,FINANCE,Financial Svcs-Specialty,81,NYSE,104.34,1.2,1.24,451,-32.6,94,44,B-,A,E,77,,,,,,,,,,,,,,,
TW,Tradeweb Markets Cl A,FINANCE,Financial Svcs-Specialty,81,NASDAQ,84.12,-0.4,-0.32,378,-20.6,92,75,B-,A,E,87,,,,,,,,,,,,,,,
VIRT,Virtu Financial Inc Cl A,FINANCE,Financial Svcs-Specialty,81,NASDAQ,31.02,1.8,0.55,841,30.1,64,89,B-,B,A-,84,,,,,,,,,,,,,,,
WU,Western Union Co,FINANCE,Financial Svcs-Specialty,81,NYSE,18.93,-1.7,-0.33,3777,-23.1,66,35,B-,A,C+,57,,,,,,,,,,,,,,,
XYF,X Financial Cl A Ads,FINANCE,Financial Svcs-Specialty,81,NYSE,3.17,-4.8,-0.16,29,-24.2,69,24,B-,D,D,40,,,,,,,,,,,,,,,
AKOA,Embotelladora Andina Adr,FOOD/BEV,Beverages-Non-Alcoholic,19,NYSE,10.88,0,0,0,0,80,33,A,C,B-,73,,,,,,,,,,,,,,,
AKOB,Embotelladora Andina Clb,FOOD/BEV,Beverages-Non-Alcoholic,19,NYSE,12.73,0,0,0,0,80,35,A,C,D+,71,,,,,,,,,,,,,,,
BRFH,Barfresh Food Group Inc,FOOD/BEV,Beverages-Non-Alcoholic,19,NASDAQ,5.4,8,0.4,35,-87,27,22,A,D,-,41,,,,,,,,,,,,,,,
BTB,Bit Brother Ltd,FOOD/BEV,Beverages-Non-Alcoholic,19,NASDAQ,0.43,4.9,0.02,571,-75.9,2,1,A,D,D-,18,,,,,,,,,,,,,,,
CCEP,Coca Cola EurpacificPtnr,FOOD/BEV,Beverages-Non-Alcoholic,19,NASDAQ,58.48,0.3,0.16,558,-21.8,84,83,A,B,B,97,,,,,,,,,,,,,,,
CELH,Celsius Holdings Inc,FOOD/BEV,Beverages-Non-Alcoholic,19,NASDAQ,49.8,-0.8,-0.4,791,2.2,34,18,A,B,C,54,,,,,,,,,,,,,,,
COCO,Vita Coco Company Inc,FOOD/BEV,Beverages-Non-Alcoholic,19,NASDAQ,11.33,-1.5,-0.17,209,-62.6,62,28,A,A,D-,63,,,,,,,,,,,,,,,
COKE,Coca-Cola Consolidated,FOOD/BEV,Beverages-Non-Alcoholic,19,NASDAQ,566.45,-0.1,-0.51,18,-6.6,95,99,A,B,B,99,,,,,,,,,,,,,,,
FIZZ,National Beverage Corp,FOOD/BEV,Beverages-Non-Alcoholic,19,NASDAQ,44.17,-0.9,-0.42,107,-42,55,32,A,B,C+,56,,,,,,,,,,,,,,,
FMX,Fomento Econ Mex Sab Ads,FOOD/BEV,Beverages-Non-Alcoholic,19,NYSE,77,2.5,1.91,540,28.2,74,44,A,C,D-,74,,,,,,,,,,,,,,,
KDP,Keurig Dr Pepper Inc,FOOD/BEV,Beverages-Non-Alcoholic,19,NASDAQ,38.79,1.7,0.65,3819,-0.5,46,86,A,B,B+,86,,,,,,,,,,,,,,,
KO,Coca Cola Co,FOOD/BEV,Beverages-Non-Alcoholic,19,NYSE,61.24,1.1,0.68,15492,14.5,80,88,A,A,C+,95,,,,,,,,,,,,,,,
KOF,Coca Cola Femsa Sab Ads,FOOD/BEV,Beverages-Non-Alcoholic,19,NYSE,54.07,2.4,1.27,98,10.2,81,77,A,C,C+,87,,,,,,,,,,,,,,,
MNST,Monster Beverage Corp,FOOD/BEV,Beverages-Non-Alcoholic,19,NASDAQ,87.23,0.9,0.76,1271,-10.7,80,48,A,A,D-,80,,,,,,,,,,,,,,,
NBEV,NewAge Inc,FOOD/BEV,Beverages-Non-Alcoholic,19,NASDAQ,0.73,-3.4,-0.03,539,-60.5,39,4,A,D,E,30,,,,,,,,,,,,,,,
PRMW,Primo Water Corporation,FOOD/BEV,Beverages-Non-Alcoholic,19,NYSE,16.77,-1.1,-0.19,565,24.3,86,77,A,C,B-,89,,,,,,,,,,,,,,,
REED,Reeds Inc,FOOD/BEV,Beverages-Non-Alcoholic,19,NASDAQ,0.32,-3.8,-0.01,381,-17.4,27,4,A,E,C-,29,,,,,,,,,,,,,,,
WTER,Alkaline Water Co Inc,FOOD/BEV,Beverages-Non-Alcoholic,19,NASDAQ,1.07,-2.7,-0.03,577,-53.6,5,20,A,E,D+,31,,,,,,,,,,,,,,,
ZVIA,Zevia Pbc Cl A,FOOD/BEV,Beverages-Non-Alcoholic,19,NYSE,8.01,1.9,0.15,99,-35.5,8,14,A,C,C,37,,,,,,,,,,,,,,,
HSY,Hershey Company,FOOD/BEV,Food-Confectionery,53,NYSE,198.46,1.4,2.73,1021,87.3,77,91,B+,A,D,86,,,,,,,,,,,,,,,
MDLZ,Mondelez Intl Inc,FOOD/BEV,Food-Confectionery,53,NASDAQ,67.93,1.9,1.25,5107,-3.7,72,86,B+,B,B-,85,,,,,,,,,,,,,,,
RMCF,Rocky Mtn Chocolate Fa,FOOD/BEV,Food-Confectionery,53,NASDAQ,8.08,1,0.08,11,-9.8,30,93,B+,C,B,76,,,,,,,,,,,,,,,
SMPL,Simply Good Foods Co,FOOD/BEV,Food-Confectionery,53,NASDAQ,35.98,0.1,0.04,392,17.2,95,69,B+,B,D-,86,,,,,,,,,,,,,,,
TR,Tootsie Roll Industries,FOOD/BEV,Food-Confectionery,53,NYSE,33.16,-0.5,-0.16,41,-63.7,58,77,B+,C,B,80,,,,,,,,,,,,,,,
LWAY,Lifeway Foods Inc,FOOD/BEV,Food-Dairy Products,185,NASDAQ,5.1,1,0.05,14,11.8,30,31,E,C,B,37,,,,,,,,,,,,,,,
OTLY,Oatly Group Ab Ads,FOOD/BEV,Food-Dairy Products,185,NASDAQ,6.98,-4.5,-0.33,1730,-57.1,2,6,E,D,D-,6,,,,,,,,,,,,,,,
ADM,Archer Daniels Midland,FOOD/BEV,Food-Grain & Related,27,NYSE,76.74,1.6,1.21,1929,11.3,85,95,A,B,B-,97,,,,,,,,,,,,,,,
ANDE,Andersons Inc,FOOD/BEV,Food-Grain & Related,27,NASDAQ,37.98,-0.2,-0.06,67,-33.9,69,96,A,C,B+,95,,,,,,,,,,,,,,,
CLXT,Calyxt Inc,FOOD/BEV,Food-Grain & Related,27,NASDAQ,1.68,-10.2,-0.19,70,-37.8,34,5,A,D,D-,29,,,,,,,,,,,,,,,
INGR,Ingredion Inc,FOOD/BEV,Food-Grain & Related,27,NYSE,96.05,0.7,0.71,323,43.8,59,85,A,B,D,82,,,,,,,,,,,,,,,
RIBT,Ricebran Technologies,FOOD/BEV,Food-Grain & Related,27,NASDAQ,0.31,-3.1,-0.01,244,-48.8,40,5,A,E,C-,35,,,,,,,,,,,,,,,
BRFS,B R F  S A Adr,FOOD/BEV,Food-Meat Products,64,NYSE,3.74,-9.7,-0.4,12868,482.7,8,69,B+,B,C+,52,,,,,,,,,,,,,,,
BSFC,Blue Star Foods Corp,FOOD/BEV,Food-Meat Products,64,NASDAQ,2.17,-4.1,-0.09,346,-79.9,23,7,B+,-,E,12,,,,,,,,,,,,,,,
BYND,Beyond Meat Inc,FOOD/BEV,Food-Meat Products,64,NASDAQ,64.2,-4.1,-2.74,2218,-33.7,1,11,B+,D,B-,22,,,,,,,,,,,,,,,
CALM,Cal-Maine Foods Inc,FOOD/BEV,Food-Meat Products,64,NASDAQ,39.53,0.9,0.37,183,-18.7,15,83,B+,D,B,71,,,,,,,,,,,,,,,
DDL,Dingdong Cayman Ads Cl A,FOOD/BEV,Food-Meat Products,64,NYSE,4.98,-3.3,-0.17,283,-8.5,1,1,B+,-,E,6,,,,,,,,,,,,,,,
HRL,Hormel Foods Co,FOOD/BEV,Food-Meat Products,64,NYSE,47.72,1.3,0.61,1089,-26.4,65,75,B+,B,C-,83,,,,,,,,,,,,,,,
IBA,Industrias Bachoco Adr,FOOD/BEV,Food-Meat Products,64,NYSE,41.11,-0.1,-0.04,5,-34.6,58,48,B+,B,C,70,,,,,,,,,,,,,,,
MITC,Meatech 3D Ltd Ads,FOOD/BEV,Food-Meat Products,64,NASDAQ,5.03,0.2,0.01,27,-65.3,41,14,B+,-,D-,29,,,,,,,,,,,,,,,
MMMB,Mamamancinis Holdings,FOOD/BEV,Food-Meat Products,64,NASDAQ,1.98,-3.9,-0.08,35,-78.7,10,22,B+,B,B-,36,,,,,,,,,,,,,,,
PLIN,China Xiangtai Food Co,FOOD/BEV,Food-Meat Products,64,NASDAQ,1.17,-2.5,-0.03,444,-23.4,8,95,B+,D,D+,48,,,,,,,,,,,,,,,
PME,Pingtan Marine Ent Ltd,FOOD/BEV,Food-Meat Products,64,NASDAQ,0.63,-4.2,-0.03,168,-39.8,69,25,B+,D,B,51,,,,,,,,,,,,,,,
PPC,Pilgrims Pride Corp,FOOD/BEV,Food-Meat Products,64,NASDAQ,28.49,0.1,0.03,508,109,50,92,B+,C,B+,89,,,,,,,,,,,,,,,
SAFM,Sanderson Farms Inc,FOOD/BEV,Food-Meat Products,64,NASDAQ,183.51,-0.4,-0.71,78,-33.2,77,83,B+,A,D,91,,,,,,,,,,,,,,,
TSN,Tyson Foods Inc Cl A,FOOD/BEV,Food-Meat Products,64,NYSE,91.52,0.5,0.46,2580,91.1,85,94,B+,B,B+,91,,,,,,,,,,,,,,,
VGFC,Very Good Food,FOOD/BEV,Food-Meat Products,64,NASDAQ,0.61,-1.6,-0.01,161,-69.3,2,1,B+,D,E,6,,,,,,,,,,,,,,,
VITL,Vital Farms Inc,FOOD/BEV,Food-Meat Products,64,NASDAQ,16.22,-2.9,-0.49,58,-47.8,36,30,B+,C,B,47,,,,,,,,,,,,,,,
APRN,Blue Apron Holdings Cl A,FOOD/BEV,Food-Misc Preparation,91,NYSE,7.8,-3.7,-0.3,825,-32.1,12,90,B-,E,A-,52,,,,,,,,,,,,,,,
CHEF,Chefs' Warehouse Hldg,FOOD/BEV,Food-Misc Preparation,91,NASDAQ,29.46,0.3,0.1,138,-3.8,69,42,B-,D,C-,63,,,,,,,,,,,,,,,
CVGW,Calavo Growers Inc,FOOD/BEV,Food-Misc Preparation,91,NASDAQ,41.21,-0.4,-0.18,35,-54.1,11,21,B-,D,B,34,,,,,,,,,,,,,,,
DOLE,Dole plc,FOOD/BEV,Food-Misc Preparation,91,NYSE,14.46,-0.7,-0.1,508,3.8,30,60,B-,C,B,69,,,,,,,,,,,,,,,
FDP,Fresh Del Monte Produce,FOOD/BEV,Food-Misc Preparation,91,NYSE,27.85,-0.3,-0.09,103,50.8,30,39,B-,D,B-,48,,,,,,,,,,,,,,,
FREE,Whole Earth Brands Inc,FOOD/BEV,Food-Misc Preparation,91,NASDAQ,9.17,-5,-0.49,176,2.9,69,22,B-,C,D+,53,,,,,,,,,,,,,,,
JBSS,John B Sanfilippo & Son,FOOD/BEV,Food-Misc Preparation,91,NASDAQ,80,0.1,0.07,43,113.8,73,37,B-,B,C+,66,,,,,,,,,,,,,,,
LNDC,Landec Corporation,FOOD/BEV,Food-Misc Preparation,91,NASDAQ,11,0.5,0.05,51,-50.7,5,81,B-,E,A-,55,,,,,,,,,,,,,,,
MKC,Mccormick & Co,FOOD/BEV,Food-Misc Preparation,91,NYSE,101.87,1.4,1.38,853,-18.7,69,92,B-,B,B,87,,,,,,,,,,,,,,,
MKCV,Mccormick & Co Vtg,FOOD/BEV,Food-Misc Preparation,91,NYSE,100.21,0,0,0,0,58,91,B-,B,A+,89,,,,,,,,,,,,,,,
PLAG,Planet Green Holdings,FOOD/BEV,Food-Misc Preparation,91,AMEX,0.89,5.8,0.05,9,-90.1,25,9,B-,D,B-,26,,,,,,,,,,,,,,,
SXT,Sensient Technologies Cp,FOOD/BEV,Food-Misc Preparation,91,NYSE,83.52,-0.5,-0.43,383,336.3,57,48,B-,C,E,50,,,,,,,,,,,,,,,
AMBP,Ardagh Metal PackagingSA,FOOD/BEV,Food-Packaged,89,NYSE,9.56,-0.9,-0.09,967,12.6,39,44,B-,-,B+,53,,,,,,,,,,,,,,,
BGS,B & G Foods Inc,FOOD/BEV,Food-Packaged,89,NYSE,31.17,0,0,299,-45.5,36,72,B-,B,B-,60,,,,,,,,,,,,,,,
BRCN,Burcon Nutrascience Corp,FOOD/BEV,Food-Packaged,89,NASDAQ,1,-0.5,-0.01,10,-81,5,7,B-,C,D,19,,,,,,,,,,,,,,,
BRID,Bridgford Foods Corp,FOOD/BEV,Food-Packaged,89,NASDAQ,11.9,1.1,0.13,5,105.2,8,31,B-,C,C+,33,,,,,,,,,,,,,,,
CAG,Conagra Brands Inc,FOOD/BEV,Food-Packaged,89,NYSE,35.28,0.8,0.29,3029,0.7,51,75,B-,C,B-,65,,,,,,,,,,,,,,,
CPB,Campbell Soup Co,FOOD/BEV,Food-Packaged,89,NYSE,44.63,1.1,0.48,1544,-20.6,43,69,B-,C,D-,57,,,,,,,,,,,,,,,
FAMI,Farmmi Inc,FOOD/BEV,Food-Packaged,89,NASDAQ,0.2,-3.1,-0.01,22090,-30.8,8,7,B-,B,B+,27,,,,,,,,,,,,,,,
FLO,Flowers Foods Inc,FOOD/BEV,Food-Packaged,89,NYSE,28.4,1.1,0.31,970,0.9,61,91,B-,B,B,81,,,,,,,,,,,,,,,
FRPT,Freshpet Inc,FOOD/BEV,Food-Packaged,89,NASDAQ,91,-3.1,-2.91,279,-42.6,8,14,B-,C,D-,24,,,,,,,,,,,,,,,
GIS,General Mills Inc,FOOD/BEV,Food-Packaged,89,NYSE,68.91,1,0.66,1959,-20.6,54,88,B-,B,C+,76,,,,,,,,,,,,,,,
HAIN,Hain Celestial Group,FOOD/BEV,Food-Packaged,89,NASDAQ,36.47,-0.6,-0.21,680,-10.2,43,30,B-,D,C+,43,,,,,,,,,,,,,,,
JJSF,J & J Snack Foods Corp,FOOD/BEV,Food-Packaged,89,NASDAQ,150.06,0.6,0.96,53,15.5,64,42,B-,C,B-,68,,,,,,,,,,,,,,,
K,Kellogg Company,FOOD/BEV,Food-Packaged,89,NYSE,63.32,0.1,0.09,1738,20,61,72,B-,B,D-,68,,,,,,,,,,,,,,,
KHC,The Kraft Heinz Company,FOOD/BEV,Food-Packaged,89,NASDAQ,36.37,0.7,0.24,5272,2.4,43,48,B-,C,E,41,,,,,,,,,,,,,,,
LANC,Lancaster Colony Corp,FOOD/BEV,Food-Packaged,89,NASDAQ,159.33,0.8,1.25,59,6.7,60,31,B-,B,D,56,,,,,,,,,,,,,,,
LSF,Laird Superfood Inc,FOOD/BEV,Food-Packaged,89,ARCA,7.5,-10.7,-0.9,26,-18.5,6,2,B-,D,B-,17,,,,,,,,,,,,,,,
LW,Lamb Weston Holdings Inc,FOOD/BEV,Food-Packaged,89,NYSE,64.24,-0.5,-0.35,767,-30,28,55,B-,B,B,57,,,,,,,,,,,,,,,
NOMD,Nomad Foods Ltd,FOOD/BEV,Food-Packaged,89,NYSE,26.32,0.7,0.18,588,10.1,85,52,B-,B,D,66,,,,,,,,,,,,,,,
NUZE,Nuzee Inc,FOOD/BEV,Food-Packaged,89,NASDAQ,2.72,1.9,0.05,12,-98.7,8,33,B-,E,B-,27,,,,,,,,,,,,,,,
PEP,Pepsico Inc,FOOD/BEV,Food-Packaged,89,NASDAQ,175.34,1.7,3,3440,13.6,72,89,B-,A,D,82,,,,,,,,,,,,,,,
PETZ,Tdh Holdings Inc,FOOD/BEV,Food-Packaged,89,NASDAQ,0.45,-9.4,-0.05,10152,-19.2,27,1,B-,-,C,9,,,,,,,,,,,,,,,
POST,Post Holdings Inc,FOOD/BEV,Food-Packaged,89,NYSE,105.74,-1.6,-1.72,753,177,46,77,B-,C,D-,68,,,,,,,,,,,,,,,
RGF,Real Good Food Co Cl A,FOOD/BEV,Food-Packaged,89,NASDAQ,6.07,0.4,0.03,219,146.1,12,10,B-,-,E,18,,,,,,,,,,,,,,,
SENEA,Seneca Foods Corp Cl A,FOOD/BEV,Food-Packaged,89,NASDAQ,46.32,-1.2,-0.56,8,-49,18,55,B-,C,B-,49,,,,,,,,,,,,,,,
SENEB,Seneca Foods Corp Cl B,FOOD/BEV,Food-Packaged,89,NASDAQ,47.11,0,0,0,0,18,52,B-,C,B-,50,,,,,,,,,,,,,,,
SJM,J M Smucker Co,FOOD/BEV,Food-Packaged,89,NYSE,140.15,1.2,1.65,460,-5.8,52,87,B-,C,E,61,,,,,,,,,,,,,,,
SNAX,Stryve Foods Inc Cl A,FOOD/BEV,Food-Packaged,89,NASDAQ,2.7,-1.3,-0.04,79,-93.1,24,3,B-,E,E,12,,,,,,,,,,,,,,,
SOVO,Sovos Brands Inc,FOOD/BEV,Food-Packaged,89,NASDAQ,14.54,-1,-0.14,336,0.2,8,72,B-,C,D,61,,,,,,,,,,,,,,,
STKL,Sunopta Inc,FOOD/BEV,Food-Packaged,89,NASDAQ,5.12,-3.3,-0.18,315,-52.8,69,9,B-,D,B+,36,,,,,,,,,,,,,,,
THS,Treehouse Foods Inc,FOOD/BEV,Food-Packaged,89,NYSE,37.59,-0.1,-0.05,343,18.6,32,39,B-,C,D-,33,,,,,,,,,,,,,,,
TTCF,Tattooed Chef Inc Cl A,FOOD/BEV,Food-Packaged,89,NASDAQ,12.28,-3.7,-0.47,767,-15.8,21,16,B-,C,E,26,,,,,,,,,,,,,,,
TWNK,Hostess Brands Inc Cl A,FOOD/BEV,Food-Packaged,89,NASDAQ,20.47,0.1,0.03,1884,38.5,63,94,B-,C,A-,87,,,,,,,,,,,,,,,
UL,Unilever Plc,FOOD/BEV,Food-Packaged,89,NYSE,51.3,0.3,0.17,3559,-15.8,65,35,B-,B,C+,62,,,,,,,,,,,,,,,
UTZ,Utz Brands Inc,FOOD/BEV,Food-Packaged,89,NYSE,16.74,0.1,0.01,274,-40.1,30,26,B-,B,B-,44,,,,,,,,,,,,,,,
AFL,A F L A C Inc,INSURANCE,Insurance-Acc & Health,55,NYSE,63.83,1.5,0.94,3157,39.1,83,92,B+,B,C+,89,,,,,,,,,,,,,,,
CNO,C N O Financial Group,INSURANCE,Insurance-Acc & Health,55,NYSE,25.13,0.3,0.07,881,83.4,43,77,B+,C,D+,68,,,,,,,,,,,,,,,
IHC,Independence Holding Co,INSURANCE,Insurance-Acc & Health,55,NYSE,56.94,-0.1,-0.04,6,-67.5,12,95,B+,D,B+,70,,,,,,,,,,,,,,,
OSCR,Oscar Health Inc Cl A,INSURANCE,Insurance-Acc & Health,55,NYSE,6.65,-3.8,-0.26,1591,-8.3,2,2,B+,D,B-,19,,,,,,,,,,,,,,,
TRUP,Trupanion Inc,INSURANCE,Insurance-Acc & Health,55,NASDAQ,93.95,-2.3,-2.26,285,-20.3,4,48,B+,C,D-,36,,,,,,,,,,,,,,,
UNM,Unum Group,INSURANCE,Insurance-Acc & Health,55,NYSE,25.81,1.9,0.47,2323,54.5,55,48,B+,C,D,56,,,,,,,,,,,,,,,
AJG,Arthur J. Gallagher & Co,INSURANCE,Insurance-Brokers,73,NYSE,156.93,0,0.08,822,29.3,82,85,B,B,C,90,,,,,,,,,,,,,,,
AON,Aon Plc,INSURANCE,Insurance-Brokers,73,NYSE,278.51,0.6,1.7,906,12.9,86,79,B,A,E,83,,,,,,,,,,,,,,,
BRO,Brown & Brown Inc,INSURANCE,Insurance-Brokers,73,NYSE,68.29,2.4,1.62,1454,60.1,90,94,B,A,C,95,,,,,,,,,,,,,,,
BRP,Brp Group Inc,INSURANCE,Insurance-Brokers,73,NASDAQ,30.23,-0.7,-0.2,177,-13.6,37,65,B,A,B-,72,,,,,,,,,,,,,,,
EHTH,Ehealth Inc,INSURANCE,Insurance-Brokers,73,NASDAQ,20.58,-5,-1.09,358,-12.2,23,5,B,D,D+,13,,,,,,,,,,,,,,,
ERIE,Erie Indemnity Co,INSURANCE,Insurance-Brokers,73,NASDAQ,185.1,0.5,0.83,59,31.7,60,30,B,B,D,49,,,,,,,,,,,,,,,
FANH,Fanhua Inc Ads,INSURANCE,Insurance-Brokers,73,NASDAQ,6.78,-1.7,-0.12,28,-75.5,16,8,B,C,D+,22,,,,,,,,,,,,,,,
GOCO,Gohealth Inc Class A,INSURANCE,Insurance-Brokers,73,NASDAQ,2.79,-0.7,-0.02,4545,90.3,20,2,B,D,C+,30,,,,,,,,,,,,,,,
KINS,Kingstone Companies Inc,INSURANCE,Insurance-Brokers,73,NASDAQ,5.2,-5.1,-0.28,7,-62,2,24,B,D,B-,31,,,,,,,,,,,,,,,
MMC,Marsh & Mclennan,INSURANCE,Insurance-Brokers,73,NYSE,154.95,0.9,1.43,1149,-7.8,84,84,B,A,D-,87,,,,,,,,,,,,,,,
RYAN,Ryan Specialty Grp Cl A,INSURANCE,Insurance-Brokers,73,NYSE,38.15,2.2,0.82,275,-12.8,64,93,B,-,B-,84,,,,,,,,,,,,,,,
SLQT,Selectquote Inc,INSURANCE,Insurance-Brokers,73,NYSE,7.26,-3,-0.23,1117,-5.7,53,5,B,B,C,38,,,,,,,,,,,,,,,
TIRX,Tian Ruixiang Hldgs Cl A,INSURANCE,Insurance-Brokers,73,NASDAQ,1.38,6.2,0.08,234,-37.3,2,1,B,B,B-,22,,,,,,,,,,,,,,,
WDH,Waterdrop Inc Cl A Ads,INSURANCE,Insurance-Brokers,73,NYSE,1.56,-3.1,-0.05,171,-63.5,4,6,B,D,D+,10,,,,,,,,,,,,,,,
WTW,Willis Towers Watson Plc,INSURANCE,Insurance-Brokers,73,NASDAQ,238.09,0.8,1.98,531,-27.2,83,72,B,B,D+,78,,,,,,,,,,,,,,,
AIG,American Intl Group,INSURANCE,Insurance-Diversified,46,NYSE,60.29,2,1.18,2739,-22.2,93,92,A-,C,B-,97,,,,,,,,,,,,,,,
AIZ,Assurant Inc,INSURANCE,Insurance-Diversified,46,NYSE,153.24,1.4,2.07,227,-27.5,81,55,A-,C,D+,74,,,,,,,,,,,,,,,
ANAT,American Natl Grp Inc,INSURANCE,Insurance-Diversified,46,NASDAQ,189.49,0.3,0.49,44,-11.1,62,97,A-,B,C+,88,,,,,,,,,,,,,,,
BAMR,Brookfield AstMgt Reinsu,INSURANCE,Insurance-Diversified,46,NYSE,57.33,0.7,0.39,11,-33.6,30,42,A-,B,D-,47,,,,,,,,,,,,,,,
EVER,Everquote Inc Cl A,INSURANCE,Insurance-Diversified,46,NASDAQ,16.38,-0.6,-0.11,351,44.4,18,25,A-,D,B+,37,,,,,,,,,,,,,,,
FGF,FG Financial Group Inc,INSURANCE,Insurance-Diversified,46,NASDAQ,3.36,7.3,0.23,20,-75.1,43,10,A-,D,B-,36,,,,,,,,,,,,,,,
HIG,Hartford Finl Svcs Grp,INSURANCE,Insurance-Diversified,46,NYSE,73.28,1.6,1.16,1166,14.8,84,89,A-,B,B,91,,,,,,,,,,,,,,,
JXN,Jackson Financial Cl A,INSURANCE,Insurance-Diversified,46,NYSE,37.77,-1.6,-0.61,418,-62.3,59,98,A-,D,B,86,,,,,,,,,,,,,,,
L,Loews Corp,INSURANCE,Insurance-Diversified,46,NYSE,61.42,1.4,0.84,360,-13.5,76,88,A-,C,B-,85,,,,,,,,,,,,,,,
MFC,Manulife Financial Corp,INSURANCE,Insurance-Diversified,46,NYSE,21.06,0.2,0.05,3293,17.2,67,81,A-,B,C-,83,,,,,,,,,,,,,,,
NODK,NI Holdings Inc,INSURANCE,Insurance-Diversified,46,NASDAQ,18.29,-1,-0.18,1,-81.6,49,52,A-,B,D-,62,,,,,,,,,,,,,,,
PFG,Principal Finl Group Inc,INSURANCE,Insurance-Diversified,46,NASDAQ,74.1,-0.1,-0.08,914,-13.3,81,92,A-,D,D-,82,,,,,,,,,,,,,,,
PLMR,Palomar Holdings Inc,INSURANCE,Insurance-Diversified,46,NASDAQ,52.78,-1.2,-0.65,123,2.3,87,14,A-,B,C-,67,,,,,,,,,,,,,,,
RELI,Reliance Global Group,INSURANCE,Insurance-Diversified,46,NASDAQ,5.19,1.7,0.09,613,-92.1,31,98,A-,E,D-,61,,,,,,,,,,,,,,,
AEG,Aegon N V,INSURANCE,Insurance-Life,56,NYSE,5.99,3.3,0.19,2794,-12.1,64,95,B+,C,B-,83,,,,,,,,,,,,,,,
AEL,Amer Equity Invstmt Life,INSURANCE,Insurance-Life,56,NYSE,41.12,-0.5,-0.22,319,12.2,46,95,B+,E,B,81,,,,,,,,,,,,,,,
BHF,Brighthouse Financial,INSURANCE,Insurance-Life,56,NYSE,57.21,1.9,1.06,412,6.4,73,94,B+,C,C+,91,,,,,,,,,,,,,,,
CIA,Citizens Inc,INSURANCE,Insurance-Life,56,NYSE,4.68,-0.4,-0.02,57,52.2,30,23,B+,D,D,32,,,,,,,,,,,,,,,
GL,Globe Life Inc,INSURANCE,Insurance-Life,56,NYSE,104.23,1.4,1.48,384,24.8,70,85,B+,B,B-,83,,,,,,,,,,,,,,,
GNW,Genworth Financial Inc,INSURANCE,Insurance-Life,56,NYSE,3.94,0.8,0.03,3014,54.6,68,65,B+,D,E,70,,,,,,,,,,,,,,,
HUIZ,Huize Hldg Ltd Cl A Ads,INSURANCE,Insurance-Life,56,NASDAQ,1.22,-2.4,-0.03,24,-79.4,8,4,B+,B,E,13,,,,,,,,,,,,,,,
LFC,China Life Insurance Adr,INSURANCE,Insurance-Life,56,NYSE,8.99,-0.2,-0.02,279,-41.5,54,60,B+,C,B-,70,,,,,,,,,,,,,,,
LNC,Lincoln National Corp,INSURANCE,Insurance-Life,56,NYSE,71.82,0.9,0.65,1464,47.5,77,89,B+,C,C+,84,,,,,,,,,,,,,,,
MDWT,Midwest Holding Inc,INSURANCE,Insurance-Life,56,NASDAQ,21.36,4.7,0.95,0,-98.5,43,6,B+,E,C-,31,,,,,,,,,,,,,,,
MET,Metlife Inc,INSURANCE,Insurance-Life,56,NYSE,68.75,1,0.66,3995,34.1,95,90,B+,C,C-,91,,,,,,,,,,,,,,,
NWLI,National Western Life Gp,INSURANCE,Insurance-Life,56,NASDAQ,215.42,-1.7,-3.68,5,-1.4,78,77,B+,B,B-,83,,,,,,,,,,,,,,,
PRI,Primerica Inc,INSURANCE,Insurance-Life,56,NYSE,155.87,0.9,1.44,81,-2.9,88,52,B+,A,B-,88,,,,,,,,,,,,,,,
PRU,Prudential Financial Inc,INSURANCE,Insurance-Life,56,NYSE,114.73,0.9,1.06,1521,18.5,80,89,B+,D,D+,85,,,,,,,,,,,,,,,
PUK,Prudential Plc Adr,INSURANCE,Insurance-Life,56,NYSE,34.46,1.2,0.42,594,27.1,79,42,B+,C,C-,65,,,,,,,,,,,,,,,
RGA,Reinsurance Grp Of Amer,INSURANCE,Insurance-Life,56,NYSE,113.79,-0.8,-0.95,398,30.4,37,60,B+,C,D+,58,,,,,,,,,,,,,,,
SLF,Sun Life Financial Inc,INSURANCE,Insurance-Life,56,NYSE,57.9,1,0.59,555,-11.5,78,83,B+,C,E,74,,,,,,,,,,,,,,,
VERY,Vericity Inc,INSURANCE,Insurance-Life,56,NASDAQ,6,1.2,0.07,18,891.8,23,16,B+,D,D+,28,,,,,,,,,,,,,,,
VOYA,Voya Financial Inc,INSURANCE,Insurance-Life,56,NYSE,70.47,1.6,1.14,1093,-18.9,99,79,B+,C,B-,92,,,,,,,,,,,,,,,
AAME,Atlantic American Corp,INSURANCE,Insurance-Prop/Cas/Titl,59,NASDAQ,2.63,4.8,0.12,5,-69.1,8,18,B+,C,C-,23,,,,,,,,,,,,,,,
ACGL,Arch Capital Group Ltd,INSURANCE,Insurance-Prop/Cas/Titl,59,NASDAQ,47.88,1.2,0.56,1163,8.1,89,93,B+,C,B+,94,,,,,,,,,,,,,,,
AFG,American Financial Group,INSURANCE,Insurance-Prop/Cas/Titl,59,NYSE,133.56,1.7,2.22,132,-13.1,88,89,B+,B,D+,90,,,,,,,,,,,,,,,
AGO,Assured Guaranty Ltd,INSURANCE,Insurance-Prop/Cas/Titl,59,NYSE,54.63,0.7,0.38,246,-8.5,40,88,B+,B,C-,70,,,,,,,,,,,,,,,
ALL,Allstate Corp,INSURANCE,Insurance-Prop/Cas/Titl,59,NYSE,117.7,-0.9,-1.02,3936,169,80,48,B+,B,D-,74,,,,,,,,,,,,,,,
AMSF,Amerisafe Inc,INSURANCE,Insurance-Prop/Cas/Titl,59,NASDAQ,52.1,-0.9,-0.49,31,-29.8,51,42,B+,C,C-,56,,,,,,,,,,,,,,,
ARGO,Argo Group Intl Hldg Ltd,INSURANCE,Insurance-Prop/Cas/Titl,59,NYSE,56.72,-0.2,-0.1,76,0.2,69,86,B+,D,D+,78,,,,,,,,,,,,,,,
AXS,Axis Capital Hldings Ltd,INSURANCE,Insurance-Prop/Cas/Titl,59,NYSE,56.98,-0.7,-0.39,605,134.9,69,86,B+,C,C,82,,,,,,,,,,,,,,,
CB,Chubb Limited,INSURANCE,Insurance-Prop/Cas/Titl,59,NYSE,207.73,3.9,7.86,3107,185.2,75,90,B+,C,B,93,,,,,,,,,,,,,,,
CINF,Cincinnati Financial,INSURANCE,Insurance-Prop/Cas/Titl,59,NASDAQ,120.83,2.1,2.51,373,13.4,93,81,B+,D,B+,88,,,,,,,,,,,,,,,
CNA,C N A Financial Corp,INSURANCE,Insurance-Prop/Cas/Titl,59,NYSE,46.63,1.1,0.52,60,-7.5,76,77,B+,C,B+,86,,,,,,,,,,,,,,,
CNFR,Conifer Holdings Inc,INSURANCE,Insurance-Prop/Cas/Titl,59,NASDAQ,2.35,0.8,0.02,2,-86.6,17,25,B+,D,C+,29,,,,,,,,,,,,,,,
DGICA,Donegal Group Inc Cl A,INSURANCE,Insurance-Prop/Cas/Titl,59,NASDAQ,14.12,0.8,0.11,14,-35.4,12,52,B+,C,B,51,,,,,,,,,,,,,,,
DGICB,Donegal Group Inc Cl B,INSURANCE,Insurance-Prop/Cas/Titl,59,NASDAQ,13.28,0,0,0,0,12,33,B+,C,B-,41,,,,,,,,,,,,,,,
EIG,Employers Holdings Inc,INSURANCE,Insurance-Prop/Cas/Titl,59,NYSE,38.96,-0.3,-0.13,59,23.6,35,77,B+,D,B,63,,,,,,,,,,,,,,,
ESGR,Enstar Group Ltd,INSURANCE,Insurance-Prop/Cas/Titl,59,NASDAQ,267.48,0.3,0.9,26,-10.5,31,89,B+,B,C,79,,,,,,,,,,,,,,,
FAF,First American Finl Corp,INSURANCE,Insurance-Prop/Cas/Titl,59,NYSE,76.75,3,2.25,499,21.8,98,89,B+,A,C-,97,,,,,,,,,,,,,,,
FNF,Fidelity National Finl,INSURANCE,Insurance-Prop/Cas/Titl,59,NYSE,51,0.4,0.19,1125,-0.7,96,89,B+,A,E,95,,,,,,,,,,,,,,,
FNHC,Fednat Holding Company,INSURANCE,Insurance-Prop/Cas/Titl,59,NASDAQ,1.43,-0.9,-0.01,31,-91.8,14,5,B+,E,E,4,,,,,,,,,,,,,,,
GBLI,Global Indemnity Gp Cl A,INSURANCE,Insurance-Prop/Cas/Titl,59,NYSE,26.01,-0.7,-0.18,2,-80.1,10,52,B+,D,D+,41,,,,,,,,,,,,,,,
GLRE,Greenlight Capital Re,INSURANCE,Insurance-Prop/Cas/Titl,59,NASDAQ,7.33,-0.1,-0.01,62,-8.2,30,37,B+,C,C+,59,,,,,,,,,,,,,,,
GSHD,Goosehead Insurance Cl A,INSURANCE,Insurance-Prop/Cas/Titl,59,NASDAQ,91.89,-3.4,-3.23,150,8.1,31,21,B+,-,D+,31,,,,,,,,,,,,,,,
HALL,Hallmark Financial Svcs,INSURANCE,Insurance-Prop/Cas/Titl,59,NASDAQ,4.25,1,0.04,32,-40.2,39,85,B+,E,D-,54,,,,,,,,,,,,,,,
HCI,H C I Group Inc,INSURANCE,Insurance-Prop/Cas/Titl,59,NYSE,67.42,-1.3,-0.92,70,-14,11,21,B+,B,D-,26,,,,,,,,,,,,,,,
HGTY,Hagerty Inc Cl A,INSURANCE,Insurance-Prop/Cas/Titl,59,NYSE,13.89,-2,-0.28,84,-52.1,8,97,B+,-,E,40,,,,,,,,,,,,,,,
HIPO,Hippo Holdings Inc,INSURANCE,Insurance-Prop/Cas/Titl,59,NYSE,2.03,-5.6,-0.12,1527,-33.8,23,2,B+,D,D-,17,,,,,,,,,,,,,,,
HMN,Horace Mann Educators,INSURANCE,Insurance-Prop/Cas/Titl,59,NYSE,39.27,4.7,1.77,389,220.2,66,42,B+,C,D+,62,,,,,,,,,,,,,,,
HRTG,Heritage Insurance Hldgs,INSURANCE,Insurance-Prop/Cas/Titl,59,NYSE,6,-1.2,-0.07,163,9.9,2,23,B+,D,D,23,,,,,,,,,,,,,,,
ICCH,I C C Holdings Inc,INSURANCE,Insurance-Prop/Cas/Titl,59,NASDAQ,16.75,0,0,0,0,71,79,B+,C,C+,81,,,,,,,,,,,,,,,
IGIC,International Gen InsHld,INSURANCE,Insurance-Prop/Cas/Titl,59,NASDAQ,7.66,-1.4,-0.11,13,-35,57,35,B+,-,D-,46,,,,,,,,,,,,,,,
ITIC,Investors Title Co,INSURANCE,Insurance-Prop/Cas/Titl,59,NASDAQ,202.79,2.8,5.48,1,-23.3,79,94,B+,A,D-,92,,,,,,,,,,,,,,,
JRVR,James River Group Hldgs,INSURANCE,Insurance-Prop/Cas/Titl,59,NASDAQ,27.94,-0.6,-0.17,84,-49.5,8,20,B+,D,C-,26,,,,,,,,,,,,,,,
KFS,Kingsway Financial Svcs,INSURANCE,Insurance-Prop/Cas/Titl,59,NYSE,5.26,-0.8,-0.05,4,-79.8,40,69,B+,D,C-,68,,,,,,,,,,,,,,,
KMPR,Kemper Corporation,INSURANCE,Insurance-Prop/Cas/Titl,59,NYSE,53,0.6,0.3,598,160.8,8,22,B+,D,D,30,,,,,,,,,,,,,,,
KNSL,Kinsale Capital Group,INSURANCE,Insurance-Prop/Cas/Titl,59,NYSE,201.91,0.9,1.86,73,-11.4,99,83,B+,A,C+,98,,,,,,,,,,,,,,,
LMND,Lemonade Inc,INSURANCE,Insurance-Prop/Cas/Titl,59,NYSE,31.12,-8.8,-3,2001,5.1,2,4,B+,E,E,10,,,,,,,,,,,,,,,
MBI,M B I A Inc,INSURANCE,Insurance-Prop/Cas/Titl,59,NYSE,14.59,-0.4,-0.06,229,-31.9,21,97,B+,D,D-,60,,,,,,,,,,,,,,,
MCY,Mercury General Corp,INSURANCE,Insurance-Prop/Cas/Titl,59,NYSE,52.76,0.3,0.18,259,84.6,57,35,B+,B,D-,56,,,,,,,,,,,,,,,
MHLD,Maiden Holdings Ltd,INSURANCE,Insurance-Prop/Cas/Titl,59,NASDAQ,2.71,0.2,0.01,146,134.2,11,29,B+,E,D+,27,,,,,,,,,,,,,,,
MILE,Metromile Inc,INSURANCE,Insurance-Prop/Cas/Titl,59,NASDAQ,1.63,-8.7,-0.16,3265,42,31,2,B+,-,D+,22,,,,,,,,,,,,,,,
MKL,Markel Corp,INSURANCE,Insurance-Prop/Cas/Titl,59,NYSE,1293.72,2.4,30.67,47,61.9,17,79,B+,B,C,65,,,,,,,,,,,,,,,
MTG,M G I C Invt Corp,INSURANCE,Insurance-Prop/Cas/Titl,59,NYSE,15.15,-1.3,-0.2,1368,-26,76,79,B+,C,B-,82,,,,,,,,,,,,,,,
NSEC,National Security Group,INSURANCE,Insurance-Prop/Cas/Titl,59,NASDAQ,15.85,0.2,0.03,11,-18.7,40,98,B+,E,A-,76,,,,,,,,,,,,,,,
ORI,Old Republic Intl Corp,INSURANCE,Insurance-Prop/Cas/Titl,59,NYSE,26.16,0.2,0.05,1386,39.9,87,89,B+,A,B-,95,,,,,,,,,,,,,,,
OXBR,Oxbridge Re Holdings,INSURANCE,Insurance-Prop/Cas/Titl,59,NASDAQ,5.76,0.5,0.03,36,-74.5,69,99,B+,B,A-,97,,,,,,,,,,,,,,,
PGR,Progressive Corp Ohio,INSURANCE,Insurance-Prop/Cas/Titl,59,NYSE,109.48,1.3,1.38,1478,-27.9,57,89,B+,B,B+,85,,,,,,,,,,,,,,,
PRA,Proassurance Corp,INSURANCE,Insurance-Prop/Cas/Titl,59,NYSE,23.98,0.2,0.05,89,8.3,69,81,B+,D,C,83,,,,,,,,,,,,,,,
RE,Everest Re Group Ltd,INSURANCE,Insurance-Prop/Cas/Titl,59,NYSE,290.34,2,5.81,137,-5.6,39,87,B+,C,C-,81,,,,,,,,,,,,,,,
RLI,R L I Corp,INSURANCE,Insurance-Prop/Cas/Titl,59,NYSE,104.23,-0.6,-0.62,84,21.8,90,52,B+,A,C,85,,,,,,,,,,,,,,,
RNR,Renaissancere Holdings,INSURANCE,Insurance-Prop/Cas/Titl,59,NYSE,157.29,-0.4,-0.67,461,63.5,32,69,B+,D,B,69,,,,,,,,,,,,,,,
ROOT,Root Inc Cl A,INSURANCE,Insurance-Prop/Cas/Titl,59,NASDAQ,1.92,-8.8,-0.19,2168,-40.5,5,1,B+,E,D+,9,,,,,,,,,,,,,,,
SAFT,Safety Insurance Group,INSURANCE,Insurance-Prop/Cas/Titl,59,NASDAQ,84.66,1.5,1.22,71,77.4,60,81,B+,B,B-,80,,,,,,,,,,,,,,,
SIGI,Selective Ins Group Inc,INSURANCE,Insurance-Prop/Cas/Titl,59,NASDAQ,79.72,0,-0.01,119,-1.2,90,81,B+,B,D-,88,,,,,,,,,,,,,,,
SPNT,Siriuspoint Ltd,INSURANCE,Insurance-Prop/Cas/Titl,59,NYSE,8.59,1.4,0.12,165,-12.9,9,29,B+,B,C+,41,,,,,,,,,,,,,,,
STC,Stewart Information Svcs,INSURANCE,Insurance-Prop/Cas/Titl,59,NYSE,73.43,3.1,2.23,110,33.2,95,92,B+,A,C,98,,,,,,,,,,,,,,,
STFC,State Auto Finl Corp,INSURANCE,Insurance-Prop/Cas/Titl,59,NASDAQ,51.62,-0.4,-0.21,22,-54.9,9,99,B+,D,C,65,,,,,,,,,,,,,,,
THG,Hanover Insurance Group,INSURANCE,Insurance-Prop/Cas/Titl,59,NYSE,135.09,-1,-1.35,338,372.5,72,81,B+,C,B+,83,,,,,,,,,,,,,,,
TIG,Trean Insurance Group,INSURANCE,Insurance-Prop/Cas/Titl,59,NASDAQ,7.82,-3.2,-0.26,207,184.2,64,14,B+,B,B,49,,,,,,,,,,,,,,,
TRV,Travelers Companies Inc,INSURANCE,Insurance-Prop/Cas/Titl,59,NYSE,173.02,3,5.03,1265,31.6,53,86,B+,B,B-,79,,,,,,,,,,,,,,,
UFCS,United Fire Group Inc,INSURANCE,Insurance-Prop/Cas/Titl,59,NASDAQ,23.96,-1.6,-0.4,31,-39.8,57,52,B+,D,B-,56,,,,,,,,,,,,,,,
UIHC,United Insurance Holding,INSURANCE,Insurance-Prop/Cas/Titl,59,NASDAQ,3.99,-0.7,-0.03,41,-44.6,30,29,B+,E,D+,29,,,,,,,,,,,,,,,
UNAM,Unico American Corp,INSURANCE,Insurance-Prop/Cas/Titl,59,NASDAQ,3.1,6.5,0.19,0,-89.3,23,18,B+,E,B,27,,,,,,,,,,,,,,,
UVE,Universal Insurance Hldg,INSURANCE,Insurance-Prop/Cas/Titl,59,NYSE,17.14,-0.1,-0.01,74,-43.8,58,93,B+,D,B+,88,,,,,,,,,,,,,,,
WRB,Berkley W R Corp,INSURANCE,Insurance-Prop/Cas/Titl,59,NYSE,87.9,2.5,2.11,1150,169.1,86,89,B+,B,B+,93,,,,,,,,,,,,,,,
WTM,White Mountains Insr Fd,INSURANCE,Insurance-Prop/Cas/Titl,59,NYSE,1054.33,0.5,4.83,13,28.9,24,42,B+,B,C,59,,,,,,,,,,,,,,,
Y,Alleghany Corp,INSURANCE,Insurance-Prop/Cas/Titl,59,NYSE,686.17,1.9,12.54,60,60.9,75,75,B+,C,B-,86,,,,,,,,,,,,,,,
ANGI,Angi Inc Class A,INTERNET,Internet-Content,133,NASDAQ,8.42,-1.1,-0.1,1176,8.7,8,16,C-,D,B-,23,,,,,,,,,,,,,,,
ATHM,Autohome Inc Cl A Ads,INTERNET,Internet-Content,133,NYSE,30.49,-10.1,-3.42,429,-39.5,62,14,C-,B,C+,29,,,,,,,,,,,,,,,
AUTO,Autoweb Inc,INTERNET,Internet-Content,133,NASDAQ,2.83,3.7,0.1,16,-86.8,14,29,C-,E,E,16,,,,,,,,,,,,,,,
BIDU,Baidu Inc Ads,INTERNET,Internet-Content,133,NASDAQ,158.09,-1.8,-2.95,1368,-50.5,58,31,C-,B,C-,41,,,,,,,,,,,,,,,
BILI,Bilibili Inc Cl Z Ads,INTERNET,Internet-Content,133,NASDAQ,33.69,-6.4,-2.28,2761,-49.7,5,4,C-,D,E,6,,,,,,,,,,,,,,,
BLCT,Bluecity Hldg Cl A Adr,INTERNET,Internet-Content,133,NASDAQ,1.36,-3,-0.04,14,-97.4,5,1,C-,D,E,1,,,,,,,,,,,,,,,
BMBL,Bumble Inc Cl A,INTERNET,Internet-Content,133,NASDAQ,30.08,-0.7,-0.22,2348,62.1,32,11,C-,D,C+,28,,,,,,,,,,,,,,,
BZ,Kanzhun Ltd Ads Cl A,INTERNET,Internet-Content,133,NASDAQ,30.1,-3,-0.92,851,-70.2,69,29,C-,C,C-,52,,,,,,,,,,,,,,,
BZFD,Buzzfeed Inc Cl A,INTERNET,Internet-Content,133,NASDAQ,4.25,-3.8,-0.17,55,-82.1,20,6,C-,-,C+,15,,,,,,,,,,,,,,,
CARG,Cargurus Inc Cl A,INTERNET,Internet-Content,133,NASDAQ,33.52,1.4,0.46,860,19.2,92,85,C-,A,B+,95,,,,,,,,,,,,,,,
CNET,ZW Data Action Techno,INTERNET,Internet-Content,133,NASDAQ,0.8,-4.4,-0.04,245,25.9,33,7,C-,D,B-,17,,,,,,,,,,,,,,,
CPOP,Pop Culture Group Co ClA,INTERNET,Internet-Content,133,NASDAQ,1.52,-3.2,-0.05,262,-94.8,96,1,C-,A,D-,43,,,,,,,,,,,,,,,
CSCW,Color Star Technology Co,INTERNET,Internet-Content,133,NASDAQ,0.44,0.2,0,433,-75.8,47,9,C-,E,C+,24,,,,,,,,,,,,,,,
DATS,DatChat Inc,INTERNET,Internet-Content,133,NASDAQ,2.23,-6.3,-0.15,925,-78.7,2,9,C-,-,B,9,,,,,,,,,,,,,,,
DHX,D H I Group Inc,INTERNET,Internet-Content,133,NYSE,5.57,0.4,0.02,120,-26.4,17,98,C-,D,B-,58,,,,,,,,,,,,,,,
DOYU,Douyu Intl Hldgs Ltd Ads,INTERNET,Internet-Content,133,NASDAQ,2.21,-0.4,-0.01,1694,-43.1,8,7,C-,C,C+,10,,,,,,,,,,,,,,,
DUO,Fangdd Network Cl A Ads,INTERNET,Internet-Content,133,NASDAQ,0.4,-3.6,-0.02,216,-74,8,1,C-,E,D-,1,,,,,,,,,,,,,,,
FB,Meta Platforms Inc Cl A,INTERNET,Internet-Content,133,NASDAQ,322.76,1.2,3.76,29665,83.9,96,69,C-,A,D-,86,,,,,,,,,,,,,,,
FENG,Phoenix New Media Ads,INTERNET,Internet-Content,133,NYSE,0.82,3.7,0.03,20,-86.9,8,10,C-,E,E,2,,,,,,,,,,,,,,,
GAME,Engine Gaming and Media,INTERNET,Internet-Content,133,NASDAQ,3.06,-0.3,-0.01,46,-92.7,47,9,C-,-,C-,23,,,,,,,,,,,,,,,
GOOG,Alphabet Inc Cl C,INTERNET,Internet-Content,133,NASDAQ,2969.42,7.7,211.85,3872,306.1,98,86,C-,A,C-,96,,,,,,,,,,,,,,,
GOOGL,Alphabet Inc Cl A,INTERNET,Internet-Content,133,NASDAQ,2970.31,7.9,217.43,5182,330.8,98,87,C-,A,C+,97,,,,,,,,,,,,,,,
GROM,Grom Social Enterprises,INTERNET,Internet-Content,133,NASDAQ,1.5,-8.4,-0.14,303,-38,19,9,C-,E,B-,14,,,,,,,,,,,,,,,
GSMG,Glory Star New Media Gp,INTERNET,Internet-Content,133,NASDAQ,1.11,-1.8,-0.02,40,-74.8,36,7,C-,B,D,29,,,,,,,,,,,,,,,
HUYA,Huya Inc Cl A Ads,INTERNET,Internet-Content,133,NYSE,6.27,-7.3,-0.5,1696,-29.3,66,11,C-,B,C+,37,,,,,,,,,,,,,,,
HYRE,Hyrecar Inc,INTERNET,Internet-Content,133,NASDAQ,3.4,-5,-0.18,155,-35.6,2,2,C-,E,C+,7,,,,,,,,,,,,,,,
IAC,I A C/Interactivecorp,INTERNET,Internet-Content,133,NASDAQ,133.56,-1.4,-1.9,299,-24.9,32,33,C-,B,B-,58,,,,,,,,,,,,,,,
ICLK,Iclick Interactive Asia,INTERNET,Internet-Content,133,NASDAQ,3.35,-5.9,-0.21,86,-58.7,17,6,C-,C,D+,19,,,,,,,,,,,,,,,
IDEX,Ideanomics Inc,INTERNET,Internet-Content,133,NASDAQ,1.03,-7.4,-0.08,5428,-32.4,14,6,C-,D,D,12,,,,,,,,,,,,,,,
IPDN,Prof Diversity Network,INTERNET,Internet-Content,133,NASDAQ,1.02,-5.6,-0.06,158,16.9,50,18,C-,E,B,33,,,,,,,,,,,,,,,
IZEA,Izea Worldwide Inc,INTERNET,Internet-Content,133,NASDAQ,1.13,-5.8,-0.07,156,-76.2,44,6,C-,D,D,24,,,,,,,,,,,,,,,
KIND,Nextdoor Holdings Cl A,INTERNET,Internet-Content,133,NYSE,5.5,-3.3,-0.19,1534,-9.6,28,10,C-,-,B-,20,,,,,,,,,,,,,,,
KRKR,36Kr Holdings Cl A Ads,INTERNET,Internet-Content,133,NASDAQ,0.95,2.9,0.03,13,-81.9,11,5,C-,E,E,1,,,,,,,,,,,,,,,
LEJU,Leju Holdings Ltd Ads,INTERNET,Internet-Content,133,NYSE,0.69,-2.8,-0.02,3,-91.8,8,4,C-,C,E,5,,,,,,,,,,,,,,,
LIZI,Lizhi Inc Cl A Ads,INTERNET,Internet-Content,133,NASDAQ,1.35,-6.3,-0.09,304,-32.2,5,3,C-,-,D,4,,,,,,,,,,,,,,,
LKCO,Luokung Technology Corp,INTERNET,Internet-Content,133,NASDAQ,0.47,-1.6,-0.01,1532,-33.6,27,6,C-,D,E,13,,,,,,,,,,,,,,,
LOV,Spark Networks SE Ads,INTERNET,Internet-Content,133,AMEX,2.36,-5.6,-0.14,33,-84.3,4,16,C-,E,D+,7,,,,,,,,,,,,,,,
LTRPA,Liberty Tripadvisor Cl A,INTERNET,Internet-Content,133,NASDAQ,2.23,-2.2,-0.05,664,15.5,69,13,C-,D,C,35,,,,,,,,,,,,,,,
LTRPB,Liberty Tripadvisor Cl B,INTERNET,Internet-Content,133,NASDAQ,15.3,4.8,0.7,1,-31.1,69,7,C-,D,D,29,,,,,,,,,,,,,,,
LVO,LiveOne Inc,INTERNET,Internet-Content,133,NASDAQ,0.91,-9.4,-0.09,405,-53,20,2,C-,D,E,7,,,,,,,,,,,,,,,
LZ,Legalzoom.com Inc,INTERNET,Internet-Content,133,NASDAQ,15.96,-3.5,-0.58,693,-23.3,13,9,C-,-,E,8,,,,,,,,,,,,,,,
MARK,Remark Holding Inc,INTERNET,Internet-Content,133,NASDAQ,0.86,-3.5,-0.03,2278,-37.8,22,6,C-,-,C,6,,,,,,,,,,,,,,,
MOMO,Hello Group Inc Ads Cl A,INTERNET,Internet-Content,133,NASDAQ,9.63,-3.8,-0.38,1024,-47,59,19,C-,C,B,38,,,,,,,,,,,,,,,
MOXC,Moxian B V I Inc,INTERNET,Internet-Content,133,NASDAQ,2.21,10,0.2,132,-41.5,33,6,C-,A,C-,28,,,,,,,,,,,,,,,
MTCH,Match Group Inc,INTERNET,Internet-Content,133,NASDAQ,118.93,6.1,6.84,4621,151.1,28,20,C-,A,D,34,,,,,,,,,,,,,,,
OPRA,Opera Ltd Ads,INTERNET,Internet-Content,133,NASDAQ,6.94,-1.4,-0.1,200,74.9,98,24,C-,A,B-,71,,,,,,,,,,,,,,,
PINS,Pinterest Inc Cl A,INTERNET,Internet-Content,133,NYSE,27.04,-9.9,-2.98,15478,79.2,70,10,C-,A,E,44,,,,,,,,,,,,,,,
QTT,Qutoutiao Inc Cl A Ads,INTERNET,Internet-Content,133,NASDAQ,2.32,-9,-0.23,120,-51,7,1,C-,E,C-,1,,,,,,,,,,,,,,,
RENN,Renren Inc Ads,INTERNET,Internet-Content,133,NYSE,21.92,-0.9,-0.21,40,-74.4,69,99,C-,E,A,83,,,,,,,,,,,,,,,
ROVR,Rover Group Inc Cl A,INTERNET,Internet-Content,133,NASDAQ,5.29,-12.9,-0.78,1561,155.7,14,10,C-,D,C-,19,,,,,,,,,,,,,,,
SDH,Global Internet of Ppl,INTERNET,Internet-Content,133,NASDAQ,1.5,2,0.03,4,-82.4,51,9,C-,B,B,32,,,,,,,,,,,,,,,
SE,Sea Limited Ads Cl A,INTERNET,Internet-Content,133,NYSE,147.28,-7.3,-11.67,5914,-4.3,21,10,C-,D,E,17,,,,,,,,,,,,,,,
SEMR,Semrush Holdings Cl A,INTERNET,Internet-Content,133,NYSE,17.29,-6.9,-1.28,233,-35.1,69,72,C-,D,D,61,,,,,,,,,,,,,,,
SFUN,Fang Hldgs Ltd Cl A Ads,INTERNET,Internet-Content,133,NYSE,3.92,6.5,0.24,0,-87,31,6,C-,E,D-,16,,,,,,,,,,,,,,,
SJ,Scienjoy Holding Cp Cl A,INTERNET,Internet-Content,133,NASDAQ,6.9,2.2,0.15,109,106.2,23,81,C-,C,B,56,,,,,,,,,,,,,,,
SLGG,Super League Gaming Inc,INTERNET,Internet-Content,133,NASDAQ,2.06,-4.9,-0.11,137,-64.2,45,13,C-,D,D-,25,,,,,,,,,,,,,,,
SNAP,Snap Inc Cl A,INTERNET,Internet-Content,133,NYSE,32.08,-4.7,-1.58,29263,63.1,69,12,C-,C,E,36,,,,,,,,,,,,,,,
SOPA,Society Pass Inc,INTERNET,Internet-Content,133,NASDAQ,4.09,-17.1,-0.84,604,-93.7,2,1,C-,D,D-,4,,,,,,,,,,,,,,,
TME,Tencent Music EntGrp ADS,INTERNET,Internet-Content,133,NYSE,5.93,-8,-0.52,14052,23,71,11,C-,B,D-,30,,,,,,,,,,,,,,,
TWTR,Twitter Inc,INTERNET,Internet-Content,133,NYSE,36.45,-4.4,-1.67,13853,-7.3,30,16,C-,C,E,23,,,,,,,,,,,,,,,
WB,Weibo Corp Cl A Ads,INTERNET,Internet-Content,133,NASDAQ,33.32,-4,-1.39,239,-81.2,93,19,C-,A,B-,63,,,,,,,,,,,,,,,
WEAV,Weave Communications Inc,INTERNET,Internet-Content,133,NYSE,9.3,-7.4,-0.75,67,-67.3,7,9,C-,D,E,11,,,,,,,,,,,,,,,
WIMI,Wimi HologramCld ClB Ads,INTERNET,Internet-Content,133,NASDAQ,2.76,-7.2,-0.22,1683,10.4,10,10,C-,C,C-,17,,,,,,,,,,,,,,,
YALA,Yalla Group Ltd Ads Cl A,INTERNET,Internet-Content,133,NYSE,6.11,-2.9,-0.18,365,-57,99,12,C-,A,C-,58,,,,,,,,,,,,,,,
YELP,Yelp Inc,INTERNET,Internet-Content,133,NYSE,34.42,-0.9,-0.3,326,-28.3,69,39,C-,D,C-,59,,,,,,,,,,,,,,,
YNDX,Yandex N V Class A,INTERNET,Internet-Content,133,NASDAQ,48.11,-0.8,-0.41,2630,10.3,24,17,C-,B,D-,28,,,,,,,,,,,,,,,
YY,Joyy Inc,INTERNET,Internet-Content,133,NASDAQ,48.47,-4.1,-2.06,159,-75.3,10,26,C-,B,C+,30,,,,,,,,,,,,,,,
Z,Zillow Group Inc Cl C,INTERNET,Internet-Content,133,NASDAQ,49,-4.7,-2.41,2604,-33,30,8,C-,C,C+,31,,,,,,,,,,,,,,,
ZCMD,Zhongchao Inc Cl A,INTERNET,Internet-Content,133,NASDAQ,1.59,-1.2,-0.02,17,-69.9,72,35,C-,B,D+,54,,,,,,,,,,,,,,,
ZD,Ziff Davis Inc,INTERNET,Internet-Content,133,NASDAQ,105.3,0.3,0.34,487,105.9,89,39,C-,A,B,76,,,,,,,,,,,,,,,
ZG,Zillow Group Inc Cl A,INTERNET,Internet-Content,133,NASDAQ,48.4,-4.7,-2.39,400,-47.4,30,7,C-,C,C,30,,,,,,,,,,,,,,,
ZH,Zhihu Inc Cl A Ads,INTERNET,Internet-Content,133,NYSE,3.99,-9,-0.4,835,-57.8,2,8,C-,D,C-,15,,,,,,,,,,,,,,,
ZIP,Ziprecruiter Inc Cl A,INTERNET,Internet-Content,133,NYSE,21.04,-3.7,-0.8,244,-56.5,16,31,C-,B,C-,36,,,,,,,,,,,,,,,
TRUE,Truecar Inc,INTERNET,Internet-Content,133,NASDAQ,3.43,-0.6,-0.02,298,-27.2,8,21,C-,E,B,21,,,,,,,,,,,,,,,
BLIN,Bridgeline Digital Inc,INTERNET,Internet-Network Sltns,140,NASDAQ,2.01,-1.5,-0.03,23,-97.1,11,11,C-,E,C+,17,,,,,,,,,,,,,,,
CD,Chindata Group Hldg Cl A,INTERNET,Internet-Network Sltns,140,NASDAQ,4.8,-7.5,-0.39,987,-29.6,69,6,C-,C,C+,35,,,,,,,,,,,,,,,
CRDO,Credo Tech Grp Hldng,INTERNET,Internet-Network Sltns,140,NASDAQ,13.12,2.5,0.32,955,-52.8,13,1,C-,D,-,30,,,,,,,,,,,,,,,
CXDO,Crexendo Inc,INTERNET,Internet-Network Sltns,140,NASDAQ,4.08,-5.5,-0.24,25,-46.6,85,19,C-,A,C+,62,,,,,,,,,,,,,,,
FFIV,F 5 Inc,INTERNET,Internet-Network Sltns,140,NASDAQ,209.55,1.7,3.59,499,9.6,75,65,C-,A,D+,70,,,,,,,,,,,,,,,
GDS,Gds Hldgs Ltd Ads Cl A,INTERNET,Internet-Network Sltns,140,NASDAQ,43.73,-7.3,-3.42,836,-21.6,7,18,C-,C,C,22,,,,,,,,,,,,,,,
GEG,Great Elm Group Inc,INTERNET,Internet-Network Sltns,140,NASDAQ,1.96,5.9,0.11,6,-72.7,31,25,C-,E,B,28,,,,,,,,,,,,,,,
INUV,Inuvo Inc,INTERNET,Internet-Network Sltns,140,AMEX,0.42,-4.8,-0.02,601,-24.9,31,9,C-,D,D-,18,,,,,,,,,,,,,,,
LLNW,Limelight Networks Inc,INTERNET,Internet-Network Sltns,140,NASDAQ,4.04,-3,-0.13,986,-36.9,47,96,C-,E,A,73,,,,,,,,,,,,,,,
OBLG,Oblong Inc,INTERNET,Internet-Network Sltns,140,NASDAQ,0.74,-0.7,-0.01,27,-74.1,50,1,C-,E,C+,16,,,,,,,,,,,,,,,
RDCM,Radcom Ltd,INTERNET,Internet-Network Sltns,140,NASDAQ,11.49,-0.9,-0.11,16,-1.5,8,85,C-,D,C,44,,,,,,,,,,,,,,,
SMSI,Smith Micro Software,INTERNET,Internet-Network Sltns,140,NASDAQ,3.99,-3.2,-0.13,125,-57.3,8,19,C-,B,B-,30,,,,,,,,,,,,,,,
SWCH,Switch Inc Cl A,INTERNET,Internet-Network Sltns,140,NYSE,25.42,-0.7,-0.19,1052,-19.3,55,93,C-,C,B,82,,,,,,,,,,,,,,,
TCX,Tucows Inc Cl A,INTERNET,Internet-Network Sltns,140,NASDAQ,79.4,0.9,0.7,45,267.3,69,52,C-,D,C,57,,,,,,,,,,,,,,,
VNET,Vnet Group Inc Ads,INTERNET,Internet-Network Sltns,140,NASDAQ,9.16,-8.5,-0.86,1171,-42.9,30,7,C-,D,D+,19,,,,,,,,,,,,,,,
WEJO,Wejo Group Limited,INTERNET,Internet-Network Sltns,140,NASDAQ,4.23,-1.2,-0.05,326,-58.1,39,5,C-,-,E,11,,,,,,,,,,,,,,,
ACEL,Accel Entertainment Inc,LEISURE,Leisure-Gaming/Equip,116,NYSE,13.15,-0.2,-0.03,154,-18,71,88,C,B,B,90,,,,,,,,,,,,,,,
AGS,Playags Inc,LEISURE,Leisure-Gaming/Equip,116,NYSE,7.64,-4.4,-0.35,64,-52.7,51,72,C,D,B-,63,,,,,,,,,,,,,,,
BALY,Ballys Corporation,LEISURE,Leisure-Gaming/Equip,116,NYSE,36.01,-0.7,-0.25,231,-60.4,30,19,C,C,C-,33,,,,,,,,,,,,,,,
BYD,Boyd Gaming Corp,LEISURE,Leisure-Gaming/Equip,116,NYSE,60.13,-1.6,-0.99,519,-32.5,72,75,C,C,C-,78,,,,,,,,,,,,,,,
CDRO,Codere Online Luxmbrg SA,LEISURE,Leisure-Gaming/Equip,116,NASDAQ,6.5,0.2,0.01,3,-91.8,8,15,C,-,E,13,,,,,,,,,,,,,,,
CHDN,Churchill Downs Inc,LEISURE,Leisure-Gaming/Equip,116,NASDAQ,208.25,-1.1,-2.26,55,-49.5,79,65,C,B,D+,81,,,,,,,,,,,,,,,
CNTY,Century Casinos Inc,LEISURE,Leisure-Gaming/Equip,116,NASDAQ,10.05,-2,-0.2,67,-29.8,71,30,C,D,C,53,,,,,,,,,,,,,,,
CPHC,Canterbury Park Holding,LEISURE,Leisure-Gaming/Equip,116,NASDAQ,19.8,4.9,0.92,7,137,63,96,C,B,B,85,,,,,,,,,,,,,,,
CZR,Caesars Entertainment,LEISURE,Leisure-Gaming/Equip,116,NASDAQ,77.45,-4.1,-3.35,2038,-1.6,58,29,C,D,C+,48,,,,,,,,,,,,,,,
DKNG,Draftkings Inc Cl A,LEISURE,Leisure-Gaming/Equip,116,NASDAQ,21.79,-8,-1.9,23791,20.9,24,6,C,D,B-,23,,,,,,,,,,,,,,,
EBET,Esports Technologies Inc,LEISURE,Leisure-Gaming/Equip,116,NASDAQ,11.24,-1.6,-0.18,38,-45,4,4,C,E,E,1,,,,,,,,,,,,,,,
ELYS,Elys Game Technology Crp,LEISURE,Leisure-Gaming/Equip,116,NASDAQ,2.96,-6.9,-0.22,210,-34.3,10,17,C,D,D,14,,,,,,,,,,,,,,,
FLL,Full House Resorts Inc,LEISURE,Leisure-Gaming/Equip,116,NASDAQ,8.18,-4.9,-0.42,224,-14.3,34,72,C,C,B-,63,,,,,,,,,,,,,,,
GAN,G A N Limited,LEISURE,Leisure-Gaming/Equip,116,NASDAQ,6.72,-5.8,-0.41,380,-43.3,14,5,C,D,D-,15,,,,,,,,,,,,,,,
GDEN,Golden Entertainment Inc,LEISURE,Leisure-Gaming/Equip,116,NASDAQ,44.75,-2.5,-1.14,66,-37.7,69,96,C,D,B-,85,,,,,,,,,,,,,,,
GENI,Genius Sports Limited,LEISURE,Leisure-Gaming/Equip,116,NYSE,6.5,-6.7,-0.47,1004,-57.5,1,3,C,D,C-,10,,,,,,,,,,,,,,,
GNOG,Golden Nugget OnlGmgCl A,LEISURE,Leisure-Gaming/Equip,116,NASDAQ,7.94,-7.7,-0.66,439,-20.9,23,11,C,-,D-,17,,,,,,,,,,,,,,,
IGT,Intl Game Technology Plc,LEISURE,Leisure-Gaming/Equip,116,NYSE,27.42,-0.8,-0.22,871,-31,53,96,C,D,C,73,,,,,,,,,,,,,,,
LVS,Las Vegas Sands Corp,LEISURE,Leisure-Gaming/Equip,116,NYSE,44.76,0.2,0.11,9006,11.6,35,55,C,D,A-,52,,,,,,,,,,,,,,,
MCRI,Monarch Casino & Resort,LEISURE,Leisure-Gaming/Equip,116,NASDAQ,62.87,-0.9,-0.59,59,78.4,81,48,C,B,B,81,,,,,,,,,,,,,,,
MGM,M G M Resorts Intl,LEISURE,Leisure-Gaming/Equip,116,NYSE,43.68,-1.1,-0.49,2571,-43.9,61,87,C,D,B-,77,,,,,,,,,,,,,,,
MLCO,Melco Resorts & Ent Ads,LEISURE,Leisure-Gaming/Equip,116,NASDAQ,10.46,-3.6,-0.4,1617,-48.1,40,25,C,D,B-,35,,,,,,,,,,,,,,,
MSC,Studio City Intl Hldgs,LEISURE,Leisure-Gaming/Equip,116,NYSE,5.65,-2.3,-0.14,0,-86.2,41,12,C,D,C-,29,,,,,,,,,,,,,,,
PENN,Penn Natl Gaming Inc,LEISURE,Leisure-Gaming/Equip,116,NASDAQ,45.6,-3.5,-1.64,4219,23,34,13,C,C,D-,26,,,,,,,,,,,,,,,
RRR,Red Rock Resorts Cl A,LEISURE,Leisure-Gaming/Equip,116,NASDAQ,44.35,-0.5,-0.21,681,-10.7,71,94,C,C,C,80,,,,,,,,,,,,,,,
RSI,Rush Str Interactv Cl A,LEISURE,Leisure-Gaming/Equip,116,NYSE,10.29,-5.3,-0.58,893,-19.3,53,18,C,-,D,31,,,,,,,,,,,,,,,
SBET,Sharplink Gaming Ltd,LEISURE,Leisure-Gaming/Equip,116,NASDAQ,1.73,-4.7,-0.09,70,-85.8,5,3,C,E,D-,1,,,,,,,,,,,,,,,
SGHC,Super Group S G H C Ltd,LEISURE,Leisure-Gaming/Equip,116,NYSE,8.57,-1,-0.09,312,-69.4,4,25,C,-,E,17,,,,,,,,,,,,,,,
SGMS,Scientific Games,LEISURE,Leisure-Gaming/Equip,116,NASDAQ,58.42,-2.4,-1.45,426,-21.3,58,55,C,-,B,55,,,,,,,,,,,,,,,
SKLZ,Skillz Inc Cl A,LEISURE,Leisure-Gaming/Equip,116,NYSE,4.14,-12.8,-0.61,21337,81.1,53,2,C,D,D+,24,,,,,,,,,,,,,,,
SRAD,Sportradar Grp A G Cl A,LEISURE,Leisure-Gaming/Equip,116,NASDAQ,12.57,-7.8,-1.07,160,-59.3,52,12,C,C,D,41,,,,,,,,,,,,,,,
WYNN,Wynn Resorts Ltd,LEISURE,Leisure-Gaming/Equip,116,NASDAQ,86.37,-2.1,-1.82,2158,-24.5,50,31,C,D,C+,41,,,,,,,,,,,,,,,
CHH,Choice Hotels Intl Inc,LEISURE,Leisure-Lodging,22,NYSE,143.57,-0.7,-0.94,205,14.8,85,93,A,-,B+,94,,,,,,,,,,,,,,,
GHG,Greentree Hosp Grp Cl A,LEISURE,Leisure-Lodging,22,NYSE,5.2,-5.3,-0.29,85,-52,49,13,A,B,E,40,,,,,,,,,,,,,,,
H,Hyatt Hotels Corp Cl A,LEISURE,Leisure-Lodging,22,NYSE,92.96,0.1,0.06,524,-19.7,54,92,A,D,B,87,,,,,,,,,,,,,,,
HLT,Hilton Worldwide Hldgs,LEISURE,Leisure-Lodging,22,NYSE,145.11,-0.4,-0.62,2097,30.6,69,90,A,A,D,97,,,,,,,,,,,,,,,
HTHT,Huazhu Group Ads,LEISURE,Leisure-Lodging,22,NASDAQ,38.9,-1.3,-0.51,353,-72.4,57,25,A,D,B+,61,,,,,,,,,,,,,,,
IHG,Intercontinental Hotels,LEISURE,Leisure-Lodging,22,NYSE,67.43,-1,-0.69,149,4.4,64,60,A,-,B-,72,,,,,,,,,,,,,,,
MAR,Marriott International,LEISURE,Leisure-Lodging,22,NASDAQ,161.38,-1,-1.64,3125,98.4,74,88,A,C,E,94,,,,,,,,,,,,,,,
PLYA,Playa Hotels & Resorts,LEISURE,Leisure-Lodging,22,NASDAQ,7.75,-1.8,-0.15,644,-16.4,51,85,A,D,B+,85,,,,,,,,,,,,,,,
TH,Target Hospitality Corp,LEISURE,Leisure-Lodging,22,NASDAQ,3.12,-6.2,-0.21,62,-33.5,61,86,A,E,D-,71,,,,,,,,,,,,,,,
WH,Wyndham Hotels & Resorts,LEISURE,Leisure-Lodging,22,NYSE,84.7,-1,-0.85,409,-26.6,80,91,A,C,B+,98,,,,,,,,,,,,,,,
AMC,A M C Entmt Hldgs Cl A,LEISURE,Leisure-Movies & Related,186,NYSE,15.66,-7.4,-1.24,44363,-3.6,52,81,E,D,B-,53,,,,,,,,,,,,,,,
AVID,Avid Technology Inc,LEISURE,Leisure-Movies & Related,186,NASDAQ,30.18,-3.1,-0.97,214,-17.6,42,93,E,-,B-,65,,,,,,,,,,,,,,,
BTN,Ballantyne Strong Inc,LEISURE,Leisure-Movies & Related,186,AMEX,3.01,-2.6,-0.08,61,-3.3,60,35,E,E,B-,38,,,,,,,,,,,,,,,
CIDM,Cinedigm Corp,LEISURE,Leisure-Movies & Related,186,NASDAQ,0.83,-6.2,-0.05,2034,-26.9,60,9,E,-,D-,20,,,,,,,,,,,,,,,
CNK,Cinemark Holdings Inc,LEISURE,Leisure-Movies & Related,186,NYSE,15.28,-2.8,-0.44,2202,-2.1,38,25,E,D,D+,31,,,,,,,,,,,,,,,
CSSE,Chicken Soup Soul Ent,LEISURE,Leisure-Movies & Related,186,NASDAQ,10.02,-1.7,-0.17,61,-32.7,27,4,E,E,D+,11,,,,,,,,,,,,,,,
CURI,Curiositystream Inc Cl A,LEISURE,Leisure-Movies & Related,186,NASDAQ,4.1,-9.2,-0.42,296,-47.6,48,3,E,-,D,14,,,,,,,,,,,,,,,
DLPN,Dolphin Entertainment,LEISURE,Leisure-Movies & Related,186,NASDAQ,5.56,-1.6,-0.09,29,-68.5,23,19,E,D,C+,22,,,,,,,,,,,,,,,
ESGC,Eros Stx Global Cl A,LEISURE,Leisure-Movies & Related,186,NYSE,0.22,-4.6,-0.01,5535,-23.7,27,1,E,E,C-,2,,,,,,,,,,,,,,,
FUBO,Fubotv Inc,LEISURE,Leisure-Movies & Related,186,NYSE,10.37,-8.1,-0.91,8863,4.2,39,4,E,D,E,12,,,,,,,,,,,,,,,
GAIA,Gaia Inc Cl A,LEISURE,Leisure-Movies & Related,186,NASDAQ,7.42,-4.1,-0.32,16,-57.1,69,20,E,D,B+,44,,,,,,,,,,,,,,,
IMAX,Imax Corp,LEISURE,Leisure-Movies & Related,186,NYSE,17.69,-4.8,-0.89,302,-20.8,50,60,E,D,B,56,,,,,,,,,,,,,,,
IQ,Iqiyi Inc Cl A Ads,LEISURE,Leisure-Movies & Related,186,NASDAQ,4.16,-8.3,-0.38,8135,-4.6,17,4,E,E,C+,6,,,,,,,,,,,,,,,
LGFA,Lions Gate Entmt Cl A,LEISURE,Leisure-Movies & Related,186,NYSE,15.19,-5,-0.8,313,-34.7,21,90,E,C,C,51,,,,,,,,,,,,,,,
LGFB,Lions Gate Entmt Cl B,LEISURE,Leisure-Movies & Related,186,NYSE,14.06,-4.6,-0.68,403,-37.4,21,93,E,C,C,55,,,,,,,,,,,,,,,
MCS,Marcus Corp,LEISURE,Leisure-Movies & Related,186,NYSE,16.82,-2.9,-0.5,64,-51.3,56,48,E,D,B-,52,,,,,,,,,,,,,,,
MITQ,Moving image Technologis,LEISURE,Leisure-Movies & Related,186,AMEX,1.33,5.9,0.07,44,-75.6,13,1,E,-,D-,2,,,,,,,,,,,,,,,
NFLX,Netflix Inc,LEISURE,Leisure-Movies & Related,186,NASDAQ,428.56,-6.3,-28.58,12256,119.8,95,24,E,A,D+,59,,,,,,,,,,,,,,,
RDBX,Redbox Entertainment ClA,LEISURE,Leisure-Movies & Related,186,NASDAQ,2.74,-48.7,-2.6,5221,2268.3,4,8,E,-,E,3,,,,,,,,,,,,,,,
RDI,Reading Intl Cl A,LEISURE,Leisure-Movies & Related,186,NASDAQ,4.47,-1.1,-0.05,29,-38.4,53,29,E,D,C+,38,,,,,,,,,,,,,,,
RDIB,Reading Intl Cl B,LEISURE,Leisure-Movies & Related,186,NASDAQ,20.51,0,0,0,0,53,27,E,D,B+,40,,,,,,,,,,,,,,,
ROKU,Roku Inc Cl A,LEISURE,Leisure-Movies & Related,186,NASDAQ,156.84,-5.7,-9.42,2674,-49.8,69,7,E,C,E,33,,,,,,,,,,,,,,,
RSVR,Reservoir Media Inc,LEISURE,Leisure-Movies & Related,186,NASDAQ,6.54,-0.3,-0.02,35,-57.9,30,18,E,A,D,38,,,,,,,,,,,,,,,
AOUT,American Outdoor Brands,LEISURE,Leisure-Products,184,NASDAQ,17.32,1.6,0.27,109,-19,33,19,E,B,D,22,,,,,,,,,,,,,,,
BC,Brunswick Corp,LEISURE,Leisure-Products,184,NYSE,92.69,0.8,0.75,509,8.9,77,39,E,A,C+,69,,,,,,,,,,,,,,,
CLAR,Clarus Corporation,LEISURE,Leisure-Products,184,NASDAQ,23.34,2.1,0.49,234,68.8,97,65,E,A,C,74,,,,,,,,,,,,,,,
DOOO,Brp Inc,LEISURE,Leisure-Products,184,NASDAQ,82.44,-1.1,-0.95,108,41.5,50,55,E,-,D,39,,,,,,,,,,,,,,,
DTC,Solo Brands Inc Cl A,LEISURE,Leisure-Products,184,NYSE,10.92,-9.4,-1.13,605,13.7,30,16,E,B,E,34,,,,,,,,,,,,,,,
ELY,Callaway Golf Co,LEISURE,Leisure-Products,184,NYSE,24.03,-0.6,-0.14,894,-25.2,74,26,E,B,C-,48,,,,,,,,,,,,,,,
ESCA,Escalade Inc,LEISURE,Leisure-Products,184,NASDAQ,14.69,3,0.43,16,-19.5,51,17,E,B,D+,28,,,,,,,,,,,,,,,
FOXF,Fox Factory Holding Corp,LEISURE,Leisure-Products,184,NASDAQ,129.02,-3.7,-5.02,150,31,95,30,E,A,B-,71,,,,,,,,,,,,,,,
GOLF,Acushnet Holdings Corp,LEISURE,Leisure-Products,184,NYSE,46.4,-1.5,-0.7,197,19.5,79,52,E,B,D-,66,,,,,,,,,,,,,,,
HLBZ,Helbiz Inc Cl A,LEISURE,Leisure-Products,184,NASDAQ,3.86,26.1,0.8,20977,6208.8,6,1,E,E,D,3,,,,,,,,,,,,,,,
HOG,Harley Davidson Inc,LEISURE,Leisure-Products,184,NYSE,36.28,1,0.36,1083,-27.7,54,37,E,C,D+,45,,,,,,,,,,,,,,,
JOUT,Johnson Outdoors Cl A,LEISURE,Leisure-Products,184,NASDAQ,87.55,-1.4,-1.2,18,-18.6,80,21,E,B,D-,38,,,,,,,,,,,,,,,
KODK,Eastman Kodak Company,LEISURE,Leisure-Products,184,NYSE,3.99,-2.4,-0.1,932,-26.2,69,10,E,D,D,28,,,,,,,,,,,,,,,
MBUU,Malibu Boats Inc Cl A,LEISURE,Leisure-Products,184,NASDAQ,65.03,-4.7,-3.18,119,4.4,98,32,E,A,B-,70,,,,,,,,,,,,,,,
MCFT,Mastercraft Boat Hldgs,LEISURE,Leisure-Products,184,NASDAQ,26.25,0.4,0.11,114,35,85,48,E,A,D-,67,,,,,,,,,,,,,,,
MPX,Marine Products Corp,LEISURE,Leisure-Products,184,NYSE,12.58,1.5,0.19,20,-0.2,62,26,E,A,B-,44,,,,,,,,,,,,,,,
NIU,Niu Technologies ClA Ads,LEISURE,Leisure-Products,184,NASDAQ,13.65,-3.7,-0.53,327,-50.9,59,7,E,A,E,31,,,,,,,,,,,,,,,
NLS,Nautilus Inc,LEISURE,Leisure-Products,184,NYSE,4.86,-2.8,-0.14,536,-17.5,12,2,E,B,E,3,,,,,,,,,,,,,,,
PII,Polaris Inc,LEISURE,Leisure-Products,184,NYSE,114.73,-0.3,-0.29,463,-2.1,57,35,E,B,E,40,,,,,,,,,,,,,,,
VMAR,Vision Marine Technologs,LEISURE,Leisure-Products,184,NASDAQ,5.02,1.4,0.07,29,-52.7,5,15,E,D,B-,14,,,,,,,,,,,,,,,
VSTO,Vista Outdoor Inc,LEISURE,Leisure-Products,184,NYSE,39.65,0.9,0.37,1144,88.2,72,75,E,A,B-,80,,,,,,,,,,,,,,,
YETI,Yeti Holdings Inc,LEISURE,Leisure-Products,184,NYSE,66.73,-1.9,-1.28,958,20.3,82,21,E,A,E,49,,,,,,,,,,,,,,,
AESE,Allied Esports Ent Inc,LEISURE,Leisure-Services,36,NASDAQ,1.82,-1.6,-0.03,99,-81.7,46,37,A-,E,B,50,,,,,,,,,,,,,,,
BODY,Beachbody Company Inc,LEISURE,Leisure-Services,36,NYSE,1.89,0.3,0.01,1411,-5.5,22,1,A-,E,E,13,,,,,,,,,,,,,,,
BOWL,Bowlero Corp Cl A,LEISURE,Leisure-Services,36,NYSE,7.35,-3,-0.23,358,50.2,8,22,A-,-,D-,28,,,,,,,,,,,,,,,
BRDS,Bird Global Inc Cl A,LEISURE,Leisure-Services,36,NYSE,3.39,-7.1,-0.26,246,-59.2,8,4,A-,-,E,13,,,,,,,,,,,,,,,
CAR,Avis Budget Group Inc,LEISURE,Leisure-Services,36,NASDAQ,179.9,0.5,0.91,336,-47.3,74,99,A-,D,D-,76,,,,,,,,,,,,,,,
CCL,Carnival Corporation,LEISURE,Leisure-Services,36,NYSE,20.91,-0.1,-0.02,27737,-30.4,28,39,A-,D,B,54,,,,,,,,,,,,,,,
CUK,Carnival Plc Adr,LEISURE,Leisure-Services,36,NYSE,19.4,-0.4,-0.08,2591,2.5,35,48,A-,D,B,60,,,,,,,,,,,,,,,
DIDI,Didi Global Inc Cl A ADS,LEISURE,Leisure-Services,36,NYSE,3.66,1.4,0.05,13629,-34,2,2,A-,D,D-,14,,,,,,,,,,,,,,,
DS,Drive Shack Inc,LEISURE,Leisure-Services,36,NYSE,1.36,-3.5,-0.05,816,-41.3,44,9,A-,E,D,35,,,,,,,,,,,,,,,
EDR,Endeavor Group Hldg Cl A,LEISURE,Leisure-Services,36,NYSE,31.38,-2.3,-0.73,590,-58.7,97,94,A-,B,B,99,,,,,,,,,,,,,,,
FUN,Cedar Fair Lp,LEISURE,Leisure-Services,36,NYSE,58.62,4.2,2.37,2251,532,57,94,A-,B,B+,96,,,,,,,,,,,,,,,
FXLV,F45 Training Holdings,LEISURE,Leisure-Services,36,NYSE,12.15,-2.8,-0.36,208,-41.2,8,24,A-,-,C,35,,,,,,,,,,,,,,,
GLG,Td Holdings Inc,LEISURE,Leisure-Services,36,NASDAQ,0.29,3.9,0.01,854,18.7,31,1,A-,C,C-,30,,,,,,,,,,,,,,,
GRAB,Grab Holdings Ltd Cl A,LEISURE,Leisure-Services,36,NASDAQ,5.48,-3.9,-0.23,6622,-57.2,39,6,A-,-,E,26,,,,,,,,,,,,,,,
HGV,Hilton Grand Vacations,LEISURE,Leisure-Services,36,NYSE,47.46,-2.7,-1.3,453,7.1,64,89,A-,A,D+,93,,,,,,,,,,,,,,,
HOFV,Hall of Fame Resort&Ent,LEISURE,Leisure-Services,36,NASDAQ,1.09,-5.7,-0.07,767,-54.6,31,5,A-,E,E,23,,,,,,,,,,,,,,,
HTZ,Hertz Global Holdings,LEISURE,Leisure-Services,36,NASDAQ,19.82,-0.7,-0.14,2219,-55.4,5,20,A-,D,D,23,,,,,,,,,,,,,,,
INSE,Inspired Entertainment,LEISURE,Leisure-Services,36,NASDAQ,12.65,-4.2,-0.55,91,-38.6,39,96,A-,-,B-,76,,,,,,,,,,,,,,,
LIND,Lindblad Expeditions Hld,LEISURE,Leisure-Services,36,NASDAQ,16.79,-1.9,-0.33,315,83.7,34,89,A-,D,C,73,,,,,,,,,,,,,,,
LTH,Life Time Group Holdings,LEISURE,Leisure-Services,36,NYSE,15.28,-2.1,-0.33,223,-52,43,31,A-,D,C-,50,,,,,,,,,,,,,,,
LYFT,Lyft Inc Cl A,LEISURE,Leisure-Services,36,NASDAQ,38.45,-2.5,-0.98,3068,-38.4,61,24,A-,D,D-,48,,,,,,,,,,,,,,,
LYV,Live Nation Entertmnt,LEISURE,Leisure-Services,36,NYSE,109.84,-1.1,-1.26,1076,-40.7,58,96,A-,D,E,78,,,,,,,,,,,,,,,
MANU,Manchester United Cl A,LEISURE,Leisure-Services,36,NYSE,13.65,-0.8,-0.11,307,-3.3,32,28,A-,D,E,34,,,,,,,,,,,,,,,
MCG,Membership Collec GrpClA,LEISURE,Leisure-Services,36,NYSE,8.64,-3.4,-0.3,256,5.7,2,21,A-,-,E,23,,,,,,,,,,,,,,,
MRM,Medirom Hlthcr Tech Ads,LEISURE,Leisure-Services,36,NASDAQ,6.21,-0.5,-0.03,1,-88.8,18,20,A-,E,D-,30,,,,,,,,,,,,,,,
MSGE,M S G Entertainment Cl A,LEISURE,Leisure-Services,36,NYSE,69.15,-3.3,-2.33,229,-1.6,2,35,A-,D,C,38,,,,,,,,,,,,,,,
MSGS,M S G Sports Corp Cl A,LEISURE,Leisure-Services,36,NYSE,166.71,0.9,1.52,168,92.3,53,37,A-,E,C+,56,,,,,,,,,,,,,,,
MTN,Vail Resorts Inc,LEISURE,Leisure-Services,36,NYSE,275.58,-1,-2.79,231,-16.3,28,32,A-,C,B-,57,,,,,,,,,,,,,,,
NCLH,Norwegian Cruise Lne Hld,LEISURE,Leisure-Services,36,NYSE,21.42,-0.9,-0.2,14438,-31.8,35,27,A-,D,B-,45,,,,,,,,,,,,,,,
OSW,Onespaworld Holdings,LEISURE,Leisure-Services,36,NASDAQ,10.32,0,0,165,-30.4,43,65,A-,D,C-,71,,,,,,,,,,,,,,,
PCOM,Points.com Inc,LEISURE,Leisure-Services,36,NASDAQ,15.55,1.2,0.19,2,-91,55,44,A-,D,D,66,,,,,,,,,,,,,,,
PLNT,Planet Fitness Inc Cl A,LEISURE,Leisure-Services,36,NYSE,88.28,-1.1,-0.96,716,4.1,69,89,A-,-,B-,90,,,,,,,,,,,,,,,
PTON,Peloton Interactive Cl A,LEISURE,Leisure-Services,36,NASDAQ,26.81,-4.3,-1.21,14084,-29.9,8,1,A-,C,C+,22,,,,,,,,,,,,,,,
RCL,Royal Caribbean Group,LEISURE,Leisure-Services,36,NYSE,81.23,0,-0.01,2682,-30.7,34,72,A-,E,B,69,,,,,,,,,,,,,,,
RICK,R C I Hospitality Hldgs,LEISURE,Leisure-Services,36,NASDAQ,70.53,-2.4,-1.71,62,24,74,93,A-,A,C,96,,,,,,,,,,,,,,,
SEAS,SeaWorld Entertainment,LEISURE,Leisure-Services,36,NYSE,59.82,-2.1,-1.3,1888,158,69,95,A-,D,C,87,,,,,,,,,,,,,,,
SIX,Six Flags Entertainment,LEISURE,Leisure-Services,36,NYSE,40.74,-1.4,-0.57,845,-26.5,69,69,A-,-,B,78,,,,,,,,,,,,,,,
TNL,Travel + Leisure Co,LEISURE,Leisure-Services,36,NYSE,56.2,-2.8,-1.61,388,-2,65,84,A-,-,B,82,,,,,,,,,,,,,,,
UBER,Uber Technologies Inc,LEISURE,Leisure-Services,36,NYSE,37.1,-3.9,-1.52,15975,-34.4,23,25,A-,D,D-,36,,,,,,,,,,,,,,,
UP,Wheels Up Experience Inc,LEISURE,Leisure-Services,36,NYSE,3.65,-7.6,-0.3,1645,-8.2,46,6,A-,D,E,33,,,,,,,,,,,,,,,
VAC,Marriott Vacations Wrld,LEISURE,Leisure-Services,36,NYSE,163.6,-1.3,-2.23,137,-37,69,84,A-,C,B-,88,,,,,,,,,,,,,,,
WMG,Warner Music Group Cl A,LEISURE,Leisure-Services,36,NASDAQ,43.03,-3.2,-1.42,585,-35.9,97,84,A-,-,B-,89,,,,,,,,,,,,,,,
XPOF,Xponential Fitness Cl A,LEISURE,Leisure-Services,36,NYSE,17.23,-1.4,-0.24,40,-67,36,96,A-,E,C+,72,,,,,,,,,,,,,,,
ABNB,Airbnb Inc Cl A,LEISURE,Leisure-Travel Booking,39,NASDAQ,151.73,-3.3,-5.21,3101,-36.6,62,42,A-,D,E,56,,,,,,,,,,,,,,,
BKNG,Booking Holdings Inc,LEISURE,Leisure-Travel Booking,39,NASDAQ,2444.6,-0.9,-21.04,286,2.1,61,84,A-,C,B-,93,,,,,,,,,,,,,,,
DESP,Despegar.com Corp,LEISURE,Leisure-Travel Booking,39,NYSE,11.8,-0.2,-0.03,360,-16.5,23,65,A-,D,B-,59,,,,,,,,,,,,,,,
EXPE,Expedia Group Inc,LEISURE,Leisure-Travel Booking,39,NASDAQ,186.28,-0.9,-1.78,1396,-22.7,58,93,A-,D,B+,90,,,,,,,,,,,,,,,
MMYT,Makemytrip Ltd,LEISURE,Leisure-Travel Booking,39,NASDAQ,25.8,-3,-0.81,173,-42.7,68,33,A-,C,C-,64,,,,,,,,,,,,,,,
NXTP,Nextplay Technologies,LEISURE,Leisure-Travel Booking,39,NASDAQ,0.67,1.5,0.01,283,-80.6,53,3,A-,E,D-,29,,,,,,,,,,,,,,,
SABR,Sabre Corporation,LEISURE,Leisure-Travel Booking,39,NASDAQ,9.28,-1.4,-0.14,2748,-50.9,42,32,A-,D,D+,43,,,,,,,,,,,,,,,
SEAT,Vivid Seats Inc Cl A,LEISURE,Leisure-Travel Booking,39,NASDAQ,8.69,-7.3,-0.68,535,28.6,52,27,A-,D,D,50,,,,,,,,,,,,,,,
SOND,Sonder Holdings Cl A,LEISURE,Leisure-Travel Booking,39,NASDAQ,10.29,1.8,0.18,164,-59.8,8,72,A-,-,A-,65,,,,,,,,,,,,,,,
TCOM,Trip.com Group Ltd Adr,LEISURE,Leisure-Travel Booking,39,NASDAQ,26.37,-2.6,-0.7,2323,-45.1,33,33,A-,C,B,47,,,,,,,,,,,,,,,
TOUR,Tuniu Corp Cl A Ads,LEISURE,Leisure-Travel Booking,39,NASDAQ,1.2,-7.7,-0.1,196,-42.7,45,22,A-,D,C+,34,,,,,,,,,,,,,,,
TRIP,TripAdvisor Inc,LEISURE,Leisure-Travel Booking,39,NASDAQ,27.78,0.4,0.12,1494,-27.4,61,22,A-,D,C,51,,,,,,,,,,,,,,,
TRVG,Trivago N V Cl A Ads,LEISURE,Leisure-Travel Booking,39,NASDAQ,2.16,-3.5,-0.08,329,-58.4,59,26,A-,D,B-,53,,,,,,,,,,,,,,,
TZOO,Travelzoo,LEISURE,Leisure-Travel Booking,39,NASDAQ,8.98,-2.9,-0.27,43,-8.2,69,21,A-,D,D,47,,,,,,,,,,,,,,,
VCSA,Vacasa Inc Cl A,LEISURE,Leisure-Travel Booking,39,NASDAQ,5.92,-6.8,-0.43,586,23.5,45,14,A-,-,D,37,,,,,,,,,,,,,,,
YTRA,Yatra Online Inc,LEISURE,Leisure-Travel Booking,39,NASDAQ,1.74,-0.3,-0.01,43,-68.3,45,25,A-,E,C-,41,,,,,,,,,,,,,,,
ABB,A B B Ltd,MACHINE,Electrical-Power/Equipmt,126,NYSE,35.6,1.2,0.42,1830,23.9,57,79,C,B,D-,69,,,,,,,,,,,,,,,
ADSE,Ads Tec Energy P L C,MACHINE,Electrical-Power/Equipmt,126,NASDAQ,8.71,0.9,0.08,11,-81.2,8,30,C,-,D,26,,,,,,,,,,,,,,,
AME,Ametek Inc,MACHINE,Electrical-Power/Equipmt,126,NYSE,139.42,1.7,2.33,923,61.1,90,75,C,A,E,77,,,,,,,,,,,,,,,
AMOT,Allied Motion Tech,MACHINE,Electrical-Power/Equipmt,126,NASDAQ,36.94,-1.4,-0.52,30,12.8,89,86,C,C,C+,82,,,,,,,,,,,,,,,
AMSC,American Superconductor,MACHINE,Electrical-Power/Equipmt,126,NASDAQ,8.17,-5.4,-0.47,226,32.3,17,8,C,D,B-,24,,,,,,,,,,,,,,,
APWC,Asia Pacif Wre&Cable Ads,MACHINE,Electrical-Power/Equipmt,126,NASDAQ,1.53,-1.6,-0.03,9,-73.2,50,6,C,C,E,26,,,,,,,,,,,,,,,
AZZ,A Z Z Incorporated,MACHINE,Electrical-Power/Equipmt,126,NYSE,48.21,-1,-0.47,81,66.5,72,37,C,D,D-,55,,,,,,,,,,,,,,,
BEEM,Beam Global,MACHINE,Electrical-Power/Equipmt,126,NASDAQ,12.55,-7,-0.95,257,-12.1,18,3,C,E,B-,18,,,,,,,,,,,,,,,
BW,Babcock & Wilcox Ent Inc,MACHINE,Electrical-Power/Equipmt,126,NYSE,7.26,-1.6,-0.12,254,-35.8,31,75,C,-,D+,44,,,,,,,,,,,,,,,
BWXT,B W X Technologies Inc,MACHINE,Electrical-Power/Equipmt,126,NYSE,44.53,0.6,0.28,351,-44.6,63,22,C,B,E,33,,,,,,,,,,,,,,,
DCFC,Tritium D C F C Ltd,MACHINE,Electrical-Power/Equipmt,126,NASDAQ,6.52,-9.7,-0.7,200,-65,47,19,C,-,E,29,,,,,,,,,,,,,,,
EM,Smart Share Glb Cl A Ads,MACHINE,Electrical-Power/Equipmt,126,NASDAQ,1.84,-0.5,-0.01,12,-95.6,10,7,C,B,B-,20,,,,,,,,,,,,,,,
ENS,Enersys,MACHINE,Electrical-Power/Equipmt,126,NYSE,75.02,-0.4,-0.29,179,23.5,60,28,C,C,B-,50,,,,,,,,,,,,,,,
ENVX,Enovix Corporation,MACHINE,Electrical-Power/Equipmt,126,NASDAQ,15.74,-5.6,-0.93,778,-25.6,34,35,C,-,D-,28,,,,,,,,,,,,,,,
EOSE,Eos Energy Enterprises,MACHINE,Electrical-Power/Equipmt,126,NASDAQ,3.74,-9,-0.37,267,-40.5,47,1,C,-,E,15,,,,,,,,,,,,,,,
EVGO,Evgo Inc Cl A,MACHINE,Electrical-Power/Equipmt,126,NASDAQ,8.17,-4.1,-0.35,2613,-31.2,47,20,C,D,C-,37,,,,,,,,,,,,,,,
EZGO,Ezgo Technologies Ltd,MACHINE,Electrical-Power/Equipmt,126,NASDAQ,1.12,-0.3,0,127,-25.3,69,1,C,D,E,19,,,,,,,,,,,,,,,
FELE,Franklin Electric Co,MACHINE,Electrical-Power/Equipmt,126,NASDAQ,86.45,-0.5,-0.46,74,10.8,83,77,C,B,C+,85,,,,,,,,,,,,,,,
FLUX,Flux Power Holdings Inc,MACHINE,Electrical-Power/Equipmt,126,NASDAQ,3.26,-8.9,-0.32,50,-41.9,35,4,C,E,D,18,,,,,,,,,,,,,,,
GNRC,Generac Hldgs Inc,MACHINE,Electrical-Power/Equipmt,126,NYSE,283.72,-1.5,-4.31,411,-42.6,93,22,C,A,D,65,,,,,,,,,,,,,,,
GTES,Gates Industrial Corp,MACHINE,Electrical-Power/Equipmt,126,NYSE,15.73,0.1,0.02,648,51.9,77,39,C,B,E,60,,,,,,,,,,,,,,,
GWH,ESS Tech Inc,MACHINE,Electrical-Power/Equipmt,126,NYSE,5.25,-5.6,-0.31,1385,147.9,2,6,C,-,E,4,,,,,,,,,,,,,,,
HUBB,Hubbell Inc,MACHINE,Electrical-Power/Equipmt,126,NYSE,188.34,-0.1,-0.2,134,-23.3,69,60,C,B,C-,67,,,,,,,,,,,,,,,
IPWR,Ideal Power Inc,MACHINE,Electrical-Power/Equipmt,126,NASDAQ,9.44,-2.7,-0.26,19,-55.7,36,18,C,D,C,24,,,,,,,,,,,,,,,
MVST,Microvast Holdings Inc,MACHINE,Electrical-Power/Equipmt,126,NASDAQ,6.29,2.5,0.16,1201,32.8,1,13,C,E,C,13,,,,,,,,,,,,,,,
NILE,Bitnile Holdings Inc,MACHINE,Electrical-Power/Equipmt,126,AMEX,0.88,-9.2,-0.09,636,-71.8,69,3,C,D,D-,29,,,,,,,,,,,,,,,
NVT,Nvent Electric Plc,MACHINE,Electrical-Power/Equipmt,126,NYSE,35.2,1.1,0.38,309,-47.3,75,87,C,B,D-,79,,,,,,,,,,,,,,,
OESX,Orion Energy Systems Inc,MACHINE,Electrical-Power/Equipmt,126,NASDAQ,3.13,-3.1,-0.1,121,-56.3,69,14,C,B,D-,40,,,,,,,,,,,,,,,
POLA,Polar Power Inc,MACHINE,Electrical-Power/Equipmt,126,NASDAQ,2.74,-6.2,-0.18,140,-46.5,50,4,C,D,B,29,,,,,,,,,,,,,,,
POWL,Powell Industries Inc,MACHINE,Electrical-Power/Equipmt,126,NASDAQ,28.71,-2.1,-0.61,27,10.1,27,69,C,E,C,53,,,,,,,,,,,,,,,
PPSI,Pioneer Power Solutions,MACHINE,Electrical-Power/Equipmt,126,NASDAQ,6.26,-0.8,-0.05,312,-92.7,15,98,C,E,B+,54,,,,,,,,,,,,,,,
RMO,Romeo Power Inc Cl A,MACHINE,Electrical-Power/Equipmt,126,NYSE,2.21,-3.1,-0.07,4975,33.7,7,2,C,D,D-,7,,,,,,,,,,,,,,,
ROK,Rockwell Automation Inc,MACHINE,Electrical-Power/Equipmt,126,NYSE,294.02,1.4,3.92,658,50,64,55,C,B,E,55,,,,,,,,,,,,,,,
RRX,Regal Rexnord Corp,MACHINE,Electrical-Power/Equipmt,126,NYSE,166.06,1.5,2.47,552,113.3,89,89,C,B,C-,90,,,,,,,,,,,,,,,
SLDP,Solid Power Inc Cl A,MACHINE,Electrical-Power/Equipmt,126,NASDAQ,6.28,-8.6,-0.59,1669,-28,8,14,C,-,E,5,,,,,,,,,,,,,,,
VLTA,Volta Inc Cl A,MACHINE,Electrical-Power/Equipmt,126,NYSE,4.76,-9.3,-0.49,1920,29.4,10,9,C,E,C,15,,,,,,,,,,,,,,,
VRT,Vertiv Holdings Llc,MACHINE,Electrical-Power/Equipmt,126,NYSE,21.28,0.8,0.17,1856,32.6,68,31,C,-,D,38,,,,,,,,,,,,,,,
WIRE,Encore Wire Corp,MACHINE,Electrical-Power/Equipmt,126,NASDAQ,114.92,0.5,0.61,152,-15.1,99,95,C,A,B-,98,,,,,,,,,,,,,,,
ASTE,Astec Industries Inc,MACHINE,Machinery-Constr/Mining,134,NASDAQ,62.99,-2.7,-1.76,50,-19.5,57,81,C-,C,B-,68,,,,,,,,,,,,,,,
CAT,Caterpillar Inc,MACHINE,Machinery-Constr/Mining,134,NYSE,205.4,0.1,0.23,2352,-6,86,55,C-,A,C,75,,,,,,,,,,,,,,,
CNHI,C N H Industrial Nv,MACHINE,Machinery-Constr/Mining,134,NYSE,15.44,0.1,0.02,2604,-39.4,86,86,C-,A,C-,90,,,,,,,,,,,,,,,
MTW,Manitowoc Co,MACHINE,Machinery-Constr/Mining,134,NYSE,18.08,-2.1,-0.39,166,-14.5,35,35,C-,D,C,35,,,,,,,,,,,,,,,
TEX,Terex Corp,MACHINE,Machinery-Constr/Mining,134,NYSE,42.4,-1.6,-0.7,279,-14.2,70,44,C-,C,D-,63,,,,,,,,,,,,,,,
AIMC,Altra Industrial Motion,MACHINE,Machinery-Gen Industrial,110,NASDAQ,48.24,-1.4,-0.67,267,69.4,78,27,C+,C,D,50,,,,,,,,,,,,,,,
ASTC,Astrotech Corp,MACHINE,Machinery-Gen Industrial,110,NASDAQ,0.69,5.6,0.04,1558,303.4,51,10,C+,E,B-,28,,,,,,,,,,,,,,,
BMI,Badger Meter Inc,MACHINE,Machinery-Gen Industrial,110,NYSE,102.98,0.8,0.84,89,23,81,75,C+,B,B,85,,,,,,,,,,,,,,,
CFX,Colfax Corp,MACHINE,Machinery-Gen Industrial,110,NYSE,41.9,-0.3,-0.13,373,-43.6,78,35,C+,C,C+,68,,,,,,,,,,,,,,,
CIR,Circor Intl Inc,MACHINE,Machinery-Gen Industrial,110,NYSE,26.64,-1,-0.27,168,163.3,72,25,C+,D,C-,41,,,,,,,,,,,,,,,
DOV,Dover Corp,MACHINE,Machinery-Gen Industrial,110,NYSE,170.27,0.3,0.58,622,34.6,88,86,C+,A,D-,85,,,,,,,,,,,,,,,
DXPE,D X P Enterprises Inc,MACHINE,Machinery-Gen Industrial,110,NASDAQ,28.68,-2,-0.59,89,30.1,83,42,C+,D,C-,62,,,,,,,,,,,,,,,
ELSE,Electro Sensors Inc,MACHINE,Machinery-Gen Industrial,110,NASDAQ,5.34,0.5,0.03,23,56.5,69,84,C+,D,B,70,,,,,,,,,,,,,,,
ERII,Energy Recovery Inc,MACHINE,Machinery-Gen Industrial,110,NASDAQ,19.71,-0.4,-0.07,128,-47.3,63,79,C+,C,C-,71,,,,,,,,,,,,,,,
ESE,E S C O Technologies Inc,MACHINE,Machinery-Gen Industrial,110,NYSE,79.2,0.7,0.52,78,8.4,56,25,C+,D,C,37,,,,,,,,,,,,,,,
EVI,Evi Industries Inc,MACHINE,Machinery-Gen Industrial,110,AMEX,20.62,-5.8,-1.28,40,99,64,19,C+,C,E,34,,,,,,,,,,,,,,,
FLOW,S P X Flow Inc,MACHINE,Machinery-Gen Industrial,110,NYSE,85.8,0,0,213,-59.1,90,93,C+,C,C+,89,,,,,,,,,,,,,,,
FLS,Flowserve Corp,MACHINE,Machinery-Gen Industrial,110,NYSE,32.9,-0.3,-0.11,497,-24.9,33,31,C+,D,B,36,,,,,,,,,,,,,,,
FTV,Fortive Corporation,MACHINE,Machinery-Gen Industrial,110,NYSE,71.55,1.3,0.92,2008,44,73,52,C+,B,B,75,,,,,,,,,,,,,,,
GENC,Gencor Industries Inc,MACHINE,Machinery-Gen Industrial,110,NASDAQ,11.4,0.6,0.07,4,-57.3,36,48,C+,C,C+,50,,,,,,,,,,,,,,,
GGG,Graco Inc,MACHINE,Machinery-Gen Industrial,110,NYSE,74,-0.4,-0.3,466,16.2,71,52,C+,A,B+,78,,,,,,,,,,,,,,,
GHM,Graham Corp,MACHINE,Machinery-Gen Industrial,110,NYSE,12.05,-0.4,-0.05,8,-49.4,11,31,C+,D,C,35,,,,,,,,,,,,,,,
GRC,Gorman-Rupp Co,MACHINE,Machinery-Gen Industrial,110,NYSE,40.37,0.6,0.26,37,14.3,67,84,C+,C,B-,79,,,,,,,,,,,,,,,
HLIO,Helios Technologies Inc,MACHINE,Machinery-Gen Industrial,110,NYSE,77.36,0.4,0.29,134,78.2,98,69,C+,A,C+,85,,,,,,,,,,,,,,,
HY,Hyster-Yale Mat Handling,MACHINE,Machinery-Gen Industrial,110,NYSE,40.76,-0.4,-0.16,51,-0.7,10,15,C+,D,C+,24,,,,,,,,,,,,,,,
HYFM,Hydrofarm Holdings Group,MACHINE,Machinery-Gen Industrial,110,NASDAQ,19.37,-6.2,-1.28,655,44.3,38,6,C+,C,C,28,,,,,,,,,,,,,,,
IEX,Idex Corp,MACHINE,Machinery-Gen Industrial,110,NYSE,207.06,-4.2,-9.18,782,290,83,55,C+,A,B-,82,,,,,,,,,,,,,,,
IIN,Intricon Corporation,MACHINE,Machinery-Gen Industrial,110,NASDAQ,15.27,-0.5,-0.07,21,-16.9,38,22,C+,C,B-,34,,,,,,,,,,,,,,,
IR,Ingersoll-Rand Inc,MACHINE,Machinery-Gen Industrial,110,NYSE,56.9,0.2,0.09,862,-34.2,89,89,C+,A,D+,91,,,,,,,,,,,,,,,
ITT,I T T Inc,MACHINE,Machinery-Gen Industrial,110,NYSE,93.51,0.8,0.72,272,30.4,88,65,C+,B,C,81,,,,,,,,,,,,,,,
ITW,Illinois Tool Works Inc,MACHINE,Machinery-Gen Industrial,110,NYSE,236.39,1.4,3.35,1291,125.3,75,77,C+,A,D,79,,,,,,,,,,,,,,,
JBT,John Bean Technologies,MACHINE,Machinery-Gen Industrial,110,NYSE,134.93,-0.5,-0.67,77,-9,78,48,C+,B,D,64,,,,,,,,,,,,,,,
KAI,Kadant Inc,MACHINE,Machinery-Gen Industrial,110,NYSE,207.01,-2,-4.12,23,-2.8,92,89,C+,B,C,94,,,,,,,,,,,,,,,
KRNT,Kornit Digital Ltd,MACHINE,Machinery-Gen Industrial,110,NASDAQ,104.35,-4.7,-5.2,224,-47.9,88,35,C+,B,D+,68,,,,,,,,,,,,,,,
LGL,L G L Group Inc,MACHINE,Machinery-Gen Industrial,110,AMEX,10.64,0.6,0.07,19,99.8,86,44,C+,D,B+,67,,,,,,,,,,,,,,,
MIR,Mirion Technologies Cl A,MACHINE,Machinery-Gen Industrial,110,NYSE,8.54,0,0,587,-34.6,25,23,C+,E,C,23,,,,,,,,,,,,,,,
MNTX,Manitex International,MACHINE,Machinery-Gen Industrial,110,NASDAQ,7.02,-4,-0.29,8,-58,58,85,C+,D,B+,78,,,,,,,,,,,,,,,
MTD,Mettler Toledo Intl Inc,MACHINE,Machinery-Gen Industrial,110,NYSE,1525.32,1.9,28.89,61,-14.2,92,85,C+,A,C,93,,,,,,,,,,,,,,,
NDSN,Nordson Corp,MACHINE,Machinery-Gen Industrial,110,NASDAQ,236.18,0.8,1.76,126,7,82,77,C+,A,B,82,,,,,,,,,,,,,,,
NPO,Enpro Industries Inc,MACHINE,Machinery-Gen Industrial,110,NYSE,105.02,-0.7,-0.78,53,-28.5,96,94,C+,C,B,92,,,,,,,,,,,,,,,
OTIS,Otis Worldwide Corp,MACHINE,Machinery-Gen Industrial,110,NYSE,83.49,-0.1,-0.07,1998,30.1,63,83,C+,-,D-,70,,,,,,,,,,,,,,,
PH,Parker-Hannifin Corp,MACHINE,Machinery-Gen Industrial,110,NYSE,319.88,0.8,2.67,721,54.7,93,81,C+,A,E,85,,,,,,,,,,,,,,,
PNR,Pentair plc,MACHINE,Machinery-Gen Industrial,110,NYSE,62.06,-2.2,-1.37,1123,31.5,71,39,C+,A,C+,68,,,,,,,,,,,,,,,
SOTK,Sono Tek Corp,MACHINE,Machinery-Gen Industrial,110,NASDAQ,6.23,1.1,0.07,4,-92.6,88,98,C+,B,D,88,,,,,,,,,,,,,,,
SPXC,S P X Corp,MACHINE,Machinery-Gen Industrial,110,NYSE,51.92,-1,-0.52,82,-7.2,65,29,C+,C,D,49,,,,,,,,,,,,,,,
SXI,Standex Intl Corp,MACHINE,Machinery-Gen Industrial,110,NYSE,98.38,-0.6,-0.6,22,-16.8,78,65,C+,B,D,71,,,,,,,,,,,,,,,
TAYD,Taylor Devices Inc,MACHINE,Machinery-Gen Industrial,110,NASDAQ,10.47,-0.9,-0.1,0,-58,33,37,C+,C,C,46,,,,,,,,,,,,,,,
TNC,Tennant Co,MACHINE,Machinery-Gen Industrial,110,NYSE,75.96,-1.4,-1.1,16,-25.1,86,55,C+,C,C+,75,,,,,,,,,,,,,,,
TT,Trane Technologies plc,MACHINE,Machinery-Gen Industrial,110,NYSE,164.66,-1.5,-2.52,1807,84.2,69,44,C+,B,E,58,,,,,,,,,,,,,,,
VNT,Vontier Corporation,MACHINE,Machinery-Gen Industrial,110,NYSE,28.26,0.9,0.26,792,-19.7,75,27,C+,A,B+,63,,,,,,,,,,,,,,,
ZWS,Zurn Water Solutions Cp,MACHINE,Machinery-Gen Industrial,110,NYSE,32.05,0.3,0.11,1560,156.3,83,90,C+,B,D,80,Sector,Industry Name,Ind Group Rank,Exchange,Current Price,Price % Chg,Price $ Chg,Volume (1000s),Vol % Chg vs 50-Day,EPS Rating,RS Rating,Ind Group RS,SMR Rating,A/D Rating,Comp Rating
CMCO,Columbus Mckinnon Corp,MACHINE,Machinery-Mtl Hdlg/Autmn,173,NASDAQ,43.86,-0.4,-0.18,54,-14,81,37,D-,B,E,59,,,,,,,,,,,,,,,
DDD,Three D Systems Corp,MACHINE,Machinery-Mtl Hdlg/Autmn,173,NYSE,18.01,-1.3,-0.23,1681,8.4,69,15,D-,D,C-,34,,,,,,,,,,,,,,,
DM,Desktop Metal Inc,MACHINE,Machinery-Mtl Hdlg/Autmn,173,NYSE,3.99,-8.6,-0.38,4749,-6,36,5,D-,D,D+,20,,,,,,,,,,,,,,,
HOLI,Hollysys Automation Tech,MACHINE,Machinery-Mtl Hdlg/Autmn,173,NASDAQ,13.52,0,0,214,-53.5,53,24,D-,B,C,41,,,,,,,,,,,,,,,
HURC,Hurco Companies Inc,MACHINE,Machinery-Mtl Hdlg/Autmn,173,NASDAQ,34.33,4,1.31,9,-42.3,41,65,D-,C,B+,64,,,,,,,,,,,,,,,
MTLS,Materialise Ads,MACHINE,Machinery-Mtl Hdlg/Autmn,173,NASDAQ,20,-3.5,-0.72,239,3.8,69,19,D-,D,D+,33,,,,,,,,,,,,,,,
PRLB,Proto Labs Inc,MACHINE,Machinery-Mtl Hdlg/Autmn,173,NYSE,48.96,-2.6,-1.33,151,-43.1,34,14,D-,B,D-,23,,,,,,,,,,,,,,,
SHPW,Shapeways Holdings Inc,MACHINE,Machinery-Mtl Hdlg/Autmn,173,NYSE,3,-5.4,-0.17,94,-74.5,23,3,D-,D,C+,10,,,,,,,,,,,,,,,
SSYS,Stratasys Ltd,MACHINE,Machinery-Mtl Hdlg/Autmn,173,NASDAQ,23.57,-2.4,-0.58,457,-38,60,30,D-,D,D-,34,,,,,,,,,,,,,,,
VJET,Voxeljet Ag Adr,MACHINE,Machinery-Mtl Hdlg/Autmn,173,NASDAQ,6.35,-6.5,-0.44,17,-31,17,14,D-,E,C,7,,,,,,,,,,,,,,,
VLD,Velo3D Inc,MACHINE,Machinery-Mtl Hdlg/Autmn,173,NYSE,6.25,-5,-0.33,466,-44.3,4,14,D-,E,E,9,,,,,,,,,,,,,,,
EPAC,Enerpac Tool Group Corp,MACHINE,Machinery-Tools & Rel,179,NYSE,17.62,-1,-0.19,105,-14.9,64,22,D-,C,C-,41,,,,,,,,,,,,,,,
KMT,Kennametal Inc,MACHINE,Machinery-Tools & Rel,179,NYSE,34.49,-2.2,-0.77,363,37.4,71,35,D-,C,B-,60,,,,,,,,,,,,,,,
LECO,Lincoln Electric Hldgs,MACHINE,Machinery-Tools & Rel,179,NASDAQ,128.82,-0.2,-0.26,100,-21.9,88,48,D-,A,C+,73,,,,,,,,,,,,,,,
XYL,Xylem Inc,MACHINE,Machinery-Tools & Rel,179,NYSE,103.9,-1,-1.03,788,7.6,63,32,D-,C,E,36,,,,,,,,,,,,,,,
AQUA,Evoqua Water Tech Corp,MACHINE,Pollution Control,112,NYSE,41.96,1.5,0.62,1164,98.9,89,94,C+,B,B-,89,,,,,,,,,,,,,,,
ARIS,Aris Water Solutions ClA,MACHINE,Pollution Control,112,NYSE,12.26,-2.2,-0.28,78,-54,30,33,C+,C,D,47,,,,,,,,,,,,,,,
AWX,Avalon Holdings Corp,MACHINE,Pollution Control,112,AMEX,3.23,-5.3,-0.18,0,-96.7,62,33,C+,D,C,53,,,,,,,,,,,,,,,
CCNC,Code Chain New Conti Ltd,MACHINE,Pollution Control,112,NASDAQ,1.04,-1,-0.01,60,-90.8,5,9,C+,D,B-,16,,,,,,,,,,,,,,,
CECE,Ceco Environmental,MACHINE,Pollution Control,112,NASDAQ,6.11,-2.4,-0.15,60,29.9,20,28,C+,D,A-,33,,,,,,,,,,,,,,,
CHRA,Charah Solutions Inc,MACHINE,Pollution Control,112,NYSE,5.22,-0.7,-0.04,16,-62.6,16,93,C+,E,A-,69,,,,,,,,,,,,,,,
CLH,Clean Harbors Inc,MACHINE,Pollution Control,112,NYSE,93.37,0.1,0.1,149,-27.1,96,44,C+,C,C,77,,,,,,,,,,,,,,,
CLWT,Euro Tech Hldgs Co Ltd,MACHINE,Pollution Control,112,NASDAQ,1.74,6.4,0.11,65,-14.2,13,23,C+,C,B-,32,,,,,,,,,,,,,,,
CWST,Casella Waste Sys Cl A,MACHINE,Pollution Control,112,NASDAQ,77.09,0.8,0.6,147,-4.2,64,81,C+,C,C-,78,,,,,,,,,,,,,,,
DCI,Donaldson Co,MACHINE,Pollution Control,112,NYSE,55.57,-0.7,-0.4,161,-47,82,32,C+,A,B-,69,,,,,,,,,,,,,,,
ECOL,U S Ecology Inc,MACHINE,Pollution Control,112,NASDAQ,28.63,-0.1,-0.02,142,25.3,21,25,C+,D,D-,23,,,,,,,,,,,,,,,
FTEK,Fuel Tech Inc,MACHINE,Pollution Control,112,NASDAQ,1.16,-5.7,-0.07,106,-66.6,23,10,C+,D,D+,14,,,,,,,,,,,,,,,
GFL,G F L Environmental Inc,MACHINE,Pollution Control,112,NYSE,32.71,-2.3,-0.78,597,-42.9,67,44,C+,C,B-,75,,,,,,,,,,,,,,,
HCCI,Heritage-Crystal Clean,MACHINE,Pollution Control,112,NASDAQ,28.43,-1.4,-0.41,38,-2.8,92,55,C+,C,D+,82,,,,,,,,,,,,,,,
HDSN,Hudson Technologies,MACHINE,Pollution Control,112,NASDAQ,3.86,1.3,0.05,211,14.9,69,98,C+,D,C,79,,,,,,,,,,,,,,,
LICY,Li Cycle Holdings Corp,MACHINE,Pollution Control,112,NYSE,7.53,-3.2,-0.25,1051,-27.4,2,17,C+,E,D+,18,,,,,,,,,,,,,,,
LIQT,Liqtech International,MACHINE,Pollution Control,112,NASDAQ,6,2,0.12,48,5.2,27,48,C+,E,B+,39,,,,,,,,,,,,,,,
MEG,Montrose Environmentl Gp,MACHINE,Pollution Control,112,NYSE,44.26,-4.5,-2.09,107,-40.1,31,27,C+,D,E,30,,,,,,,,,,,,,,,
PESI,Perma-Fix Environ Svcs,MACHINE,Pollution Control,112,NASDAQ,5.97,2.1,0.12,0,-97.2,40,30,C+,D,D-,30,,,,,,,,,,,,,,,
PPIH,Perma Pipe Intl Hldgs,MACHINE,Pollution Control,112,NASDAQ,8.57,-1.3,-0.11,3,-83.1,69,93,C+,D,A-,88,,,,,,,,,,,,,,,
PYR,Pyrogenesis Canada Inc,MACHINE,Pollution Control,112,NASDAQ,2.67,-3.6,-0.1,394,-73.7,8,14,C+,B,C,29,,,,,,,,,,,,,,,
QRHC,Quest Resource Holding,MACHINE,Pollution Control,112,NASDAQ,6.94,6.6,0.43,88,22.8,41,98,C+,C,B,81,,,,,,,,,,,,,,,
RENO,Renovare Environmental,MACHINE,Pollution Control,112,NASDAQ,0.53,-3.6,-0.02,81,-79,40,4,C+,D,E,19,,,,,,,,,,,,,,,
RSG,Republic Services Inc,MACHINE,Pollution Control,112,NYSE,128.83,2.3,2.85,1166,88.4,86,85,C+,B,E,77,,,,,,,,,,,,,,,
SMED,Sharps Compliance Corp,MACHINE,Pollution Control,112,NASDAQ,6.67,-1.3,-0.09,37,-50.5,13,15,C+,A,B-,31,,,,,,,,,,,,,,,
SRCL,Stericycle Inc,MACHINE,Pollution Control,112,NASDAQ,60.14,1.3,0.79,239,12.6,45,30,C+,D,B-,37,,,,,,,,,,,,,,,
TISI,Team Inc,MACHINE,Pollution Control,112,NYSE,0.71,-6.3,-0.05,325,-22.2,4,1,C+,E,C-,2,,,,,,,,,,,,,,,
TOMZ,TOMI Environmental Soltn,MACHINE,Pollution Control,112,NASDAQ,1.14,-0.9,-0.01,56,-97.2,8,13,C+,C,B,17,,,,,,,,,,,,,,,
TTEK,Tetra Tech Inc,MACHINE,Pollution Control,112,NASDAQ,141.42,0,-0.03,208,-4.4,87,55,C+,B,D+,72,,,,,,,,,,,,,,,
WCN,Waste Connections Inc,MACHINE,Pollution Control,112,NYSE,126.34,1.2,1.52,1237,70.3,86,69,C+,B,D,78,,,,,,,,,,,,,,,
WM,Waste Management Inc,MACHINE,Pollution Control,112,NYSE,148.5,-0.8,-1.26,2922,137.6,84,79,C+,A,E,78,,,,,,,,,,,,,,,
EDUC,Educational Development,MEDIA,Media-Books,115,NASDAQ,7.56,-0.5,-0.04,4,-78.7,58,15,C,B,E,30,,,,,,,,,,,,,,,
HMHC,Houghton Mifflin Harct,MEDIA,Media-Books,115,NASDAQ,18.96,1.4,0.26,973,24.3,69,99,C,E,A,86,,,,,,,,,,,,,,,
JWA,John Wiley & Sons Cl A,MEDIA,Media-Books,115,NYSE,52.24,-0.1,-0.03,95,-56.2,60,52,C,B,C+,65,,,,,,,,,,,,,,,
JWB,John Wiley & Sons Cl B,MEDIA,Media-Books,115,NYSE,51.88,0,0,0,0,60,35,C,B,C+,58,,,,,,,,,,,,,,,
PSO,Pearson Plc Adr,MEDIA,Media-Books,115,NYSE,8.54,-0.2,-0.02,317,-23.6,73,31,C,C,C-,52,,,,,,,,,,,,,,,
SCHL,Scholastic Corp,MEDIA,Media-Books,115,NASDAQ,40.82,-1,-0.43,49,-28.3,51,95,C,C,A,87,,,,,,,,,,,,,,,
BATRA,Liberty Media Sr A LibBr,MEDIA,Media-Diversified,123,NASDAQ,26.86,-0.6,-0.17,60,41.7,69,42,C,C,C-,61,,,,,,,,,,,,,,,
BATRK,Liberty Media Sr C LibBr,MEDIA,Media-Diversified,123,NASDAQ,26.11,-0.3,-0.08,49,-12.9,69,37,C,C,D-,59,,,,,,,,,,,,,,,
DIS,Walt Disney Company,MEDIA,Media-Diversified,123,NYSE,142.6,-1.3,-1.89,6230,-38.3,64,26,C,C,E,40,,,,,,,,,,,,,,,
FOX,Fox Corporation Cl B,MEDIA,Media-Diversified,123,NASDAQ,37.33,0.9,0.34,835,8.1,49,81,C,B,B+,73,,,,,,,,,,,,,,,
FOXA,Fox Corporation Cl A,MEDIA,Media-Diversified,123,NASDAQ,40.7,1,0.39,1579,-26,49,86,C,B,B,74,,,,,,,,,,,,,,,
FWONA,Liberty Media SrA FrmOne,MEDIA,Media-Diversified,123,NASDAQ,55.06,0.4,0.21,108,-9.4,69,94,C,D,D+,74,,,,,,,,,,,,,,,
FWONK,Liberty Media SrC FrmOne,MEDIA,Media-Diversified,123,NASDAQ,60.58,0.7,0.41,575,-36.3,69,94,C,D,D+,75,,,,,,,,,,,,,,,
GHC,Graham Holdings Co Cl B,MEDIA,Media-Diversified,123,NYSE,582.3,-1.5,-9,12,-40.3,60,52,C,C,B-,65,,,,,,,,,,,,,,,
GNUS,Genius Brands Intl,MEDIA,Media-Diversified,123,NASDAQ,0.83,-5.3,-0.05,2932,-46,10,11,C,C,E,20,,,,,,,,,,,,,,,
IDW,IDW Media Holdings Cl B,MEDIA,Media-Diversified,123,AMEX,2,-4.3,-0.09,68,-15.3,31,12,C,E,D,17,,,,,,,,,,,,,,,
LBRDA,Liberty Broadband Cl A,MEDIA,Media-Diversified,123,NASDAQ,148.6,0.5,0.77,169,-3.7,49,37,C,A,B-,68,,,,,,,,,,,,,,,
LBRDK,Liberty Broadband Cl C,MEDIA,Media-Diversified,123,NASDAQ,151.65,0.6,0.85,679,-5.6,49,37,C,A,E,59,,,,,,,,,,,,,,,
LSXMA,Liberty Media Sr A LibSr,MEDIA,Media-Diversified,123,NASDAQ,48.04,-0.1,-0.04,1192,121.9,69,72,C,D,C+,67,,,,,,,,,,,,,,,
LSXMB,Liberty Media Sr B LibSr,MEDIA,Media-Diversified,123,NASDAQ,48.48,0,0,0,0,69,48,C,D,B-,61,,,,,,,,,,,,,,,
LSXMK,Liberty Media Sr C LibSr,MEDIA,Media-Diversified,123,NASDAQ,48.37,-0.2,-0.09,510,1.3,69,77,C,D,C,68,,,,,,,,,,,,,,,
SONY,Sony Group Corp Ads,MEDIA,Media-Diversified,123,NYSE,112.43,-0.1,-0.13,1389,90.6,65,77,C,B,D,71,,,,,,,,,,,,,,,
TV,Grupo Televisa S A Gds,MEDIA,Media-Diversified,123,NYSE,10.42,0,0,780,-26.8,28,55,C,C,A-,54,,,,,,,,,,,,,,,
VIAC,Viacomcbs Inc Cl B,MEDIA,Media-Diversified,123,NASDAQ,33.04,-2,-0.66,6634,-47.1,43,27,C,B,C,34,,,,,,,,,,,,,,,
VIACA,Viacomcbs Inc Cl A,MEDIA,Media-Diversified,123,NASDAQ,36.05,-2.2,-0.82,65,-10,43,29,C,B,B-,37,,,,,,,,,,,,,,,
WWE,World Wrestling Entmnt,MEDIA,Media-Diversified,123,NYSE,49.4,-1.1,-0.57,327,-2.3,71,32,C,B,D-,54,,,,,,,,,,,,,,,
DALN,Dallasnews Corp Cl A,MEDIA,Media-Newspapers,144,NASDAQ,7.04,-3.8,-0.28,37,142.2,31,55,D+,E,B-,35,,,,,,,,,,,,,,,
DJCO,Daily Journal Corp,MEDIA,Media-Newspapers,144,NASDAQ,306.05,-2,-6.25,3,98.3,31,42,D+,B,E,36,,,,,,,,,,,,,,,
GCI,Gannett Company Inc,MEDIA,Media-Newspapers,144,NYSE,5.41,2,0.11,1453,34.9,69,65,D+,E,B,61,,,,,,,,,,,,,,,
LEE,Lee Enterprises Inc,MEDIA,Media-Newspapers,144,NASDAQ,37.11,-0.3,-0.1,40,-52.8,69,99,D+,A,B+,84,,,,,,,,,,,,,,,
NWS,News Corporation Cl B,MEDIA,Media-Newspapers,144,NASDAQ,22.45,0.9,0.2,321,-15.8,82,65,D+,C,D+,68,,,,,,,,,,,,,,,
NWSA,News Corporation Cl A,MEDIA,Media-Newspapers,144,NASDAQ,22.43,0.8,0.17,2466,22.2,82,48,D+,C,B,67,,,,,,,,,,,,,,,
NYT,New York Times Co Cl A,MEDIA,Media-Newspapers,144,NYSE,41.86,1.5,0.6,2458,180.2,85,26,D+,B,B-,62,,,,,,,,,,,,,,,
AXR,Amrep Corp,MEDIA,Media-Periodicals,7,NYSE,12.06,0.5,0.06,81,370.7,69,75,A+,A,D-,86,,,,,,,,,,,,,,,
RELX,RELX Plc Ads,MEDIA,Media-Periodicals,7,NYSE,31.42,1.8,0.55,638,-4.6,68,84,A+,A,D-,87,,,,,,,,,,,,,,,
VALU,Value Line Inc,MEDIA,Media-Periodicals,7,NASDAQ,58.29,-1.3,-0.75,14,-34.6,89,99,A+,B,A,96,,,,,,,,,,,,,,,
AMCX,Amc Networks Inc,MEDIA,Media-Radio/Tv,103,NASDAQ,41.35,-1.6,-0.67,154,-51.6,89,42,C+,A,B+,70,,,,,,,,,,,,,,,
AUD,Audacy Inc,MEDIA,Media-Radio/Tv,103,NYSE,2.35,-2.9,-0.07,267,-48.8,23,14,C+,D,D-,22,,,,,,,,,,,,,,,
AUUD,Auddia Inc,MEDIA,Media-Radio/Tv,103,NASDAQ,1.67,-4.6,-0.08,43,-91.5,10,14,C+,-,D+,13,,,,,,,,,,,,,,,
BBGI,Beasley Broadcast Grp A,MEDIA,Media-Radio/Tv,103,NASDAQ,1.88,-1.1,-0.02,31,-29.5,51,25,C+,D,D,37,,,,,,,,,,,,,,,
CMLS,Cumulus Media Inc Cl A,MEDIA,Media-Radio/Tv,103,NASDAQ,10.48,-0.1,-0.01,7,-73.7,59,55,C+,D,B,61,,,,,,,,,,,,,,,
DISCA,Discovery Inc Cl A,MEDIA,Media-Radio/Tv,103,NASDAQ,27.85,2.5,0.68,9452,33.1,55,37,C+,B,C-,47,,,,,,,,,,,,,,,
DISCB,Discovery Inc Cl B,MEDIA,Media-Radio/Tv,103,NASDAQ,31.5,1.4,0.45,4,-3.8,55,15,C+,B,D+,36,,,,,,,,,,,,,,,
DISCK,Discovery Inc Cl C,MEDIA,Media-Radio/Tv,103,NASDAQ,27.6,2.5,0.68,7095,78.7,55,60,C+,B,D+,57,,,,,,,,,,,,,,,
EVC,Entravision Communctns A,MEDIA,Media-Radio/Tv,103,NYSE,5.86,-1.3,-0.08,243,-40.9,62,91,C+,C,C,74,,,,,,,,,,,,,,,
GTN,Gray Television Inc,MEDIA,Media-Radio/Tv,103,NYSE,21.11,-0.2,-0.04,283,-45.4,73,52,C+,B,D-,62,,,,,,,,,,,,,,,
GTNA,Gray Television Cl A,MEDIA,Media-Radio/Tv,103,NYSE,19.85,0,0,0,0,73,60,C+,B,B,72,,,,,,,,,,,,,,,
HMTV,Hemisphere Media Gr Cl A,MEDIA,Media-Radio/Tv,103,NASDAQ,6.1,-6.2,-0.4,32,-38.7,15,11,C+,C,E,24,,,,,,,,,,,,,,,
IHRT,Iheartmedia Inc Cl A,MEDIA,Media-Radio/Tv,103,NASDAQ,20,-1.2,-0.25,353,6.9,59,85,C+,E,B-,68,,,,,,,,,,,,,,,
MDIA,Mediaco Holding Inc Cl A,MEDIA,Media-Radio/Tv,103,NASDAQ,5.73,-1,-0.06,7,-93.9,53,91,C+,D,A,68,,,,,,,,,,,,,,,
NXST,Nexstar Media Group Cl A,MEDIA,Media-Radio/Tv,103,NASDAQ,173.51,2.5,4.25,340,14.2,88,91,C+,A,B+,90,,,,,,,,,,,,,,,
ONDS,Ondas Holdings Inc,MEDIA,Media-Radio/Tv,103,NASDAQ,4.81,-8.7,-0.46,469,-31.6,27,14,C+,E,E,14,,,,,,,,,,,,,,,
SALM,Salem Media Group Cl A,MEDIA,Media-Radio/Tv,103,NASDAQ,3.28,-1.8,-0.06,149,-29.2,69,97,C+,D,C+,69,,,,,,,,,,,,,,,
SBGI,Sinclair Broadcast Group,MEDIA,Media-Radio/Tv,103,NASDAQ,27.7,0.6,0.17,466,-28.4,30,42,C+,B,B-,44,,,,,,,,,,,,,,,
SGA,Saga Communications,MEDIA,Media-Radio/Tv,103,NASDAQ,22.5,1.7,0.38,6,1.2,69,60,C+,D,B-,72,,,,,,,,,,,,,,,
SSP,Scripps E W Co Cl A,MEDIA,Media-Radio/Tv,103,NASDAQ,20.43,0.2,0.05,97,-39.9,24,84,C+,B,C-,67,,,,,,,,,,,,,,,
TGNA,Tegna Inc,MEDIA,Media-Radio/Tv,103,NYSE,19.93,0.3,0.06,872,-22,74,81,C+,A,D-,75,,,,,,,,,,,,,,,
TSQ,Townsquare Media Cl A,MEDIA,Media-Radio/Tv,103,NYSE,12.85,1.3,0.17,4,-78.3,69,81,C+,D,D-,79,,,,,,,,,,,,,,,
UONE,Urban One Inc Cl A,MEDIA,Media-Radio/Tv,103,NASDAQ,5.92,2.2,0.13,478,102.7,69,22,C+,D,B-,43,,,,,,,,,,,,,,,
UONEK,Urban One Inc Cl D,MEDIA,Media-Radio/Tv,103,NASDAQ,4.63,0.7,0.03,176,57,69,97,C+,D,B+,79,,,,,,,,,,,,,,,