Symbol,Name,Sector,Industry Name,Ind Group Rank,Exchange,Current Price,Price % Chg,Price $ Chg,Volume (1000s),Vol % Chg vs 50-Day,EPS Rating,RS Rating,Ind Group RS,SMR Rating,A/D Rating,Comp Rating
ACHR,Archer Aviation Inc Cl A,AEROSPACE,Aerospace/Defense,106,NYSE,2.95,-7.1,-0.23,1364,-23.9,1,3,C+,-,E,4
AIR,A A R Corp,AEROSPACE,Aerospace/Defense,106,NYSE,40.7,0,-0.02,173,-23.4,81,88,C+,D,B,83
AIRI,Air Industries Group Inc,AEROSPACE,Aerospace/Defense,106,NYSE,0.87,-0.3,0,28,-88.3,54,18,C+,C,D,32
AJRD,Aerojet Rocketdyne Hldgs,AEROSPACE,Aerospace/Defense,106,NYSE,38.15,-1.6,-0.61,669,9.7,94,27,C+,B,C+,67
ASLE,Aersale Corporation,AEROSPACE,Aerospace/Defense,106,NASDAQ,14.12,-1.8,-0.27,92,-29.3,30,37,C+,C,C-,39
ASTR,Astra Space Inc Cl A,AEROSPACE,Aerospace/Defense,106,NASDAQ,5.03,0.5,0.03,4058,-28.5,15,7,C+,-,E,8
ATRO,Astronics Corp Cl A,AEROSPACE,Aerospace/Defense,106,NASDAQ,11.96,-0.4,-0.05,125,-2.2,20,26,C+,E,C-,25
AVAV,Aerovironment Inc,AEROSPACE,Aerospace/Defense,106,NASDAQ,56.62,-1.8,-1.01,86,-58.4,61,11,C+,C,D,38
AZ,A2Z Smart Technologies,AEROSPACE,Aerospace/Defense,106,NASDAQ,6.45,12.1,0.7,64,3.8,2,11,C+,E,-,15
BA,Boeing Co,AEROSPACE,Aerospace/Defense,106,NYSE,207.94,-0.1,-0.31,6558,-28.6,44,48,C+,-,D+,37
CAE,C A E Inc,AEROSPACE,Aerospace/Defense,106,NYSE,25.99,0.7,0.18,338,40.3,72,31,C+,C,D-,57
CODA,Coda Octopus Group Inc,AEROSPACE,Aerospace/Defense,106,NASDAQ,6.06,1.7,0.1,54,289.7,69,18,C+,B,D-,44
CVU,C P I Aerostructures Inc,AEROSPACE,Aerospace/Defense,106,AMEX,2.26,-3,-0.07,10,-81.3,69,16,C+,-,D+,33
CW,Curtiss-Wright Corp,AEROSPACE,Aerospace/Defense,106,NYSE,133.27,0.4,0.56,157,48.9,79,84,C+,B,D+,77
DCO,Ducommun Co Inc,AEROSPACE,Aerospace/Defense,106,NYSE,42.91,-1.4,-0.63,22,16,88,25,C+,D,B,54
DPRO,Draganfly Inc,AEROSPACE,Aerospace/Defense,106,NASDAQ,1.25,2.6,0.03,115,-52.6,33,2,C+,E,E,17
EH,Ehang Holdings Ltd Cl A,AEROSPACE,Aerospace/Defense,106,NASDAQ,15.95,-3.3,-0.55,282,-62.8,5,11,C+,E,D+,4
ERJ,Embraer Sa Adr,AEROSPACE,Aerospace/Defense,106,NYSE,15.24,-3.1,-0.49,1910,-1.4,57,96,C+,D,C,76
ESLT,Elbit Systems Ltd,AEROSPACE,Aerospace/Defense,106,NASDAQ,167.91,2.3,3.79,36,10.8,85,91,C+,B,C-,87
ESP,Espey Mfg & Electronics,AEROSPACE,Aerospace/Defense,106,AMEX,13.05,-1.5,-0.2,0,-90.6,44,27,C+,E,C-,31
EVTL,Vertical Aerospace Ltd,AEROSPACE,Aerospace/Defense,106,NYSE,7.08,-7.7,-0.59,160,-75.5,20,22,C+,-,D,22
GD,General Dynamics Corp,AEROSPACE,Aerospace/Defense,106,NYSE,214.18,0.6,1.31,1030,45.8,56,89,C+,B,C+,72
HEI,Heico Corporation,AEROSPACE,Aerospace/Defense,106,NYSE,138.95,1.4,1.94,296,21.9,87,72,C+,B,C+,83
HEIA,Heico Corp Cl A,AEROSPACE,Aerospace/Defense,106,NYSE,114.77,4.3,4.78,536,49.5,87,35,C+,B,E,62
HII,Huntington Ingalls Inds,AEROSPACE,Aerospace/Defense,106,NYSE,186.8,0.7,1.28,222,19.7,58,48,C+,B,B,64
HXL,Hexcel Corp,AEROSPACE,Aerospace/Defense,106,NYSE,53.3,-0.5,-0.29,351,-35.7,69,55,C+,E,C,71
ISSC,Innovative Sltn & Supprt,AEROSPACE,Aerospace/Defense,106,NASDAQ,7.02,-0.6,-0.04,14,-34.5,63,84,C+,B,B-,80
JOBY,Joby Aviation Inc,AEROSPACE,Aerospace/Defense,106,NYSE,3.94,-3.9,-0.16,4132,38,45,4,C+,-,E,17
KAMN,Kaman Corporation,AEROSPACE,Aerospace/Defense,106,NYSE,40.1,-0.4,-0.16,65,-38.1,51,39,C+,D,B,45
KTOS,Kratos Def & Sec Sol Inc,AEROSPACE,Aerospace/Defense,106,NASDAQ,16.8,-1.4,-0.23,534,-20.9,79,17,C+,C,B-,42
LHX,L3Harris Technologies,AEROSPACE,Aerospace/Defense,106,NYSE,211.91,0.9,1.99,1429,42.8,85,60,C+,C,D+,69
LILM,Lilium N V Cl A,AEROSPACE,Aerospace/Defense,106,NASDAQ,5.24,0.6,0.03,362,-41,42,8,C+,-,D-,22
LMT,Lockheed Martin Corp,AEROSPACE,Aerospace/Defense,106,NYSE,387.46,0.1,0.45,1311,5.3,86,88,C+,B,A-,89
MAXR,Maxar Technologies Ltd,AEROSPACE,Aerospace/Defense,106,NYSE,25.41,-3.3,-0.88,534,-12.2,30,28,C+,E,B+,31
MNTS,Momentus Inc Cl A,AEROSPACE,Aerospace/Defense,106,NASDAQ,3.55,-0.6,-0.02,312,-41.2,60,1,C+,-,D,23
MOGA,Moog Inc Cl A,AEROSPACE,Aerospace/Defense,106,NYSE,76.67,-2.1,-1.66,83,-32.7,62,65,C+,C,B-,65
MOGB,Moog Inc Cl B,AEROSPACE,Aerospace/Defense,106,NYSE,77.05,0,0,0,0,62,52,C+,C,D-,54
MRCY,Mercury Systems Inc,AEROSPACE,Aerospace/Defense,106,NASDAQ,52.03,-7.6,-4.26,2217,334.8,67,37,C+,B,D+,54
NOC,Northrop Grumman Corp,AEROSPACE,Aerospace/Defense,106,NYSE,371.75,0.3,1.17,562,1.7,73,83,C+,C,D+,72
NPK,National Presto Ind,AEROSPACE,Aerospace/Defense,106,NYSE,82.41,-0.4,-0.31,17,-18.6,29,35,C+,B,B+,45
OSIS,O S I Systems Inc,AEROSPACE,Aerospace/Defense,106,NASDAQ,82.5,-0.7,-0.62,111,64.7,71,31,C+,B,E,50
POWW,AMMO Inc,AEROSPACE,Aerospace/Defense,106,NASDAQ,4.35,-6.5,-0.3,2208,27.8,69,18,C+,C,D-,42
RADA,Rada Electronic Inds Ltd,AEROSPACE,Aerospace/Defense,106,NASDAQ,9.41,-2.4,-0.23,121,-66.8,69,29,C+,A,B+,72
RDW,Redwire Corporation,AEROSPACE,Aerospace/Defense,106,NYSE,5.29,-4.1,-0.23,143,-76.9,8,8,C+,-,E,8
RKLB,Rocket Lab U S A Inc,AEROSPACE,Aerospace/Defense,106,NASDAQ,9.4,-0.9,-0.09,1496,-47.1,8,25,C+,D,E,14
RTX,Raytheon Technologies,AEROSPACE,Aerospace/Defense,106,NYSE,92.59,2.1,1.86,4312,14.7,68,85,C+,B,D+,72
SATL,Satellogic Inc Cl A,AEROSPACE,Aerospace/Defense,106,NASDAQ,5.7,-0.3,-0.02,250,180.9,2,12,C+,-,E,9
SIF,Sifco Industries Inc,AEROSPACE,Aerospace/Defense,106,AMEX,6.4,-2.6,-0.17,3,-72.2,8,18,C+,E,D+,14
SPCE,Virgin Galactic Holdings,AEROSPACE,Aerospace/Defense,106,NYSE,9.41,-3.2,-0.32,10486,-17.7,27,4,C+,E,E,9
SPIR,Spire Global Inc Cl A,AEROSPACE,Aerospace/Defense,106,NYSE,2.68,5.9,0.15,1165,22,23,2,C+,E,D-,12
SPR,Spirit Aerosystems Hldgs,AEROSPACE,Aerospace/Defense,106,NYSE,46.57,2.7,1.24,2327,59,42,84,C+,E,C,65
SVT,Servotronics Inc,AEROSPACE,Aerospace/Defense,106,AMEX,13.55,-2.5,-0.35,6,32.6,62,97,C+,E,B,77
TATT,T A T Technologies Ltd,AEROSPACE,Aerospace/Defense,106,NASDAQ,6.18,-1.7,-0.11,12,-4.6,17,79,C+,E,C+,42
TDG,Transdigm Group Inc,AEROSPACE,Aerospace/Defense,106,NYSE,628.44,0.6,3.96,146,-39,77,72,C+,-,D-,64
TDY,Teledyne Tech Inc,AEROSPACE,Aerospace/Defense,106,NYSE,428.32,1.4,6.02,209,55.2,95,55,C+,A,D,82
TGI,Triumph Group Inc,AEROSPACE,Aerospace/Defense,106,NYSE,18.77,1,0.18,831,84.4,69,84,C+,-,C-,65
TXT,Textron Inc,AEROSPACE,Aerospace/Defense,106,NYSE,69.94,1.6,1.07,831,8.9,55,83,C+,C,D-,65
VORB,Virgin Orbit Holdngs,AEROSPACE,Aerospace/Defense,106,NASDAQ,8.67,-3.6,-0.32,150,-87.4,8,35,C+,-,B-,33
WWD,Woodward Inc,AEROSPACE,Aerospace/Defense,106,NASDAQ,112.08,2.4,2.62,329,73.8,44,39,C+,D,D+,42
AGFY,Agrify Corporation,AGRICULTRE,Agricultural Operations,84,NASDAQ,6.42,0.5,0.03,804,33.3,6,5,B-,-,E,5
AGRI,Agriforce Growing Syst,AGRICULTRE,Agricultural Operations,84,NASDAQ,1.69,15.2,0.22,1127,632.9,2,6,B-,-,B-,13
AGRO,Adecoagro Sa,AGRICULTRE,Agricultural Operations,84,NYSE,8.06,-2.1,-0.17,343,-59.3,83,42,B-,A,C,70
ALCO,Alico Inc,AGRICULTRE,Agricultural Operations,84,NASDAQ,35.43,-0.7,-0.26,34,5.2,42,81,B-,C,D,71
APPH,Appharvest Inc,AGRICULTRE,Agricultural Operations,84,NASDAQ,3.1,-4.5,-0.15,1170,-4.4,2,2,B-,-,D+,6
AVO,Mission Produce Inc,AGRICULTRE,Agricultural Operations,84,NASDAQ,13.96,-0.4,-0.06,59,-45.4,37,18,B-,C,D-,32
BG,Bunge Ltd,AGRICULTRE,Agricultural Operations,84,NYSE,100.97,0.9,0.94,1039,66.7,93,94,B-,A,B+,95
BHIL,Benson Hill Inc,AGRICULTRE,Agricultural Operations,84,NYSE,2.98,-9.6,-0.32,393,3.5,17,4,B-,E,E,9
BIOX,Bioceres Crop Sol Corp,AGRICULTRE,Agricultural Operations,84,NASDAQ,12.15,-3.8,-0.48,19,-22.1,40,83,B-,C,C+,67
CTVA,Corteva Inc,AGRICULTRE,Agricultural Operations,84,NYSE,48.12,0.4,0.19,2303,55.8,48,85,B-,C,D,77
DAR,Darling Ingredients Inc,AGRICULTRE,Agricultural Operations,84,NYSE,63.83,-0.2,-0.1,653,-34.3,96,29,B-,B,D,74
EVGN,Evogene Ltd,AGRICULTRE,Agricultural Operations,84,NASDAQ,1.34,-3.6,-0.05,412,35.7,22,4,B-,D,E,8
LMNR,Limoneira Co,AGRICULTRE,Agricultural Operations,84,NASDAQ,14.7,0.1,0.01,75,105.1,50,31,B-,E,D,40
LND,Brasilagro Bra Agri Rea,AGRICULTRE,Agricultural Operations,84,NYSE,5.47,-1.1,-0.06,22,-14.5,37,87,B-,A,B,76
LOCL,Local Bounti Corporation,AGRICULTRE,Agricultural Operations,84,NYSE,4.74,1.7,0.08,79,-61.3,8,7,B-,-,E,8
RKDA,Arcadia Biosciences Inc,AGRICULTRE,Agricultural Operations,84,NASDAQ,0.89,-1.8,-0.02,128,-88,49,4,B-,D,D-,30
SANW,S & W Seed Company,AGRICULTRE,Agricultural Operations,84,NASDAQ,2.3,-2.3,-0.06,8,-85.3,28,15,B-,E,D-,26
SEED,Origin Agritech Limited,AGRICULTRE,Agricultural Operations,84,NASDAQ,4.45,-5.7,-0.27,71,31.7,2,4,B-,-,D-,2
UGRO,Urban-gro Inc,AGRICULTRE,Agricultural Operations,84,NASDAQ,9.66,-2.7,-0.27,112,-17.4,60,48,B-,-,B-,53
VFF,Village Farms Intl Inc,AGRICULTRE,Agricultural Operations,84,NASDAQ,5.15,-4.5,-0.25,395,-49.2,13,11,B-,C,D+,25
YTEN,Yield10 Bioscience Inc,AGRICULTRE,Agricultural Operations,84,NASDAQ,3.76,1.3,0.05,44,-0.9,39,7,B-,E,D-,14
AVD,American Vanguard Corp,AGRICULTRE,Chemicals-Agricultural,8,NYSE,15.02,-1.4,-0.22,42,-40.7,74,35,A+,C,D+,67
CF,C F Industries Holdings,AGRICULTRE,Chemicals-Agricultural,8,NYSE,74.86,0.5,0.39,3275,41.4,95,98,A+,B,A,99
CGA,China Green Agriculture,AGRICULTRE,Chemicals-Agricultural,8,NYSE,8.9,4.6,0.39,2,-81.5,41,42,A+,E,D-,40
FMC,F M C Corp,AGRICULTRE,Chemicals-Agricultural,8,NYSE,112.79,1.1,1.24,543,14.2,84,83,A+,B,B-,94
ICL,I C L Group Ltd,AGRICULTRE,Chemicals-Agricultural,8,NYSE,9.31,-0.6,-0.06,198,-26.8,76,96,A+,B,C-,98
IPI,Intrepid Potash Inc,AGRICULTRE,Chemicals-Agricultural,8,NYSE,45.49,9,3.76,298,332.6,69,93,A+,D,B-,93
LXU,L S B Industries Inc,AGRICULTRE,Chemicals-Agricultural,8,NYSE,10.76,2,0.21,180,-11.1,69,99,A+,D,B,97
MBII,Marrone Bio Innovations,AGRICULTRE,Chemicals-Agricultural,8,NASDAQ,0.7,-2.1,-0.02,274,-27.8,30,13,A+,E,B-,35
MOS,Mosaic Company,AGRICULTRE,Chemicals-Agricultural,8,NYSE,44.3,1.6,0.71,5807,69.5,77,96,A+,B,B-,99
NTR,Nutrien Ltd,AGRICULTRE,Chemicals-Agricultural,8,NYSE,73.82,1,0.71,1500,-29.2,97,94,A+,C,C-,99
SMG,Scotts Miracle-Gro Co,AGRICULTRE,Chemicals-Agricultural,8,NYSE,141.38,-3.6,-5.31,732,144.3,45,25,A+,B,B-,56
SQM,Sociedad Quimica Y Minra,AGRICULTRE,Chemicals-Agricultural,8,NYSE,54.85,-3.3,-1.87,766,-38,68,75,A+,B,B-,95
SVFD,Save Foods Inc,AGRICULTRE,Chemicals-Agricultural,8,NASDAQ,4.33,-0.5,-0.02,54,-90.2,1,9,A+,-,C,25
UAN,C V R Partners Lp,AGRICULTRE,Chemicals-Agricultural,8,NYSE,104.85,0.4,0.44,46,-14,69,99,A+,D,B,94
AGCO,A G C O Corp,AGRICULTRE,Machinery-Farm,130,NYSE,116.78,-1.2,-1.45,572,44.1,94,35,C-,B,D-,66
ALG,Alamo Group Inc,AGRICULTRE,Machinery-Farm,130,NYSE,136.01,-2.7,-3.78,35,91.5,74,35,C-,C,D,60
ARTW,Arts-Way Mfg Co,AGRICULTRE,Machinery-Farm,130,NASDAQ,3.33,-2.3,-0.08,0,-98.2,69,48,C-,E,C,46
DE,Deere & Co,AGRICULTRE,Machinery-Farm,130,NYSE,375.03,-0.8,-2.85,1233,-9.3,97,84,C-,A,B-,92
LNN,Lindsay Corporation,AGRICULTRE,Machinery-Farm,130,NYSE,125.11,-2.3,-2.98,28,10.6,45,25,C-,B,B,56
UAVS,Ageagle Aerial Systems,AGRICULTRE,Machinery-Farm,130,AMEX,1.13,-8.9,-0.11,1379,-31.2,14,1,C-,D,E,7
ABEV,Ambev SA Adr,ALCOHL/TOB,Beverages-Alcoholic,78,NYSE,2.76,-2.3,-0.07,11674,-36.4,77,44,B,A,B-,70
BFA,Brown Forman Corp ClassA,ALCOHL/TOB,Beverages-Alcoholic,78,NYSE,63.31,0.7,0.46,14,-61.1,47,37,B,A,C,56
BFB,Brown Forman Corp Cl B,ALCOHL/TOB,Beverages-Alcoholic,78,NYSE,68.37,1.3,0.88,477,-53.5,47,39,B,A,D,54
BUD,Anheuser Busch Inbev Adr,ALCOHL/TOB,Beverages-Alcoholic,78,NYSE,63.94,0.4,0.29,859,-40.1,44,65,B,C,C,65
CCU,Compania Cervecerias Adr,ALCOHL/TOB,Beverages-Alcoholic,78,NYSE,16.46,-0.5,-0.08,64,-35.6,78,37,B,C,B-,72
DEO,Diageo Plc Ads,ALCOHL/TOB,Beverages-Alcoholic,78,NYSE,210.07,1.9,3.87,287,15.9,74,85,B,A,C,88
EAST,Eastside Distilling Inc,ALCOHL/TOB,Beverages-Alcoholic,78,NASDAQ,1.01,-16.6,-0.2,273,293.7,40,10,B,E,E,16
MGPI,M G P Ingredients Inc,ALCOHL/TOB,Beverages-Alcoholic,78,NASDAQ,78.06,1,0.77,70,-22.9,94,94,B,A,C+,97
NAPA,Duckhorn Portfolio Inc,ALCOHL/TOB,Beverages-Alcoholic,78,NYSE,20.12,0.9,0.18,343,18.8,60,60,B,B,B,75
SAM,Boston Beer Company,ALCOHL/TOB,Beverages-Alcoholic,78,NYSE,415.18,-2.3,-9.89,145,-26.3,60,14,B,B,B-,45
SBEV,Splash Beverage Group,ALCOHL/TOB,Beverages-Alcoholic,78,AMEX,3.82,-3.5,-0.14,832,-82.5,2,98,B,-,A,64
STZ,Constellation Brands A,ALCOHL/TOB,Beverages-Alcoholic,78,NYSE,240.66,2.1,5,661,-8.4,55,79,B,B,E,65
STZB,Constellation Brands B,ALCOHL/TOB,Beverages-Alcoholic,78,NYSE,237.01,0,0,0,0,55,83,B,B,B+,78
TAP,Molson Coors Bev Cl B,ALCOHL/TOB,Beverages-Alcoholic,78,NYSE,48.45,0.4,0.21,690,-37.2,48,60,B,C,B-,59
TAPA,Molson Coors Bev Cl A,ALCOHL/TOB,Beverages-Alcoholic,78,NYSE,58.65,0,0,0,0,37,69,B,C,B,61
VINE,Fresh Vine Wine Inc,ALCOHL/TOB,Beverages-Alcoholic,78,AMEX,4.59,-5.1,-0.25,192,-89.3,2,17,B,-,-,21
VWE,Vintage Wine Estates Inc,ALCOHL/TOB,Beverages-Alcoholic,78,NASDAQ,8.22,-1.6,-0.13,57,-62.5,12,26,B,C,D-,30
WBEV,Winc Inc,ALCOHL/TOB,Beverages-Alcoholic,78,AMEX,6.16,-3.8,-0.25,3,-93.5,8,9,B,E,C+,17
WVVI,Willamette Vly Vineyards,ALCOHL/TOB,Beverages-Alcoholic,78,NASDAQ,9.04,-1,-0.09,4,-71.6,44,20,B,B,D+,36
BTI,British Amer Tobacco Adr,ALCOHL/TOB,Tobacco,58,NYSE,43.56,0.8,0.35,2806,-44.8,68,92,B+,B,A+,93
MO,Altria Group Inc,ALCOHL/TOB,Tobacco,58,NYSE,50.57,-0.1,-0.08,4348,-31,69,89,B+,B,C+,83
PM,Philip Morris Intl Inc,ALCOHL/TOB,Tobacco,58,NYSE,104.04,0.8,0.79,3927,19.7,71,88,B+,-,C,73
RLX,Rlx Technology Cl A Ads,ALCOHL/TOB,Tobacco,58,NYSE,3.27,-4.8,-0.17,3521,-73.6,69,9,B+,A,C,58
TPB,Turning Point Brands Inc,ALCOHL/TOB,Tobacco,58,NYSE,34.35,-2.4,-0.85,56,-55.2,80,22,B+,A,B-,63
UVV,Universal Corp Va,ALCOHL/TOB,Tobacco,58,NYSE,54.52,0.9,0.49,77,6,90,84,B+,C,B-,91
VGR,Vector Group Ltd,ALCOHL/TOB,Tobacco,58,NYSE,11.22,0.4,0.05,440,-46.8,94,88,B+,-,C-,87
XXII,22nd Century Group Inc,ALCOHL/TOB,Tobacco,58,NASDAQ,2.08,-6.1,-0.14,1836,-53.5,8,18,B+,E,D-,18
COLM,Columbia Sportswear Co,APPAREL,Apparel-Clothing Mfg,151,NASDAQ,93.62,0.8,0.78,287,28.9,78,37,D+,C,C-,67
CPRI,Capri Holdings Ltd,APPAREL,Apparel-Clothing Mfg,151,NYSE,66.33,7.9,4.84,4856,322.2,35,90,D+,B,B-,74
CRI,Carters Inc,APPAREL,Apparel-Clothing Mfg,151,NYSE,92.11,-1,-0.94,412,31,65,39,D+,B,C-,57
CULP,Culp Inc,APPAREL,Apparel-Clothing Mfg,151,NYSE,8.73,-3.7,-0.34,25,-30.9,33,15,D+,E,D,17
DLA,Delta Apparel Inc,APPAREL,Apparel-Clothing Mfg,151,AMEX,31.33,1.2,0.37,12,-29.2,85,86,D+,B,A-,83
EVK,Ever-Glory Intl Grp Inc,APPAREL,Apparel-Clothing Mfg,151,NASDAQ,1.97,0,0,4,-95.5,19,15,D+,D,D-,17
FIGS,Figs Inc Cl A,APPAREL,Apparel-Clothing Mfg,151,NYSE,22,-3.9,-0.89,1405,-39.2,16,18,D+,B,B,33
GIII,G Iii Apparel Group Inc,APPAREL,Apparel-Clothing Mfg,151,NASDAQ,27.76,1.1,0.29,568,119,82,39,D+,C,A-,73
GIL,Gildan Activewear Inc,APPAREL,Apparel-Clothing Mfg,151,NYSE,41.09,1.6,0.64,552,30.2,71,93,D+,C,D+,79
GOOS,Canada Goose Hldgs Cl A,APPAREL,Apparel-Clothing Mfg,151,NYSE,31.59,-2.1,-0.69,1215,22.1,71,25,D+,B,D,51
HBI,Hanesbrands Inc,APPAREL,Apparel-Clothing Mfg,151,NYSE,15.91,-1.7,-0.27,4346,48,53,33,D+,B,D,47
JRSH,Jerash Holdings US Inc,APPAREL,Apparel-Clothing Mfg,151,NASDAQ,6.2,-1.7,-0.11,7,-46.8,67,44,D+,B,D-,57
KTB,Kontoor Brands Inc,APPAREL,Apparel-Clothing Mfg,151,NYSE,49.64,-2.5,-1.29,290,0.6,50,55,D+,A,B-,62
LEVI,Levi Strauss & Co Cl A,APPAREL,Apparel-Clothing Mfg,151,NYSE,23.11,0.7,0.15,1130,-10.1,69,33,D+,A,D-,55
LLL,J X Luxventure Ltd,APPAREL,Apparel-Clothing Mfg,151,NASDAQ,1.91,-0.7,-0.01,28,-77.9,19,14,D+,D,D-,18
OXM,Oxford Industries Inc,APPAREL,Apparel-Clothing Mfg,151,NYSE,84.63,0.3,0.3,78,-6.3,69,65,D+,C,B-,66
PVH,P V H Corp,APPAREL,Apparel-Clothing Mfg,151,NYSE,96.24,-0.8,-0.8,656,-21.4,74,37,D+,C,E,50
RL,Ralph Lauren Corp Cl A,APPAREL,Apparel-Clothing Mfg,151,NYSE,113.87,0.3,0.36,1123,86,65,48,D+,B,C,68
TPR,Tapestry Inc,APPAREL,Apparel-Clothing Mfg,151,NYSE,39.15,1,0.4,3481,46.3,70,48,D+,A,D+,65
UA,Under Armour Inc Cl C,APPAREL,Apparel-Clothing Mfg,151,NYSE,16.58,2.4,0.39,2732,49.6,60,26,D+,C,E,35
UAA,Under Armour Inc Cl A,APPAREL,Apparel-Clothing Mfg,151,NYSE,19.58,2.6,0.5,6054,35.2,60,26,D+,C,D-,36
UFI,Unifi Inc,APPAREL,Apparel-Clothing Mfg,151,NYSE,19.35,-1.6,-0.32,89,86,31,25,D+,C,B-,35
VFC,V F Corp,APPAREL,Apparel-Clothing Mfg,151,NYSE,65.38,-0.9,-0.59,3455,62.3,64,27,D+,B,E,52
VNCE,Vince Holding Corp,APPAREL,Apparel-Clothing Mfg,151,NYSE,8.9,1.1,0.1,4,-59.3,27,44,D+,D,B-,39
VRA,Vera Bradley Inc,APPAREL,Apparel-Clothing Mfg,151,NASDAQ,8.32,-0.9,-0.08,103,-51.8,38,26,D+,C,B-,30
VSCO,Victoria's Secret & Co,APPAREL,Apparel-Clothing Mfg,151,NYSE,56.16,-2.2,-1.25,673,-40,51,91,D+,C,B,70
ZGN,Ermenegildo Zegna N V,APPAREL,Apparel-Clothing Mfg,151,NYSE,10.27,-2.2,-0.23,90,-70.1,4,77,D+,-,B-,42
BIRD,Allbirds Inc Cl A,APPAREL,Apparel-Shoes & Rel Mfg,193,NASDAQ,12.23,-2.7,-0.34,488,-70.8,2,5,E,D,C-,7
CROX,Crocs Inc,APPAREL,Apparel-Shoes & Rel Mfg,193,NASDAQ,103.36,-0.3,-0.3,871,-42.8,99,30,E,A,E,65
DECK,Deckers Outdoor Corp,APPAREL,Apparel-Shoes & Rel Mfg,193,NYSE,331.56,0.7,2.3,299,24.6,92,32,E,A,B-,66
NKE,Nike Inc Cl B,APPAREL,Apparel-Shoes & Rel Mfg,193,NYSE,148.85,0.4,0.63,3950,-8.6,61,48,E,A,C,56
RCKY,Rocky Brands Inc,APPAREL,Apparel-Shoes & Rel Mfg,193,NASDAQ,41.45,-2.5,-1.08,21,-46.8,79,28,E,B,B,56
SHOO,Steven Madden Limited,APPAREL,Apparel-Shoes & Rel Mfg,193,NASDAQ,41.28,0,-0.02,216,-39.9,74,65,E,B,D,70
SKX,Skechers U S A Inc Cl A,APPAREL,Apparel-Shoes & Rel Mfg,193,NYSE,42.69,0.5,0.23,808,-7.5,69,44,E,C,C,62
WEYS,Weyco Group Inc,APPAREL,Apparel-Shoes & Rel Mfg,193,NASDAQ,23.87,1.3,0.31,43,378,72,87,E,C,D-,74
WWW,Wolverine World Wide Inc,APPAREL,Apparel-Shoes & Rel Mfg,193,NYSE,26.53,-1.2,-0.31,212,-41.1,77,22,E,B,D-,44
ARVL,Arrival,AUTO,Auto Manufacturers,40,NASDAQ,4.05,-10.2,-0.46,15454,162.6,52,1,A-,-,C-,31
AYRO,Ayro Inc,AUTO,Auto Manufacturers,40,NASDAQ,1.2,-6.4,-0.08,438,-48.2,4,1,A-,D,D-,15
CENN,Cenntro Elect Group Ltd,AUTO,Auto Manufacturers,40,NASDAQ,1.58,-7.1,-0.12,7343,41.7,53,1,A-,E,E,18
ELMS,Electric Last Mile Cl A,AUTO,Auto Manufacturers,40,NASDAQ,2.64,-52.8,-2.95,8435,2668.9,2,13,A-,-,D+,22
F,Ford Motor Co,AUTO,Auto Manufacturers,40,NYSE,20.63,-0.2,-0.04,81644,-15.2,37,98,A-,D,C-,79
FFIE,Faraday Future IntelElec,AUTO,Auto Manufacturers,40,NASDAQ,4.22,-7.6,-0.35,1727,20,2,5,A-,-,D+,16
FSR,Fisker Inc Cl A,AUTO,Auto Manufacturers,40,NYSE,11.39,-4.8,-0.58,7498,3.5,13,23,A-,-,D-,27
FUV,Arcimoto Inc,AUTO,Auto Manufacturers,40,NASDAQ,5.76,-6,-0.37,557,-10.2,4,6,A-,D,D,19
GM,General Motors Company,AUTO,Auto Manufacturers,40,NYSE,53.53,-1,-0.55,29867,88,43,55,A-,B,E,61
GOEV,Canoo Inc Cl A,AUTO,Auto Manufacturers,40,NASDAQ,5.95,-6.1,-0.39,2565,-40.8,10,18,A-,E,D+,26
GP,Greenpower Motor Company,AUTO,Auto Manufacturers,40,NASDAQ,6.16,-9.7,-0.66,350,71.4,13,4,A-,D,E,21
HMC,Honda Motor Co Ltd Adr,AUTO,Auto Manufacturers,40,NYSE,29.79,2.1,0.61,859,-0.4,48,55,A-,C,E,58
KNDI,Kandi Technologies Group,AUTO,Auto Manufacturers,40,NASDAQ,2.96,-4.2,-0.13,776,-39,23,12,A-,D,D,27
LCID,Lucid Group Inc Cl A,AUTO,Auto Manufacturers,40,NASDAQ,27.46,-8.3,-2.5,31550,-41.2,19,85,A-,E,C-,47
LEV,Lion Electric Company,AUTO,Auto Manufacturers,40,NYSE,8.61,-3,-0.27,926,7.2,33,10,A-,D,D,32
LI,Li Auto Inc Ads Class A,AUTO,Auto Manufacturers,40,NASDAQ,27.55,1,0.26,4767,-41.5,57,55,A-,C,B-,72
MULN,Mullen Automotive Inc,AUTO,ß,40,NASDAQ,3.03,-14.9,-0.53,330,-44.3,57,1,A-,D,D,38
NIO,Nio Inc Cl A Ads,AUTO,Auto Manufacturers,40,NYSE,23.72,-4.5,-1.12,55655,11.5,46,11,A-,D,D-,37
NKLA,Nikola Corporation,AUTO,Auto Manufacturers,40,NASDAQ,7.89,-5.8,-0.49,12561,-20.4,14,16,A-,E,E,22
PTRA,Proterra Inc,AUTO,Auto Manufacturers,40,NASDAQ,7.7,-3.9,-0.32,1379,-34.4,1,13,A-,E,C-,22
RACE,Ferrari N V,AUTO,Auto Manufacturers,40,NYSE,237.79,1,2.3,491,68.9,86,81,A-,A,B,96
RIDE,Lordstown Motors Cl A,AUTO,Auto Manufacturers,40,NASDAQ,2.92,-7.5,-0.24,6812,15.1,13,5,A-,-,C,19
RIVN,Rivian Automotive Cl A,AUTO,Auto Manufacturers,40,NASDAQ,63.76,-8.4,-5.87,14069,-9.1,1,17,A-,-,C-,24
SEV,Sono Group N V,AUTO,Auto Manufacturers,40,NASDAQ,5.61,-7.3,-0.44,426,-64.4,2,1,A-,-,E,8
SOLO,Electrameccanica Vehs,AUTO,Auto Manufacturers,40,NASDAQ,2.03,-4.7,-0.1,1999,-27,40,8,A-,D,D-,26
STLA,Stellantis N V,AUTO,Auto Manufacturers,40,NYSE,19.86,1.1,0.23,2617,-15.4,78,81,A-,B,E,90
TM,Toyota Motor Corp Adr,AUTO,Auto Manufacturers,40,NYSE,199.49,1.6,3.06,211,-20.4,82,92,A-,B,B-,91
TSLA,Tesla Inc,AUTO,Auto Manufacturers,40,NASDAQ,902.61,-3.1,-28.64,19482,-18.6,73,83,A-,A,C-,93
TTM,Tata Motors Ltd Ads,AUTO,Auto Manufacturers,40,NYSE,33.61,0.6,0.21,482,-32.1,5,97,A-,D,B,68
VLCN,Volcon Inc,AUTO,Auto Manufacturers,40,NASDAQ,2.79,-6.2,-0.19,639,247.5,2,1,A-,-,D+,13
XPEV,Xpeng Inc Ads Class A,AUTO,Auto Manufacturers,40,NYSE,35.98,-1.2,-0.42,6179,-43.2,7,32,A-,C,C+,39
ZEV,Lightning emotors Inc,AUTO,Auto Manufacturers,40,NYSE,4.35,-3.5,-0.16,1553,119.6,20,9,A-,D,D+,28
ADNT,Adient Plc,AUTO,Auto/Truck-Original Eqp,121,NYSE,43.58,1.5,0.65,611,6,22,75,C,C,D-,51
ALSN,Allison Transmission Hld,AUTO,Auto/Truck-Original Eqp,121,NYSE,39.24,1,0.39,577,-28.9,91,72,C,A,C-,82
ALV,Autoliv Inc,AUTO,Auto/Truck-Original Eqp,121,NYSE,103,1.5,1.55,725,66.4,23,77,C,B,D+,59
APTV,Aptiv Plc,AUTO,Auto/Truck-Original Eqp,121,NYSE,139.92,0,0.03,1430,30.3,38,31,C,B,D+,42
AUR,Aurora Innovation Cl A,AUTO,Auto/Truck-Original Eqp,121,NASDAQ,4.88,-2.5,-0.13,2610,-3.9,8,8,C,-,E,3
AXL,Amer Axle & Mfg Holdings,AUTO,Auto/Truck-Original Eqp,121,NYSE,8.52,-1.4,-0.13,1327,44.6,30,37,C,C,D,38
BWA,Borgwarner Inc,AUTO,Auto/Truck-Original Eqp,121,NYSE,45.16,1.1,0.48,1561,34.2,56,48,C,A,D+,65
CAAS,China Automotive Systems,AUTO,Auto/Truck-Original Eqp,121,NASDAQ,2.76,0.6,0.02,7,-84.6,30,15,C,C,D-,21
CPS,Cooper-Standard Hldgs,AUTO,Auto/Truck-Original Eqp,121,NYSE,19.57,-4.4,-0.9,74,-19.5,20,19,C,E,E,15
CVR,Chicago Rivet & Machine,AUTO,Auto/Truck-Original Eqp,121,AMEX,26.7,0.9,0.24,0,-54.6,34,65,C,C,D-,55
DAN,Dana Incorporated,AUTO,Auto/Truck-Original Eqp,121,NYSE,22,-0.1,-0.03,733,23.3,53,48,C,C,D-,58
EMBK,Embark Technology Inc,AUTO,Auto/Truck-Original Eqp,121,NASDAQ,3.84,0.5,0.02,482,-29.9,8,3,C,-,E,6
FRSX,Foresight Autonomous Adr,AUTO,Auto/Truck-Original Eqp,121,NASDAQ,1.39,-8.6,-0.13,363,-65.3,38,3,C,-,D-,14
GNTX,Gentex Corp,AUTO,Auto/Truck-Original Eqp,121,NASDAQ,31.98,-0.6,-0.19,1029,42.3,37,37,C,B,C+,45
GTEC,Greenland Tech Hldg,AUTO,Auto/Truck-Original Eqp,121,NASDAQ,5.2,-6.4,-0.36,26,-99.3,74,28,C,A,B-,52
GTX,Garrett Motion Inc,AUTO,Auto/Truck-Original Eqp,121,NASDAQ,7.1,-1.8,-0.13,67,-62.3,40,86,C,-,B,54
HLLY,Holley Inc,AUTO,Auto/Truck-Original Eqp,121,NYSE,11.57,-3.4,-0.41,107,-7.8,33,84,C,-,E,54
INVZ,Innoviz Technologies Ltd,AUTO,Auto/Truck-Original Eqp,121,NASDAQ,4.15,-1.4,-0.06,1358,-10.8,43,14,C,-,B+,31
LAZR,Luminar TechnologiesCl A,AUTO,Auto/Truck-Original Eqp,121,NASDAQ,14.37,-5.6,-0.86,4461,-22.4,42,21,C,-,B-,34
LEA,Lear Corporation,AUTO,Auto/Truck-Original Eqp,121,NYSE,172.21,0.9,1.49,323,-5.7,35,60,C,C,D+,53
MEC,Mayville Engineering Co,AUTO,Auto/Truck-Original Eqp,121,NYSE,11.86,0.8,0.09,55,-13.2,69,18,C,D,D+,40
MGA,Magna International Inc,AUTO,Auto/Truck-Original Eqp,121,NYSE,82.37,0.7,0.55,1135,14.5,40,60,C,B,D-,49
MOD,Modine Mfg Co,AUTO,Auto/Truck-Original Eqp,121,NYSE,9.27,-1.5,-0.14,281,62.2,49,18,C,B,B-,33
MTOR,Meritor Inc,AUTO,Auto/Truck-Original Eqp,121,NYSE,23.78,0.4,0.11,523,70.6,78,39,C,A,B,72
OUST,Ouster Inc Cl A,AUTO,Auto/Truck-Original Eqp,121,NYSE,3.55,-1.1,-0.04,1582,-13.6,48,4,C,E,E,19
QS,QuantumScape Corp Cl A,AUTO,Auto/Truck-Original Eqp,121,NYSE,16.67,-5,-0.87,6600,-18,24,13,C,-,E,10
REE,REE Automotive Ltd Cl A,AUTO,Auto/Truck-Original Eqp,121,NASDAQ,3.83,-8.8,-0.37,927,-25.3,16,16,C,E,B-,19
SRI,Stoneridge Inc,AUTO,Auto/Truck-Original Eqp,121,NYSE,17.99,-3.7,-0.69,108,-21.9,21,20,C,D,C+,25
STRT,Strattec Security Corp,AUTO,Auto/Truck-Original Eqp,121,NASDAQ,41.12,3.1,1.24,26,314.7,11,44,C,B,B-,34
SUP,Superior Industries Intl,AUTO,Auto/Truck-Original Eqp,121,NYSE,4.25,-2.7,-0.12,58,-38.1,23,18,C,D,D,21
TEN,Tenneco Inc Cl A,AUTO,Auto/Truck-Original Eqp,121,NYSE,10.47,-1.5,-0.16,364,-40.2,34,27,C,C,E,25
THRM,Gentherm Inc,AUTO,Auto/Truck-Original Eqp,121,NASDAQ,88.94,0.5,0.46,107,-40,55,91,C,B,B-,73
TSP,Tusimple Holdings Cl A,AUTO,Auto/Truck-Original Eqp,121,NASDAQ,17.74,-6.8,-1.29,2115,17.2,1,8,C,D,E,4
UFAB,Unique Fabricating Inc,AUTO,Auto/Truck-Original Eqp,121,AMEX,1.98,-4.8,-0.1,9,-59.2,18,11,C,D,E,7
VC,Visteon Corporation,AUTO,Auto/Truck-Original Eqp,121,NASDAQ,101.73,-1,-1.04,193,26.8,24,29,C,C,D-,25
VLDR,Velodyne Lidar Inc,AUTO,Auto/Truck-Original Eqp,121,NASDAQ,3.83,-5.3,-0.22,1646,-37,2,6,C,E,C,2
VNE,Veoneer Inc,AUTO,Auto/Truck-Original Eqp,121,NYSE,35.44,-0.4,-0.13,1589,86.1,26,93,C,D,D,58
WBX,Wallbox NV Cl A,AUTO,Auto/Truck-Original Eqp,121,NYSE,12.59,-2.3,-0.3,342,0.9,8,81,C,-,B-,35
WKHS,Workhorse Group Inc,AUTO,Auto/Truck-Original Eqp,121,NASDAQ,3.14,-10.4,-0.37,9893,86.8,41,2,C,B,C-,29
DORM,Dorman Products Inc,AUTO,Auto/Truck-Replace Parts,171,NASDAQ,93.27,-2.4,-2.33,47,-26.6,65,42,D-,B,C+,64
HZN,Horizon Global Corp,AUTO,Auto/Truck-Replace Parts,171,NYSE,7.58,-0.8,-0.06,22,-8.5,30,48,D-,-,B-,29
MPAA,Motorcar Parts Of Amer,AUTO,Auto/Truck-Replace Parts,171,NASDAQ,16.79,-1.3,-0.22,150,209.8,54,24,D-,B,D-,34
SMP,Standard Motor Products,AUTO,Auto/Truck-Replace Parts,171,NYSE,47.37,-1,-0.48,48,5.8,70,83,D-,B,C+,74
WKSP,Worksport Ltd,AUTO,Auto/Truck-Replace Parts,171,NASDAQ,2.27,-4.6,-0.11,92,-53.5,2,9,D-,-,E,1
XL,XL Fleet Corp,AUTO,Auto/Truck-Replace Parts,171,NYSE,2.03,-7.7,-0.17,2183,-36.9,15,2,D-,D,D-,2
XPEL,Xpel Inc,AUTO,Auto/Truck-Replace Parts,171,NASDAQ,61.05,-4.9,-3.14,168,34.6,97,37,D-,A,E,63
GT,Goodyear Tire & Rubber,AUTO,Auto/Truck-Tires & Misc,94,NASDAQ,21.84,0.9,0.2,3170,13.1,69,96,B-,D,B-,83
PLOW,Douglas Dynamics Inc,AUTO,Auto/Truck-Tires & Misc,94,NYSE,37.09,0.7,0.25,80,49.9,55,32,B-,B,C-,49
TWI,Titan Intl Inc,AUTO,Auto/Truck-Tires & Misc,94,NYSE,9.75,-1.3,-0.13,186,-38.9,69,93,B-,D,B,87
CMI,Cummins Inc,AUTO,Trucks & Parts-Hvy Duty,105,NYSE,225.84,0.1,0.31,1328,102.2,77,42,C+,A,D-,68
CVGI,Commercial Vehicle Group,AUTO,Trucks & Parts-Hvy Duty,105,NASDAQ,7.77,-1,-0.08,89,-22.5,60,24,C+,C,E,40
CYD,China Yuchai Intl Ltd,AUTO,Trucks & Parts-Hvy Duty,105,NYSE,13.61,-3.3,-0.47,20,-48.6,50,65,C+,C,B,65
HYZN,Hyzon Motors Inc Cl A,AUTO,Trucks & Parts-Hvy Duty,105,NASDAQ,5.2,-4.7,-0.26,1074,-56.8,33,19,C+,-,D,23
MLR,Miller Industries Inc,AUTO,Trucks & Parts-Hvy Duty,105,NYSE,31.59,-0.8,-0.27,19,-34.3,52,25,C+,C,C-,37
OSK,Oshkosh Corporation,AUTO,Trucks & Parts-Hvy Duty,105,NYSE,113.93,-1.7,-1.99,809,118.6,36,77,C+,B,E,55
PCAR,Paccar Inc,AUTO,Trucks & Parts-Hvy Duty,105,NASDAQ,96.07,0.8,0.74,1096,-6.7,58,83,C+,A,B-,83
SHYF,Shyft Group Inc,AUTO,Trucks & Parts-Hvy Duty,105,NASDAQ,42.44,-0.7,-0.32,162,35.9,92,90,C+,A,B-,95
VEV,Vicinity Motor Corp,AUTO,Trucks & Parts-Hvy Duty,105,NASDAQ,3.22,-1.2,-0.04,36,-42.2,13,13,C+,D,C+,20
WPRT,Westport Fuel Systems,AUTO,Trucks & Parts-Hvy Duty,105,NASDAQ,1.91,-5.4,-0.11,923,-44.3,30,6,C+,C,C+,25
XOS,Xos Inc,AUTO,Trucks & Parts-Hvy Duty,105,NASDAQ,2.39,-1.6,-0.04,607,-8.3,13,2,C+,E,D+,7
AVAL,Grupo Aval Acc Y Val Ads,BANKS,Banks-Foreign,23,NYSE,5.61,1.2,0.07,22,-77.4,69,48,A,C,A-,75
BAP,Credicorp Ltd,BANKS,Banks-Foreign,23,NYSE,137.68,-0.2,-0.32,405,41.8,67,87,A,E,C+,84
BBAR,Banco Bbva Argentina Ads,BANKS,Banks-Foreign,23,NYSE,3.23,-3,-0.1,282,-42.6,36,81,A,C,B-,67
BBD,Banco Bradesco Sa Adr pf,BANKS,Banks-Foreign,23,NYSE,4.22,-2.8,-0.12,23915,-32.2,60,81,A,C,B,82
BBDO,Banco Bradesco Sa Adr,BANKS,Banks-Foreign,23,NYSE,3.47,-2.5,-0.09,12,-61,61,55,A,B,C+,75
BCH,Banco De Chile Adr,BANKS,Banks-Foreign,23,NYSE,20.13,-0.5,-0.11,35,-63.5,78,83,A,B,A-,98
BLX,Banco Latinoamericano E,BANKS,Banks-Foreign,23,NYSE,16.5,0.8,0.13,99,13,51,65,A,C,E,63
BMA,Banco Macro Sa Ads,BANKS,Banks-Foreign,23,NYSE,14.19,-0.8,-0.12,103,-53,27,65,A,C,B,58
BSAC,Banco Santander Cl Ads,BANKS,Banks-Foreign,23,NYSE,19.84,-0.2,-0.04,290,-52.9,80,72,A,B,C-,88
BSBR,Banco Santander Br Ads,BANKS,Banks-Foreign,23,NYSE,6.05,-3.2,-0.2,1530,89.8,59,33,A,C,B-,65
BSMX,Banco Santander Mexico,BANKS,Banks-Foreign,23,NYSE,5.62,-0.7,-0.04,9,-88.8,60,52,A,C,D-,62
CIB,Bancolombia Sa Ads,BANKS,Banks-Foreign,23,NYSE,35.63,0.9,0.33,78,-62.6,66,84,A,E,B+,92
CM,Canadian Imprl Bk Comm,BANKS,Banks-Foreign,23,NYSE,129.24,1.6,2.08,321,-19.8,76,92,A,C,D+,89
GGAL,Grupo Finan Galicia Adr,BANKS,Banks-Foreign,23,NASDAQ,9.59,-0.9,-0.09,294,-51.9,32,87,A,C,B-,69
HDB,H D F C Bank Ltd Adr,BANKS,Banks-Foreign,23,NYSE,69.61,1.4,0.93,848,-28.6,88,42,A,B,B-,82
IBN,Icici Bank Ltd Adr,BANKS,Banks-Foreign,23,NYSE,21.94,0.2,0.05,5457,-32.1,72,91,A,B,B,91
IFS,Intercorp Financial Svcs,BANKS,Banks-Foreign,23,NYSE,31.7,2.8,0.87,122,94.8,69,92,A,D,B,89
ING,I N G Groep Nv Adr,BANKS,Banks-Foreign,23,NYSE,15.46,2.6,0.4,3785,4,74,92,A,C,D,89
ITCB,Itau Corpbanca Ads,BANKS,Banks-Foreign,23,NYSE,3.33,0,0,5,-87.5,69,25,A,D,D-,54
ITUB,Itau Unibanco Hdg Sa Adr,BANKS,Banks-Foreign,23,NYSE,4.73,-1.4,-0.07,33199,-11.5,69,65,A,B,B-,82
KB,K B Financial Group Adr,BANKS,Banks-Foreign,23,NYSE,50.96,0.7,0.36,100,-33.1,74,88,A,B,C-,89
NTB,Bank Of N T Butterfield,BANKS,Banks-Foreign,23,NYSE,37.3,-1.3,-0.49,97,-6.5,69,83,A,C,C+,82
NU,Nu Holdings Ltd Cl A Ads,BANKS,Banks-Foreign,23,NYSE,7.04,-6.9,-0.52,5601,-58.2,4,19,A,D,-,39
SHG,Shinhan Financial Gp Adr,BANKS,Banks-Foreign,23,NYSE,32.68,0.6,0.19,123,2.9,63,69,A,B,C-,80
SUPV,Grupo Supervielle Ads,BANKS,Banks-Foreign,23,NYSE,1.93,-1,-0.02,115,-64.4,21,60,A,D,D+,46
VBNK,Versabank,BANKS,Banks-Foreign,23,NASDAQ,11.48,0.1,0.01,4,-82.3,83,77,A,B,B,92
WF,Woori Financial Group,BANKS,Banks-Foreign,23,NYSE,37.37,0.2,0.07,14,16.1,82,95,A,C,B+,98
ALRS,Alerus Financial Corp,BANKS,Banks-Midwest,15,NASDAQ,28.33,0,0.01,17,-23.4,88,42,A+,C,D+,71
ASB,Associated Banc Corp,BANKS,Banks-Midwest,15,NYSE,24.53,0,0.01,609,-17.9,77,91,A+,C,B-,87
ATLO,Ames National Corp,BANKS,Banks-Midwest,15,NASDAQ,24.71,1.8,0.44,14,-4,82,69,A+,C,B,86
BCOW,1895 Bancorp ofWisconsin,BANKS,Banks-Midwest,15,NASDAQ,11.32,-0.6,-0.07,7,9.1,8,90,A+,D,B-,67
BFC,Bank First Corporation,BANKS,Banks-Midwest,15,NASDAQ,70.76,0,-0.02,4,-49.6,77,69,A+,B,B,87
BUSE,First Busey Corp,BANKS,Banks-Midwest,15,NASDAQ,27.77,-1.2,-0.35,106,9,56,91,A+,C,B+,85
BWB,Bridgewater Bancshares,BANKS,Banks-Midwest,15,NASDAQ,17.48,-0.1,-0.02,18,-8.5,98,81,A+,A,D-,96
BY,Byline Bancorp Inc,BANKS,Banks-Midwest,15,NYSE,26.07,-2.5,-0.67,86,39.9,97,92,A+,B,C,94
CBSH,Commerce Bancshares,BANKS,Banks-Midwest,15,NASDAQ,69.58,-0.8,-0.58,215,-10.2,58,72,A+,B,C,79
CFB,Crossfirst Bankshares,BANKS,Banks-Midwest,15,NASDAQ,15.59,1.1,0.17,96,56.6,99,88,A+,C,B+,95
CIVB,Civista Bancshares Inc,BANKS,Banks-Midwest,15,NASDAQ,23.82,-1.2,-0.29,18,-2.6,88,84,A+,B,B+,93
CNNB,Cincinnati Bancorp Inc,BANKS,Banks-Midwest,15,NASDAQ,15.23,1.9,0.29,3,182.1,43,84,A+,B,B,82
COFS,Choiceone Financial Svcs,BANKS,Banks-Midwest,15,NASDAQ,25.88,-1.3,-0.33,14,176.7,76,72,A+,B,B,89
EFSC,Enterprise Finl Services,BANKS,Banks-Midwest,15,NASDAQ,50.04,-0.2,-0.1,67,-40.2,66,87,A+,B,A-,98
EQBK,Equity Bancshares Cl A,BANKS,Banks-Midwest,15,NASDAQ,32.28,-0.3,-0.1,26,-14.3,59,86,A+,B,B,88
FBIZ,First Business Finl Svcs,BANKS,Banks-Midwest,15,NASDAQ,33.71,0.1,0.05,8,-7.3,94,95,A+,B,B+,95
FMAO,Farmers & Merchants Banc,BANKS,Banks-Midwest,15,NASDAQ,31.29,-1.1,-0.36,6,-50.6,91,96,A+,B,D-,96
FMBI,First Midwest Bancorp Il,BANKS,Banks-Midwest,15,NASDAQ,20.87,-0.5,-0.1,289,-9.6,58,86,A+,C,D+,76
FMNB,Farmers Natl Banc Corp,BANKS,Banks-Midwest,15,NASDAQ,17.42,-1.3,-0.24,50,5.7,88,85,A+,A,D,92
FNWD,Finward Bancorp,BANKS,Banks-Midwest,15,NASDAQ,48,0,0,0,0,54,75,A+,C,B+,79
FRME,First Merchants Corp Mun,BANKS,Banks-Midwest,15,NASDAQ,42.7,0.1,0.03,132,17.3,77,69,A+,C,C,79
GABC,German American Bancorp,BANKS,Banks-Midwest,15,NASDAQ,39.47,-1,-0.4,21,2.1,78,72,A+,B,B,85
GFED,Guaranty Fed Bancshares,BANKS,Banks-Midwest,15,NASDAQ,31.86,-1.4,-0.44,3,-42.4,91,97,A+,B,C,95
GSBC,Great Southern Bancorp,BANKS,Banks-Midwest,15,NASDAQ,59.22,-0.5,-0.3,35,38.3,69,85,A+,C,B+,87
HBNC,Horizon Bancorp Inc (IN),BANKS,Banks-Midwest,15,NASDAQ,20.74,-1.3,-0.28,116,11.9,83,91,A+,C,D+,89
HBT,H B T Financial Inc,BANKS,Banks-Midwest,15,NASDAQ,19.08,1,0.18,12,8.8,57,87,A+,B,B,87
HTLF,Heartland Financial Usa,BANKS,Banks-Midwest,15,NASDAQ,49.64,0.5,0.26,97,43.8,66,72,A+,B,C-,79
HWBK,Hawthorn Bancshares Inc,BANKS,Banks-Midwest,15,NASDAQ,25.5,0,-0.01,3,-39.1,89,91,A+,B,D+,95
IBCP,Independent Bank Corp Mi,BANKS,Banks-Midwest,15,NASDAQ,24.24,-0.5,-0.13,77,34.9,69,87,A+,B,D,84
INBK,First Internet Bancorp,BANKS,Banks-Midwest,15,NASDAQ,49.79,-1.3,-0.66,50,30.9,82,98,A+,C,B-,93
LARK,Landmark Bancorp Inc,BANKS,Banks-Midwest,15,NASDAQ,28.25,-0.5,-0.15,3,-18.3,63,77,A+,B,C+,87
LCNB,L C N B Corp,BANKS,Banks-Midwest,15,NASDAQ,20.1,-0.4,-0.09,3,-77.3,67,92,A+,C,C+,85
LKFN,Lakeland Financial Corp,BANKS,Banks-Midwest,15,NASDAQ,79.58,-1.3,-1.06,79,-18.5,66,93,A+,B,B-,88
MBCN,Middlefield Banc Corp,BANKS,Banks-Midwest,15,NASDAQ,26.19,2.1,0.55,6,-3.7,88,83,A+,B,C,89
MBIN,Merchants Bancorp,BANKS,Banks-Midwest,15,NASDAQ,30.64,0.8,0.24,44,25.5,75,89,A+,B,B-,93
MBWM,Mercantile Bank Corp,BANKS,Banks-Midwest,15,NASDAQ,38.07,0.1,0.04,25,-9.7,78,91,A+,B,B,92
MCBC,Macatawa Bank Corp,BANKS,Banks-Midwest,15,NASDAQ,9.01,-0.8,-0.08,22,-59.8,59,79,A+,C,A-,83
MOFG,Midwestone Financial Grp,BANKS,Banks-Midwest,15,NASDAQ,31.37,-1.5,-0.48,17,11.5,75,77,A+,C,B,87
MSBI,Midland States Bancorp,BANKS,Banks-Midwest,15,NASDAQ,28.88,0.3,0.08,45,-8.4,87,92,A+,B,A,96
MSVB,Mid-Southern Bancorp Inc,BANKS,Banks-Midwest,15,NASDAQ,14.81,0,0,0,0,79,44,A+,C,C-,76
NCBS,Nicolet Bankshares Inc,BANKS,Banks-Midwest,15,NASDAQ,94.8,1.4,1.29,63,-3,60,95,A+,B,A,98
NSTS,N S T S Bancorp Inc,BANKS,Banks-Midwest,15,NASDAQ,12.25,-0.2,-0.03,48,-75.3,31,55,A+,E,-,60
ONB,Old Natl Bancorp Ind,BANKS,Banks-Midwest,15,NASDAQ,18.42,-0.6,-0.12,870,-17.2,61,81,A+,C,C,78
OSBC,Old Second Bancorp Inc,BANKS,Banks-Midwest,15,NASDAQ,13.71,0.9,0.12,80,-19.7,64,86,A+,C,A-,88
OVBC,Ohio Valley Banc Corp,BANKS,Banks-Midwest,15,NASDAQ,29.68,0,0,0,0,57,92,A+,C,C-,80
PEBO,Peoples Bancorp Oh,BANKS,Banks-Midwest,15,NASDAQ,32.88,-0.6,-0.21,56,8.4,45,77,A+,B,B-,86
PRK,Park National Corp,BANKS,Banks-Midwest,15,AMEX,132.14,-2.3,-3.18,15,-38.9,57,86,A+,B,C+,82
QCRH,Q C R Holdings Inc,BANKS,Banks-Midwest,15,NASDAQ,55.88,-1.5,-0.87,30,-3.7,94,90,A+,B,B-,94
SBFG,S B Financial Group Inc,BANKS,Banks-Midwest,15,NASDAQ,19.65,1.9,0.36,6,-31.5,53,85,A+,B,B,86
SMBC,Southern Missouri Bancrp,BANKS,Banks-Midwest,15,NASDAQ,54.15,-1.2,-0.67,11,-44.4,84,94,A+,A,A+,95
SRCE,First Source Corp,BANKS,Banks-Midwest,15,NASDAQ,49.26,-1.3,-0.66,20,-12.8,84,85,A+,C,B-,90
THFF,First Financial Corp Ind,BANKS,Banks-Midwest,15,NASDAQ,43.83,-1.6,-0.73,53,13.4,70,79,A+,C,B-,82
UBCP,United Bancorp Inc Oh,BANKS,Banks-Midwest,15,NASDAQ,16.82,-1.7,-0.28,2,-36,93,93,A+,C,C,93
UBOH,United Bancshares Inc Oh,BANKS,Banks-Midwest,15,NASDAQ,30.66,0,0,0,0,64,77,A+,C,C+,81
UMBF,U M B Financial Corp,BANKS,Banks-Midwest,15,NASDAQ,101.73,-0.1,-0.15,157,-6.3,67,87,A+,C,D,82
WTBA,West Bancorporation Inc,BANKS,Banks-Midwest,15,NASDAQ,29.19,-1.2,-0.34,15,7.4,91,83,A+,A,D+,94
WTFC,Wintrust Financial Corp,BANKS,Banks-Midwest,15,NASDAQ,99.02,0,-0.03,219,-13.8,62,95,A+,C,C+,83
BAC,Bank Of America Corp,BANKS,Banks-Money Center,34,NYSE,46.93,0,-0.01,25756,-36.3,88,91,A-,B,D+,89
BBVA,Banco Bilbao Viz Arg Adr,BANKS,Banks-Money Center,34,NYSE,6.64,1.8,0.12,1598,-28.7,68,81,A-,C,D,84
BCS,Barclays Plc Adr,BANKS,Banks-Money Center,34,NYSE,11.33,1.8,0.2,2659,-36.4,96,90,A-,C,D-,95
BK,Bank of New York Mellon,BANKS,Banks-Money Center,34,NYSE,61,0.5,0.31,2915,-4.3,70,92,A-,C,B-,83
BMO,Bank Of Montreal,BANKS,Banks-Money Center,34,NYSE,117.24,2.1,2.46,720,18.3,85,93,A-,C,C-,91
BNS,Bank Of Nova Scotia,BANKS,Banks-Money Center,34,NYSE,73.63,1.3,0.93,1000,-31.8,80,91,A-,C,B-,90
C,Citigroup Inc,BANKS,Banks-Money Center,34,NYSE,66.33,-0.3,-0.23,13528,-30.3,65,60,A-,C,D,67
DB,Deutsche Bk Ag Adr,BANKS,Banks-Money Center,34,NYSE,14.4,0.1,0.01,3911,20,55,91,A-,C,B-,85
GS,Goldman Sachs Group Inc,BANKS,Banks-Money Center,34,NYSE,362.86,-0.3,-1.2,2190,-12.1,79,65,A-,B,E,75
HSBC,H S B C Holdings Plc Adr,BANKS,Banks-Money Center,34,NYSE,37.22,0.9,0.34,1996,-10.8,70,95,A-,C,B+,96
JPM,J P Morgan Chase & Co,BANKS,Banks-Money Center,34,NYSE,150.14,-0.7,-1.01,9433,-9.2,60,52,A-,C,E,60
LYG,Lloyds Banking Group Adr,BANKS,Banks-Money Center,34,NYSE,2.89,1.6,0.05,15935,100.7,98,91,A-,E,D+,91
MFG,Mizuho Financial Gp Adr,BANKS,Banks-Money Center,34,NYSE,2.75,-0.9,-0.03,309,-50,96,65,A-,C,B-,85
MS,Morgan Stanley,BANKS,Banks-Money Center,34,NYSE,103.92,0,-0.03,6850,-15.9,86,91,A-,A,D,92
MUFG,Mitsubishi Ufj Fincl Ads,BANKS,Banks-Money Center,34,NYSE,6.45,3.8,0.24,1118,-39.3,72,91,A-,D,B+,89
NWG,Natwest Group plc Ads,BANKS,Banks-Money Center,34,NYSE,6.96,2.5,0.17,1341,45,69,95,A-,E,B,91
RY,Royal Bank Of Canada,BANKS,Banks-Money Center,34,NYSE,116.06,0.8,0.91,1081,-18.6,81,92,A-,C,E,85
SAN,Banco Santander Sa Adr,BANKS,Banks-Money Center,34,NYSE,3.63,0.3,0.01,3746,-46.8,70,65,A-,C,D+,78
SMFG,Sumitomo Mitsui Finl Adr,BANKS,Banks-Money Center,34,NYSE,7.45,1.8,0.13,993,-29.5,77,85,A-,D,B,85
TD,Toronto Dominion Bank,BANKS,Banks-Money Center,34,NYSE,83.22,2.1,1.68,1513,-5.6,83,93,A-,C,D-,85
UBS,U B S Group Ag Adr,BANKS,Banks-Money Center,34,NYSE,20.59,0.9,0.19,4942,68.6,54,94,A-,B,C+,87
WFC,Wells Fargo & Company,BANKS,Banks-Money Center,34,NYSE,55.97,0.7,0.37,21153,-5.9,63,95,A-,C,B-,87
ACNB,A C N B Corporation,BANKS,Banks-Northeast,14,NASDAQ,32.08,0.6,0.2,23,81.1,55,90,A+,C,C,81
AMAL,Amalgamated Financial,BANKS,Banks-Northeast,14,NASDAQ,16.73,-0.5,-0.09,14,-43.5,81,69,A+,C,B-,83
AROW,Arrow Financial Corp,BANKS,Banks-Northeast,14,NASDAQ,35.11,-0.3,-0.1,8,-41.9,66,72,A+,B,C+,82
ASRV,Ameriserv Financial Inc,BANKS,Banks-Northeast,14,NASDAQ,4.48,5.9,0.25,31,198.3,80,86,A+,C,A,92
BCBP,B C B Bancorp Inc,BANKS,Banks-Northeast,14,NASDAQ,17.75,0,0,36,67.2,83,95,A+,C,A-,95
BHB,Bar Harbor Bankshares,BANKS,Banks-Northeast,14,AMEX,30.09,-0.4,-0.12,33,106.1,68,85,A+,C,B,86
BLFY,Blue Foundry Bancorp,BANKS,Banks-Northeast,14,NASDAQ,14.55,-0.7,-0.1,39,-49,2,87,A+,E,B+,65
BPRN,The Bank of Princeton,BANKS,Banks-Northeast,14,NASDAQ,31.53,-1.6,-0.52,23,185.5,80,87,A+,B,B,96
BSBK,Bogota Financial Corp,BANKS,Banks-Northeast,14,NASDAQ,10,0,0,0,0,42,69,A+,C,D-,76
BWFG,Bankwell Financial Group,BANKS,Banks-Northeast,14,NASDAQ,33.84,-0.5,-0.16,2,-83.1,78,95,A+,B,B,98
CAC,Camden National Corp,BANKS,Banks-Northeast,14,NASDAQ,49.32,0,-0.02,27,15.8,63,85,A+,C,B,86
CATC,Cambridge Bancorp,BANKS,Banks-Northeast,14,NASDAQ,89.1,-0.7,-0.66,7,-18.9,66,77,A+,B,B-,85
CBFV,C B Financial Services,BANKS,Banks-Northeast,14,NASDAQ,25.6,3,0.75,16,239,49,88,A+,C,B+,89
CBNK,Capital Bancorp Inc,BANKS,Banks-Northeast,14,NASDAQ,24.97,-0.2,-0.06,10,-37.7,84,92,A+,A,C,93
CBU,Community Bank System,BANKS,Banks-Northeast,14,NYSE,70.86,-1.2,-0.84,110,-0.4,56,55,A+,B,D-,68
CCNE,C N B Financial Corp Pa,BANKS,Banks-Northeast,14,NASDAQ,26.5,-0.2,-0.05,19,-16.7,82,85,A+,B,C+,90
CFG,Citizens Financial Group,BANKS,Banks-Northeast,14,NYSE,53.29,0.7,0.35,4688,27.8,91,92,A+,C,B,92
CFSB,C F S B Bancorp Inc,BANKS,Banks-Northeast,14,NASDAQ,10.36,-0.3,-0.03,44,-34.3,39,75,A+,D,-,71
CHMG,Chemung Financial Corp,BANKS,Banks-Northeast,14,NASDAQ,45.61,-0.3,-0.12,1,-78.7,87,83,A+,B,C+,90
CLBK,Columbia Financial Inc,BANKS,Banks-Northeast,14,NASDAQ,21.4,0.8,0.17,90,-5.7,79,92,A+,C,B,92
CNOB,Connectone Bancorp Inc,BANKS,Banks-Northeast,14,NASDAQ,32.81,-0.4,-0.15,74,-31.5,81,91,A+,C,D-,87
CUBI,Customers Bancorp Inc,BANKS,Banks-Northeast,14,NYSE,59.5,1.4,0.84,186,-55.2,95,98,A+,A,E,92
CVLY,Codorus Valley Bancorp,BANKS,Banks-Northeast,14,NASDAQ,21.65,0.7,0.14,0,-99.2,41,85,A+,D,C,73
CZNC,Citizens & Northern Corp,BANKS,Banks-Northeast,14,NASDAQ,25.02,0,-0.01,19,39,69,77,A+,B,E,77
DCOM,Dime Community Bancshrs,BANKS,Banks-Northeast,14,NASDAQ,34.24,-1.3,-0.46,78,-18.2,85,81,A+,A,C+,96
EBC,Eastern Bankshares Inc,BANKS,Banks-Northeast,14,NASDAQ,20.95,-0.8,-0.16,423,-8.1,89,84,A+,C,B,94
EBTC,Enterprise Bancorp Mass,BANKS,Banks-Northeast,14,NASDAQ,39.95,-1.7,-0.68,8,-14.6,75,94,A+,B,B-,92
EGBN,Eagle Bancorp Inc,BANKS,Banks-Northeast,14,NASDAQ,59.73,-0.5,-0.28,47,-23,68,89,A+,C,A-,90
EMCF,Emclaire Financial Corp,BANKS,Banks-Northeast,14,NASDAQ,28.95,0.2,0.06,0,-45.5,78,81,A+,C,C,86
EVBN,Evans Bancorp Inc,BANKS,Banks-Northeast,14,AMEX,43.35,-0.4,-0.16,13,108.6,84,92,A+,B,C+,95
FCF,First Commonwealth Finl,BANKS,Banks-Northeast,14,NYSE,16.63,-0.4,-0.07,348,15.7,84,92,A+,B,B-,91
FDBC,Fidelity D&D Bancorp Inc,BANKS,Banks-Northeast,14,NASDAQ,51,-1.5,-0.77,1,-77.5,89,55,A+,A,D,86
FFIC,Flushing Financial Corp,BANKS,Banks-Northeast,14,NASDAQ,23.65,-0.1,-0.03,105,51.9,79,81,A+,B,D-,88
FISI,Financial Institutions,BANKS,Banks-Northeast,14,NASDAQ,32.35,-0.9,-0.28,35,19.1,92,84,A+,A,B,95
FLIC,First Long Island Corp,BANKS,Banks-Northeast,14,NASDAQ,21.82,-0.4,-0.09,42,18.5,57,84,A+,C,B+,82
FNB,F N B Corp,BANKS,Banks-Northeast,14,NYSE,13.13,-0.2,-0.03,1575,-7.2,68,88,A+,C,D-,78
FNCB,F N C B Bancorp Inc,BANKS,Banks-Northeast,14,NASDAQ,9.01,0.1,0.01,8,-14.3,77,91,A+,B,B,93
FNLC,First Bancorp Inc,BANKS,Banks-Northeast,14,NASDAQ,31.2,-1.8,-0.56,10,-18.2,91,88,A+,A,D+,94
FRAF,Franklin Financial Svcs,BANKS,Banks-Northeast,14,NASDAQ,33.75,-0.7,-0.25,1,-47.7,82,86,A+,B,D+,92
FRBA,First Bank NJ,BANKS,Banks-Northeast,14,NASDAQ,14.31,0,-0.01,20,8.5,91,88,A+,B,C+,93
FRBK,Republic First Bancorp,BANKS,Banks-Northeast,14,NASDAQ,5.16,0.3,0.02,1617,565.5,67,98,A+,B,A,96
FULT,Fulton Financial Corp Pa,BANKS,Banks-Northeast,14,NASDAQ,18.2,0.1,0.01,563,-15.5,79,90,A+,B,D+,87
FUNC,First United Corp,BANKS,Banks-Northeast,14,NASDAQ,19.51,-1.4,-0.29,1,-82.2,93,85,A+,B,B-,98
GBNY,Generations Bancorp NY,BANKS,Banks-Northeast,14,NASDAQ,11.81,0.3,0.04,1,-48.6,13,88,A+,C,D,66
GLBZ,Glen Burnie Bancorp,BANKS,Banks-Northeast,14,NASDAQ,11.79,-5.2,-0.65,2,-10,75,75,A+,D,C+,85
HIFS,Hingham Instn Svgs Ma,BANKS,Banks-Northeast,14,NASDAQ,375,-2.3,-9,0,-97.1,71,95,A+,A,C-,93
HONE,Harborone Bancorp Inc,BANKS,Banks-Northeast,14,NASDAQ,14.33,0.1,0.01,119,21.1,75,81,A+,C,E,78
HVBC,H V Bancorp Inc,BANKS,Banks-Northeast,14,NASDAQ,20.9,0,0,0,0,56,69,A+,B,E,72
INDB,Independent Bank Corp Ma,BANKS,Banks-Northeast,14,NASDAQ,83.07,-1.3,-1.09,67,-35.8,82,77,A+,B,B+,93
LBAI,Lakeland Bancorp Inc,BANKS,Banks-Northeast,14,NASDAQ,18.78,-0.9,-0.18,77,-38.7,90,89,A+,C,A+,93
MCB,Metropolitan Bank Hldg,BANKS,Banks-Northeast,14,NYSE,102.63,-0.6,-0.6,42,-52.8,94,98,A+,A,D-,99
MPB,Mid Penn Bancorp Inc,BANKS,Banks-Northeast,14,NASDAQ,28.7,-2.1,-0.61,16,-70.6,78,86,A+,A,C,94
MRBK,Meridian Corp,BANKS,Banks-Northeast,14,NASDAQ,36.91,0,0.01,21,75.3,75,97,A+,B,B-,93
MTB,M & T Bank Corp,BANKS,Banks-Northeast,14,NYSE,175.58,1.6,2.73,789,-14.9,66,91,A+,C,C,83
NBN,Northeast Bank,BANKS,Banks-Northeast,14,NASDAQ,38.01,0.9,0.34,8,-65.6,94,95,A+,A,B-,97
NBTB,N B T Bancorp,BANKS,Banks-Northeast,14,NASDAQ,38.4,-0.3,-0.13,74,6.6,74,81,A+,B,D,85
NWFL,Norwood Financial Corp,BANKS,Banks-Northeast,14,NASDAQ,28.01,-2.4,-0.68,14,158.4,87,88,A+,A,B,94
OBT,Orange County Bancorp,BANKS,Banks-Northeast,14,NASDAQ,40.54,-1.1,-0.46,0,-98.7,99,91,A+,A,A-,98
ORRF,Orrstown Financial Svcs,BANKS,Banks-Northeast,14,NASDAQ,24.18,-2.4,-0.59,24,97.9,77,87,A+,C,D+,87
PBBK,PB Bankshares Inc,BANKS,Banks-Northeast,14,NASDAQ,13.8,0,0,0,0,69,77,A+,D,D+,84
PBFS,Pioneer Bancorp Inc,BANKS,Banks-Northeast,14,NASDAQ,11.49,-0.2,-0.02,5,-42.7,20,52,A+,E,C,50
PBIP,Prudential Bancorp Inc,BANKS,Banks-Northeast,14,NASDAQ,14.2,-0.3,-0.04,0,-87.9,79,72,A+,D,D+,78
PCSB,P C S B Financial Corp,BANKS,Banks-Northeast,14,NASDAQ,18.92,-0.1,-0.02,9,-73.2,97,84,A+,C,D-,95
PDLB,Ponce Financial Grp Inc,BANKS,Banks-Northeast,14,NASDAQ,10.71,0.1,0.01,141,363.8,34,28,A+,B,D-,53
PFIS,Peoples Financial Svcs,BANKS,Banks-Northeast,14,NASDAQ,49.67,-1.5,-0.78,3,-75.5,90,90,A+,A,B-,96
PFS,Provident Financial Svcs,BANKS,Banks-Northeast,14,NYSE,23.79,-1.6,-0.38,156,2.3,59,83,A+,B,C+,83
PGC,Peapack Gladstone Finl,BANKS,Banks-Northeast,14,NASDAQ,37.34,0.5,0.19,32,30.6,72,93,A+,B,A-,96
PKBK,Parke Bancorp Inc,BANKS,Banks-Northeast,14,NASDAQ,24,-0.8,-0.19,15,7.2,91,91,A+,A,B,95
PNBK,Patriot National Bancorp,BANKS,Banks-Northeast,14,NASDAQ,15.2,-1.6,-0.25,0,-95.5,69,98,A+,E,B-,87
PTRS,Partners Bancorp,BANKS,Banks-Northeast,14,NASDAQ,10.09,-0.3,-0.03,4,-65.5,91,95,A+,C,B+,93
PVBC,Provident Bancorp Inc,BANKS,Banks-Northeast,14,NASDAQ,17.4,-3.1,-0.56,36,70.8,51,90,A+,B,B+,89
PWOD,Penns Woods Bancorp Inc,BANKS,Banks-Northeast,14,NASDAQ,24.28,0.3,0.08,5,-49.5,69,75,A+,C,C+,80
RNDB,Randolph Bancorp Inc,BANKS,Banks-Northeast,14,NASDAQ,25.02,0.1,0.02,39,814,10,91,A+,C,B,70
SAL,Salisbury Bancorp Inc,BANKS,Banks-Northeast,14,NASDAQ,57.01,0.5,0.31,0,-87.2,87,93,A+,B,B-,95
SASR,Sandy Spring Bancorp Inc,BANKS,Banks-Northeast,14,NASDAQ,47.4,-0.7,-0.32,96,-14.9,70,87,A+,B,C,87
SBNY,Signature Bank,BANKS,Banks-Northeast,14,NASDAQ,317.63,-0.3,-1,479,-31.3,83,96,A+,A,E,96
SHBI,Shore Bancshares Inc,BANKS,Banks-Northeast,14,NASDAQ,20.01,-0.5,-0.11,8,-77,78,92,A+,B,B-,92
STBA,S & T Bancorp Inc,BANKS,Banks-Northeast,14,NASDAQ,30.9,-0.8,-0.25,58,2.1,57,72,A+,C,B,76
TBBK,Bancorp Inc,BANKS,Banks-Northeast,14,NASDAQ,31.04,2.2,0.67,403,62.6,91,94,A+,A,B+,98
TCFC,Community Financial Crp,BANKS,Banks-Northeast,14,NASDAQ,40.2,0.8,0.3,3,-40.2,88,91,A+,C,C,92
TMP,Tompkins Financial Corp,BANKS,Banks-Northeast,14,AMEX,79.74,-1.4,-1.17,20,32.6,53,77,A+,C,C-,73
TSC,TriState Capital Hld Inc,BANKS,Banks-Northeast,14,NASDAQ,32.71,0.8,0.27,176,-14.3,84,96,A+,B,B+,98
UNB,Union Bankshares Inc,BANKS,Banks-Northeast,14,NASDAQ,30.78,0.6,0.18,2,-38.8,67,52,A+,B,D-,72
UNTY,Unity Bancorp Inc,BANKS,Banks-Northeast,14,NASDAQ,29.14,-1.2,-0.36,29,101.2,94,95,A+,A,B+,95
UVSP,Univest Financial Corp,BANKS,Banks-Northeast,14,NASDAQ,30.17,-0.6,-0.18,45,-3.2,61,86,A+,B,B-,86
VLY,Valley National Bancorp,BANKS,Banks-Northeast,14,NASDAQ,13.87,0,-0.01,1298,-6.7,78,83,A+,C,B-,88
WASH,Washington Tr Bancorp,BANKS,Banks-Northeast,14,NASDAQ,57.21,-0.6,-0.36,28,-6.3,66,89,A+,C,D-,80
WBS,Webster Financial Corp,BANKS,Banks-Northeast,14,NYSE,59.49,-1.3,-0.76,2060,175,86,89,A+,C,C-,89
WMPN,William Penn Bancorp,BANKS,Banks-Northeast,14,NASDAQ,12.59,-0.2,-0.02,14,15.4,78,81,A+,C,B+,90
WVFC,W V S Financial Corp,BANKS,Banks-Northeast,14,NASDAQ,15.3,-2.2,-0.34,2,1002,33,60,A+,D,C,63
ABCB,Ameris Bancorp,BANKS,Banks-Southeast,28,NASDAQ,49.18,0.9,0.42,353,63.4,63,55,A,C,C-,69
ACBI,Atlantic Capital Bancshr,BANKS,Banks-Southeast,28,NASDAQ,30.39,0.2,0.08,70,-15.3,94,94,A,A,C,96
AFBI,Affinity Bancshares Inc,BANKS,Banks-Southeast,28,NASDAQ,15,-3.2,-0.49,10,109.6,51,93,A,B,C+,83
AMNB,American National Bnkshr,BANKS,Banks-Southeast,28,NASDAQ,37.63,0.2,0.08,16,53.9,87,87,A,B,B,93
AMTB,Amerant Bancorp Inc Cl A,BANKS,Banks-Southeast,28,NASDAQ,34.53,-3.7,-1.35,59,-43.6,51,99,A,D,A-,93
AUB,Atlantic UnionBankshares,BANKS,Banks-Southeast,28,NASDAQ,40.23,-2.7,-1.12,240,20.5,66,89,A,C,B,84
AUBN,Auburn National Bancorp,BANKS,Banks-Southeast,28,NASDAQ,33.7,1.8,0.6,1,-43,45,42,A,C,C,51
BAFN,Bayfirst Financial Corp,BANKS,Banks-Southeast,28,NASDAQ,21.5,0,0,0,-81.6,34,33,A,B,E,55
BKSC,Bank Of South Carol Corp,BANKS,Banks-Southeast,28,NASDAQ,20.63,1.9,0.39,6,127.3,49,72,A,B,B+,84
BOTJ,Bank of the James Fincl,BANKS,Banks-Southeast,28,NASDAQ,16,5.7,0.87,6,169.6,90,60,A,C,C-,73
BPOP,Popular Inc,BANKS,Banks-Southeast,28,NASDAQ,91.39,-0.9,-0.83,385,3.9,93,95,A,B,B+,95
BRBS,Blue Ridge Bankshares,BANKS,Banks-Southeast,28,AMEX,18.04,-1,-0.19,57,18.2,75,87,A,A,C+,97
CARE,Carter Bankshares Inc,BANKS,Banks-Southeast,28,NASDAQ,15.24,-0.4,-0.06,62,39.6,97,92,A,D,B-,92
CBAN,Colony Bankcorp Inc,BANKS,Banks-Southeast,28,NASDAQ,16.47,-0.2,-0.03,3,-72.9,73,52,A,A,E,79
CCBG,Capital City Bk Gp,BANKS,Banks-Southeast,28,NASDAQ,27.7,0.3,0.08,11,0.6,73,85,A,C,A-,90
CFFI,C & F Financial Corp,BANKS,Banks-Southeast,28,NASDAQ,51.45,-0.7,-0.39,3,136.7,76,86,A,C,A-,91
CHCO,City Holding Co,BANKS,Banks-Southeast,28,NASDAQ,79.12,-1,-0.82,37,19.5,76,77,A,C,E,75
CIZN,Citizens Holding Company,BANKS,Banks-Southeast,28,NASDAQ,17.95,0,0,0,0,41,48,A,D,B-,53
CLST,Catalyst Bancorp Inc,BANKS,Banks-Southeast,28,NASDAQ,13.7,0.1,0.01,2,-63.8,69,65,A,C,A,87
CSTR,Capstar Financial Hldgs,BANKS,Banks-Southeast,28,NASDAQ,21.18,-0.3,-0.07,32,17.4,87,84,A,B,C,90
CTBI,Community Trust Bancorp,BANKS,Banks-Southeast,28,NASDAQ,43.57,-1.1,-0.49,24,2.5,84,79,A,B,E,82
CULL,Cullman Bancorp Inc,BANKS,Banks-Southeast,28,NASDAQ,12.09,0,0,0,0,34,72,A,D,C,65
FBK,FB Financial Corporation,BANKS,Banks-Southeast,28,NYSE,44.65,-0.5,-0.24,86,14.6,57,84,A,B,C+,82
FBMS,First Bancshares Inc Ms,BANKS,Banks-Southeast,28,NASDAQ,35.86,-1,-0.38,24,-23.1,86,48,A,C,D+,70
FBNC,First Bancorp Nc,BANKS,Banks-Southeast,28,NASDAQ,43.1,-1.2,-0.52,64,-10.8,65,72,A,B,C-,80
FBP,First Bancorp Hldg Co,BANKS,Banks-Southeast,28,NYSE,14.8,-2.1,-0.31,1416,28.7,92,94,A,A,D+,93
FCBC,First Community Bankshrs,BANKS,Banks-Southeast,28,NASDAQ,30.24,-1.3,-0.4,13,-19.4,77,77,A,C,E,74
FCCO,First Community Corp,BANKS,Banks-Southeast,28,NASDAQ,20.87,-2.6,-0.56,8,8.9,86,86,A,B,D-,87
FCNCA,First Citizens Bancshs A,BANKS,Banks-Southeast,28,NASDAQ,785.28,-0.6,-4.67,94,-7.2,74,69,A,B,C,84
FGBI,First Guaranty Bancshrs,BANKS,Banks-Southeast,28,NASDAQ,19.94,-1.2,-0.25,6,-27.9,86,91,A,C,B,92
FHN,First Horizon Corp,BANKS,Banks-Southeast,28,NYSE,17.43,-0.3,-0.06,3501,1.1,74,81,A,A,C,85
FRST,Primis Financial Corp,BANKS,Banks-Southeast,28,NASDAQ,14.88,-1.3,-0.19,20,-36,56,77,A,D,B-,74
FUSB,First US Bancshares Inc,BANKS,Banks-Southeast,28,NASDAQ,10.9,0.7,0.08,13,275.6,95,75,A,D,B-,84
FVCB,FVCBankcorp Inc,BANKS,Banks-Southeast,28,NASDAQ,21.02,0.6,0.12,31,24.8,93,86,A,B,B-,93
FXNC,First National Corp,BANKS,Banks-Southeast,28,NASDAQ,22.99,0.4,0.1,0,-90.9,53,88,A,B,C+,91
HOMB,Home Bancshares Inc,BANKS,Banks-Southeast,28,NYSE,23.68,-0.5,-0.13,283,-8.2,59,65,A,C,D,68
HTBI,Hometrust Bancshares Inc,BANKS,Banks-Southeast,28,NASDAQ,31.06,-0.2,-0.06,56,58.3,90,91,A,C,B-,91
HWC,Hancock Whitney Corp,BANKS,Banks-Southeast,28,NASDAQ,53.94,0.3,0.15,190,-25.7,90,93,A,C,C+,94
ISTR,Investar Holding Corp,BANKS,Banks-Southeast,28,NASDAQ,19.45,-1.9,-0.37,11,3.9,39,72,A,C,B-,70
LMST,Limestone Bancorp Inc,BANKS,Banks-Southeast,28,NASDAQ,19.2,-1.2,-0.24,11,507.6,79,92,A,B,B,90
LOB,Live Oak Bancshares Inc,BANKS,Banks-Southeast,28,NASDAQ,59.67,1.5,0.91,241,-4.9,57,37,A,A,E,56
MCBS,Metrocity Bankshares Inc,BANKS,Banks-Southeast,28,NASDAQ,24.89,-0.6,-0.14,14,-30,94,96,A,A,D-,95
MNSB,Mainstreet Bancshares,BANKS,Banks-Southeast,28,NASDAQ,24.9,0.8,0.2,5,-42,64,88,A,B,C-,84
MVBF,MVB Financial Corp,BANKS,Banks-Southeast,28,NASDAQ,40.51,0,0,24,34.8,87,89,A,C,B,94
NKSH,National Bankshares Va,BANKS,Banks-Southeast,28,NASDAQ,36.07,-1.5,-0.54,8,35.6,87,75,A,B,B-,91
OBNK,Origin Bancorp Inc,BANKS,Banks-Southeast,28,NASDAQ,43.54,0.6,0.28,43,65.4,97,81,A,B,B-,93
OFG,O F G Bancorp,BANKS,Banks-Southeast,28,NYSE,27.13,-2.1,-0.59,163,25.4,90,93,A,C,D,90
OPHC,Optimumbank Holdings Inc,BANKS,Banks-Southeast,28,NASDAQ,4.45,-9.2,-0.45,204,215.6,69,87,A,C,C-,86
OPOF,Old Point Financial Corp,BANKS,Banks-Southeast,28,NASDAQ,24.35,0,0,5,145.8,90,89,A,C,B-,90
OZK,Bank Ozk,BANKS,Banks-Southeast,28,NASDAQ,47.73,0,-0.01,348,-13.4,70,88,A,B,C,85
PEBK,Peoples Bancorp Nc,BANKS,Banks-Southeast,28,NASDAQ,28.5,0.2,0.06,6,57.3,75,88,A,B,C,86
PFHD,Professional Hldg Cl A,BANKS,Banks-Southeast,28,NASDAQ,21.11,1,0.21,6,-76.9,84,89,A,B,A-,93
PNFP,Pinnacle Financial Prtnr,BANKS,Banks-Southeast,28,NASDAQ,97.74,0.3,0.27,233,-18.6,78,86,A,B,C-,87
RBCAA,Republic Bancorp Ky Cl A,BANKS,Banks-Southeast,28,NASDAQ,49.03,-0.1,-0.06,13,-7.1,62,77,A,B,C+,79
RNST,Renasant Corporation,BANKS,Banks-Southeast,28,NASDAQ,35.99,-1.4,-0.5,280,76.4,54,48,A,C,D,58
RRBI,Red River Bancshares Inc,BANKS,Banks-Southeast,28,NASDAQ,51.83,-0.7,-0.37,1,-70.4,88,65,A,B,C,82
SBCF,Seacoast Banking Corp Fl,BANKS,Banks-Southeast,28,NASDAQ,36.18,-1.1,-0.39,175,0.5,77,81,A,B,B,89
SFBS,Servisfirst Bancshares,BANKS,Banks-Southeast,28,NYSE,84.04,-0.2,-0.14,95,-3.6,88,96,A,A,B,95
SFNC,Simmons First Natl Cp A,BANKS,Banks-Southeast,28,NASDAQ,28.52,-0.4,-0.11,220,-46.2,66,60,A,C,D-,66
SFST,Southern First Bancshrs,BANKS,Banks-Southeast,28,NASDAQ,58,-1.6,-0.97,9,-55.4,95,92,A,C,B,91
SMBK,Smartfinancial Inc,BANKS,Banks-Southeast,28,NASDAQ,26.36,-1.4,-0.37,10,-63.6,84,88,A,B,B-,94
SMMF,Summit Financial Group,BANKS,Banks-Southeast,28,NASDAQ,27.65,0,-0.01,7,-57.3,88,88,A,B,B,95
SNV,Synovus Financial Corp,BANKS,Banks-Southeast,28,NYSE,50.39,-0.3,-0.17,460,-25.4,83,89,A,B,C,87
SSB,Southstate Corp,BANKS,Banks-Southeast,28,NASDAQ,85.2,0.4,0.38,231,2.1,72,86,A,A,C,88
SSBK,Southern States Bancshr,BANKS,Banks-Southeast,28,NASDAQ,21.01,0.2,0.04,0,-92.7,87,81,A,A,B,96
SYBT,Stock Yards Bancorp Inc,BANKS,Banks-Southeast,28,NASDAQ,58.13,-2.5,-1.46,33,-1.7,90,88,A,A,D-,94
TCBC,Tc Bancshares Inc,BANKS,Banks-Southeast,28,NASDAQ,13.46,-0.3,-0.04,0,-94.2,69,83,A,C,B+,89
TOWN,Townebank,BANKS,Banks-Southeast,28,NASDAQ,31.12,-1,-0.31,89,-28.7,75,81,A,C,B,87
TRMK,Trustmark Corp,BANKS,Banks-Southeast,28,NASDAQ,32.28,-1.2,-0.4,105,-25.8,50,79,A,C,C+,72
UBSI,United Bankshares W Va,BANKS,Banks-Southeast,28,NASDAQ,35.72,-1.6,-0.58,317,-20.9,52,60,A,C,C,66
UCBI,United Community Banks,BANKS,Banks-Southeast,28,NASDAQ,35.88,0.4,0.13,440,0.3,76,86,A,B,D+,85
USCB,Uscb Finl Hldgs Cl A,BANKS,Banks-Southeast,28,NASDAQ,14.53,-0.5,-0.07,0,-94.5,11,95,A,B,C+,76
VABK,Virginia Natl Bankshrs,BANKS,Banks-Southeast,28,NASDAQ,36.58,0,0,0,0,73,93,A,A,B-,94
VBFC,Village Bank & Tr Finl,BANKS,Banks-Southeast,28,NASDAQ,57.78,0,0,0,0,95,94,A,A,C+,95
WSBC,Wesbanco Inc,BANKS,Banks-Southeast,28,NASDAQ,36.07,0.6,0.22,189,11.1,53,79,A,C,C-,71
CMA,Comerica Inc,BANKS,Banks-Super Regional,52,NYSE,95.4,0.4,0.36,843,-9.3,71,95,B+,C,D+,80
FITB,Fifth Third Bancorp,BANKS,Banks-Super Regional,52,NASDAQ,46.65,1.5,0.71,4183,14,79,92,B+,C,D+,82
HBAN,Huntington Bancshares,BANKS,Banks-Super Regional,52,NASDAQ,15.84,1.8,0.28,8713,-6.6,75,77,B+,A,D+,84
KEY,Keycorp,BANKS,Banks-Super Regional,52,NYSE,25.84,1.1,0.29,4042,-34.6,81,93,B+,B,C+,87
NTRS,Northern Trust Corp,BANKS,Banks-Super Regional,52,NASDAQ,120.23,1,1.22,493,-7.4,84,81,B+,B,D,82
PNC,P N C Financial Svcs Grp,BANKS,Banks-Super Regional,52,NYSE,211.14,0.7,1.4,1000,-19.6,59,88,B+,B,C,86
RF,Regions Financial Corp,BANKS,Banks-Super Regional,52,NYSE,23.83,1,0.23,4793,-34.2,65,87,B+,C,C-,78
SIVB,S V B Financial Group,BANKS,Banks-Super Regional,52,NASDAQ,606.8,0.2,0.92,325,3.6,72,72,B+,B,D+,81
TFC,Truist Financial Corp,BANKS,Banks-Super Regional,52,NYSE,64.61,0.9,0.59,3584,-11.5,85,86,B+,C,B-,84
USB,U S Bancorp Inc,BANKS,Banks-Super Regional,52,NYSE,59.9,1.1,0.63,3605,-19.6,73,83,B+,C,D,76
ABTX,Allegiance Bancshares,BANKS,Banks-West/Southwest,26,NASDAQ,42.27,-2,-0.88,22,-33.1,88,88,A,B,D-,88
BANF,Bancfirst Corp,BANKS,Banks-West/Southwest,26,NASDAQ,75.14,0.1,0.05,54,-2.9,82,92,A,B,B-,95
BANR,Banner Corporation,BANKS,Banks-West/Southwest,26,NASDAQ,60.51,-1.9,-1.18,160,105.7,87,89,A,C,B-,89
BCML,Baycom Corp,BANKS,Banks-West/Southwest,26,NASDAQ,21.13,-0.1,-0.02,4,-67.4,93,93,A,C,A-,92
BMRC,Bank Of Marin Bancorp,BANKS,Banks-West/Southwest,26,NASDAQ,37.03,-0.3,-0.12,22,-9.6,75,65,A,B,B-,89
BOH,Bank Of Hawaii Corp,BANKS,Banks-West/Southwest,26,NYSE,85.7,-1,-0.86,91,-7.7,82,72,A,B,D+,80
BOKF,B O K Financial Corp,BANKS,Banks-West/Southwest,26,NASDAQ,104.52,0,0,87,-26.2,69,89,A,C,D+,80
BSRR,Sierra Bancorp,BANKS,Banks-West/Southwest,26,NASDAQ,26.51,-0.4,-0.11,14,-39.1,78,83,A,B,C-,85
BSVN,Bank7 Corp,BANKS,Banks-West/Southwest,26,NASDAQ,23.76,-0.4,-0.1,2,-91.4,65,91,A,A,C+,91
CADE,Cadence Bank,BANKS,Banks-West/Southwest,26,NYSE,31.23,-0.7,-0.21,786,-8.7,78,98,A,B,C,94
CALB,California Bancorp,BANKS,Banks-West/Southwest,26,NASDAQ,21,-4.3,-0.95,5,17.4,79,96,A,B,B-,92
CATY,Cathay General Bancorp,BANKS,Banks-West/Southwest,26,NASDAQ,46.55,0.1,0.04,244,18.1,77,91,A,C,B-,90
CBTX,Cbtx Inc,BANKS,Banks-West/Southwest,26,NASDAQ,28.72,-2.8,-0.82,47,-28.6,49,81,A,C,B,74
CFR,Cullen Frost Bankers Inc,BANKS,Banks-West/Southwest,26,NYSE,140.87,-0.9,-1.32,261,17.3,62,93,A,C,B+,87
COLB,Columbia Banking System,BANKS,Banks-West/Southwest,26,NASDAQ,34.67,-0.4,-0.15,588,22.3,55,39,A,B,D+,58
CPF,Central Pacific Finl Cp,BANKS,Banks-West/Southwest,26,NYSE,28.63,-1.1,-0.31,89,11.9,86,88,A,B,C+,89
CVBF,C V B Financial Corp,BANKS,Banks-West/Southwest,26,NASDAQ,22.32,1.4,0.31,806,132.2,63,84,A,C,C-,77
CVCY,Central Valley Comm Banc,BANKS,Banks-West/Southwest,26,NASDAQ,22.83,1,0.23,37,73.8,74,88,A,B,B-,90
CWBC,Community West Bancshare,BANKS,Banks-West/Southwest,26,NASDAQ,13.57,-0.8,-0.11,8,75.5,82,90,A,B,C+,92
EBMT,Eagle Bancorp Montana,BANKS,Banks-West/Southwest,26,NASDAQ,22.66,1.2,0.26,2,-63.1,54,69,A,C,D+,71
EWBC,East West Bancorp Inc,BANKS,Banks-West/Southwest,26,NASDAQ,86.17,-0.9,-0.78,765,25.5,87,91,A,A,B,95
FFIN,First Finl Bankshares,BANKS,Banks-West/Southwest,26,NASDAQ,46.8,-2.2,-1.07,404,56.7,77,65,A,B,B-,82
FFWM,First Foundation Inc,BANKS,Banks-West/Southwest,26,NASDAQ,25.96,-0.3,-0.09,163,29.8,84,83,A,A,B+,96
FHB,First Hawaiian Inc,BANKS,Banks-West/Southwest,26,NASDAQ,28.58,-1.1,-0.32,322,-14.4,52,83,A,C,B-,76
FIBK,First Intrstate Bncsys A,BANKS,Banks-West/Southwest,26,NASDAQ,36.99,-3.7,-1.42,1036,147.3,61,33,A,C,D+,53
FINW,Finwise Bancorp,BANKS,Banks-West/Southwest,26,NASDAQ,18.72,-3.5,-0.68,39,-41.8,64,98,A,A,A+,99
FNWB,First Northwest Bancorp,BANKS,Banks-West/Southwest,26,NASDAQ,23.25,0,0,17,48.5,93,97,A,B,A+,99
FRC,First Republic Bank,BANKS,Banks-West/Southwest,26,NYSE,178.17,0.8,1.4,899,9,88,39,A,A,E,74
FSBC,Five Star Bancorp,BANKS,Banks-West/Southwest,26,NASDAQ,30.15,-0.2,-0.06,17,-48.1,91,92,A,A,A-,94
FSBW,F S Bancorp,BANKS,Banks-West/Southwest,26,NASDAQ,33.28,0.3,0.09,5,-25.5,62,65,A,C,D,73
GBCI,Glacier Bancorp Inc,BANKS,Banks-West/Southwest,26,NYSE,51.23,-1.4,-0.71,265,38.4,60,44,A,B,C-,68
GNTY,Guaranty Bancshares Inc,BANKS,Banks-West/Southwest,26,NASDAQ,35.5,0.4,0.15,3,-77.1,70,48,A,B,C-,72
HAFC,Hanmi Financial Corp,BANKS,Banks-West/Southwest,26,NASDAQ,26.88,-0.4,-0.12,91,-8.8,75,97,A,B,B+,93
HFWA,Heritage Financial Corp,BANKS,Banks-West/Southwest,26,NASDAQ,24.63,0.5,0.12,140,18.4,58,52,A,C,B-,68
HMST,HomeStreet Inc,BANKS,Banks-West/Southwest,26,NASDAQ,48.43,-1,-0.47,73,-1,69,90,A,C,B-,86
HOPE,Hope Bancorp Inc,BANKS,Banks-West/Southwest,26,NASDAQ,16.62,-1.2,-0.2,405,-8.8,80,93,A,C,C-,86
HTBK,Heritage Commerce Corp,BANKS,Banks-West/Southwest,26,NASDAQ,12.21,-1.7,-0.21,147,37.5,63,88,A,B,B,89
HTH,Hilltop Hldgs Inc,BANKS,Banks-West/Southwest,26,NYSE,32.71,-0.8,-0.25,218,7.8,61,48,A,C,C,67
IBOC,Intl Bancshares Corp,BANKS,Banks-West/Southwest,26,NASDAQ,41.72,-1.9,-0.79,110,2.5,88,65,A,B,B-,85
IBTX,Independent Bank Group,BANKS,Banks-West/Southwest,26,NASDAQ,77.15,0.5,0.36,163,35.6,62,84,A,C,B-,81
LBC,Luther Burbank Corp,BANKS,Banks-West/Southwest,26,NASDAQ,12.85,-0.1,-0.02,20,16.8,81,77,A,C,E,79
MYFW,First Western Financial,BANKS,Banks-West/Southwest,26,NASDAQ,31.85,-0.8,-0.25,20,140.6,73,95,A,B,B,91
NBHC,National Bank Holdings,BANKS,Banks-West/Southwest,26,NYSE,45.17,-1.1,-0.51,54,-22.2,67,91,A,C,B-,86
NRIM,Northrim Bancorp Inc,BANKS,Banks-West/Southwest,26,NASDAQ,43.5,-1.4,-0.61,10,-9.3,64,84,A,B,C,85
OVLY,Oak Valley Bancorp,BANKS,Banks-West/Southwest,26,NASDAQ,18.23,-0.2,-0.04,2,-62.6,73,79,A,B,B-,88
PACW,Pacwest Bancorp,BANKS,Banks-West/Southwest,26,NASDAQ,47.15,-0.9,-0.45,387,-30.1,74,89,A,A,C-,94
PB,Prosperity Bancshares,BANKS,Banks-West/Southwest,26,NYSE,73.35,-0.8,-0.62,255,24,59,69,A,C,D,69
PCB,Pcb Bancorp,BANKS,Banks-West/Southwest,26,NASDAQ,23.08,0.6,0.14,112,153.8,93,96,A,A,B-,95
PFBC,Preferred Bank Los Angls,BANKS,Banks-West/Southwest,26,NASDAQ,79.37,1.4,1.1,43,-4.9,91,95,A,B,C,91
PLBC,Plumas Bancorp Quincy Ca,BANKS,Banks-West/Southwest,26,NASDAQ,37.94,0,0.01,13,140,88,94,A,A,B+,97
PPBI,Pacific Premier Bancorp,BANKS,Banks-West/Southwest,26,NASDAQ,38.25,-1.6,-0.63,213,7.9,78,44,A,A,D-,71
SBSI,Southside Bancshares Inc,BANKS,Banks-West/Southwest,26,NASDAQ,41.96,0.5,0.2,58,45.1,63,85,A,C,B-,83
SFBC,Sound Financial Bancorp,BANKS,Banks-West/Southwest,26,NASDAQ,43.65,0,0,0,0,57,84,A,C,D+,78
SI,Silvergate Cap Corp Cl A,BANKS,Banks-West/Southwest,26,NYSE,104.53,-5.7,-6.35,670,-38,98,29,A,A,C-,75
SPFI,South Plains Financial,BANKS,Banks-West/Southwest,26,NASDAQ,28.46,0.6,0.18,16,4.9,67,93,A,C,B,89
STXB,Spirit of Texas Bancshr,BANKS,Banks-West/Southwest,26,NASDAQ,27.73,-0.6,-0.16,34,-63.2,85,94,A,C,B,92
TBK,Triumph Bancorp Inc,BANKS,Banks-West/Southwest,26,NASDAQ,87.29,-0.4,-0.34,68,-39.4,66,65,A,B,E,65
TCBI,Texas Capital Bancshares,BANKS,Banks-West/Southwest,26,NASDAQ,63.93,0.2,0.16,221,-21.7,52,60,A,C,C,58
TCBK,Trico Bancshares,BANKS,Banks-West/Southwest,26,NASDAQ,43.95,-0.7,-0.3,46,33.1,84,75,A,B,B,87
TCBS,Texas Comunty Bancshares,BANKS,Banks-West/Southwest,26,NASDAQ,16.87,2.9,0.47,2,-29.9,12,83,A,D,B-,63
TCBX,Third Coast Bancshares,BANKS,Banks-West/Southwest,26,NASDAQ,23.83,-3.5,-0.87,17,-66.3,20,60,A,B,C-,64
TSBK,Timberland Bancorp Inc,BANKS,Banks-West/Southwest,26,NASDAQ,27.9,0.4,0.1,7,-36.5,62,65,A,C,C-,75
UBFO,United Security Bncsh Ca,BANKS,Banks-West/Southwest,26,NASDAQ,8.22,0,0,4,-70.3,67,81,A,B,B+,94
UMPQ,Umpqua Holdings Corp,BANKS,Banks-West/Southwest,26,NASDAQ,20.46,-0.4,-0.09,1038,13.5,19,85,A,C,C+,67
VBTX,Veritex Holdings Inc,BANKS,Banks-West/Southwest,26,NASDAQ,40.19,-0.5,-0.2,163,27,92,90,A,B,C,94
WABC,Westamerica Bancorp,BANKS,Banks-West/Southwest,26,NASDAQ,57.76,-0.7,-0.42,35,-15.1,63,69,A,B,B-,79
WAFD,Washington Federal Inc,BANKS,Banks-West/Southwest,26,NASDAQ,35.02,0.1,0.04,266,20.8,80,83,A,B,B+,92
WAL,Western Alliance Bancorp,BANKS,Banks-West/Southwest,26,NYSE,99.25,-0.3,-0.3,783,22.2,94,69,A,A,D+,94
ZION,Zions Bancorp NA,BANKS,Banks-West/Southwest,26,NASDAQ,69.44,0.6,0.39,625,-34.3,75,94,A,B,B+,93
AAON,A A O N Inc,BUILDING,Bldg-A/C & Heating Prds,113,NASDAQ,61.9,-3,-1.91,96,-12.9,55,39,C,C,C+,54
AOS,Smith A O Corp,BUILDING,Bldg-A/C & Heating Prds,113,NYSE,75.04,-0.7,-0.53,771,13.5,75,83,C,A,C-,82
CARR,Carrier Global Corp,BUILDING,Bldg-A/C & Heating Prds,113,NYSE,47.63,1.3,0.64,3238,19.3,62,60,C,B,D-,64
FIX,Comfort Systems U S A,BUILDING,Bldg-A/C & Heating Prds,113,NYSE,86.77,-2.5,-2.21,204,122.3,78,89,C,C,B-,85
LII,Lennox International Inc,BUILDING,Bldg-A/C & Heating Prds,113,NYSE,271.06,-2.2,-6.21,240,62.1,58,32,C,-,D-,34
LMB,Limbach Holdings Inc,BUILDING,Bldg-A/C & Heating Prds,113,NASDAQ,8.39,-0.1,-0.01,23,-36.7,34,39,C,D,A,41
THR,Thermon Group Holdings,BUILDING,Bldg-A/C & Heating Prds,113,NYSE,17.51,-0.6,-0.11,117,49.2,49,72,C,D,D+,66
WSO,Watsco Inc,BUILDING,Bldg-A/C & Heating Prds,113,NYSE,281.55,0.5,1.3,114,35.2,89,60,C,B,C-,81
WSOB,Watsco Inc Cl B,BUILDING,Bldg-A/C & Heating Prds,113,NYSE,280.79,0,0,0,0,89,52,C,B,A+,92
BBCP,Concrete Pumping Hldgs,BUILDING,Bldg-Cement/Concrt/Ag,70,NASDAQ,7.79,-1.9,-0.15,190,134.7,69,72,B,E,C,71
CPAC,Cementos Pacasmayo Ads,BUILDING,Bldg-Cement/Concrt/Ag,70,NYSE,6.62,-0.8,-0.06,3,-60.8,47,81,B,B,B+,78
CRH,C R H Plc Adr,BUILDING,Bldg-Cement/Concrt/Ag,70,NYSE,52.29,1.3,0.66,361,-3.7,86,83,B,C,D+,88
CX,Cemex Sab De Cv Ads,BUILDING,Bldg-Cement/Concrt/Ag,70,NYSE,6.26,0.6,0.04,5238,-19.7,69,32,B,E,B-,54
EXP,Eagle Materials Inc,BUILDING,Bldg-Cement/Concrt/Ag,70,NYSE,147.95,0.4,0.56,203,-0.3,90,79,B,A,D+,91
LOMA,Loma Negra C I A S A ADS,BUILDING,Bldg-Cement/Concrt/Ag,70,NYSE,6.22,-0.4,-0.03,110,-45.8,41,52,B,C,D+,50
MLM,Martin Marietta Materls,BUILDING,Bldg-Cement/Concrt/Ag,70,NYSE,386.1,-1.1,-4.46,243,-5.6,68,83,B,B,E,77
SMID,Smith Midland Corp,BUILDING,Bldg-Cement/Concrt/Ag,70,NASDAQ,27.45,3.4,0.9,31,-39.9,87,99,B,B,C,84
SUM,Summit Materials Cl A,BUILDING,Bldg-Cement/Concrt/Ag,70,NYSE,35.63,-0.8,-0.28,257,-36.3,49,91,B,C,C+,76
USLM,United States Lime&Mnrls,BUILDING,Bldg-Cement/Concrt/Ag,70,NASDAQ,121.53,-2.1,-2.6,7,129,80,39,B,A,C-,72
VMC,Vulcan Materials Co,BUILDING,Bldg-Cement/Concrt/Ag,70,NYSE,189.87,-0.8,-1.53,311,-40.4,33,81,B,B,D-,69
AEHL,Antelope Enterprise Hldg,BUILDING,Bldg-Constr Prds/Misc,72,NASDAQ,1.21,-6.1,-0.08,33,-74.8,44,5,B,E,B,31
AFI,Armstrong Flooring Inc,BUILDING,Bldg-Constr Prds/Misc,72,NYSE,1.91,-1.5,-0.03,47,-93.6,1,10,B,E,C-,13
AMWD,American Woodmark Corp,BUILDING,Bldg-Constr Prds/Misc,72,NASDAQ,57.99,-2.2,-1.33,102,12.6,35,20,B,B,D-,28
APOG,Apogee Enterprises,BUILDING,Bldg-Constr Prds/Misc,72,NASDAQ,45,-1.2,-0.55,104,-7.8,34,89,B,C,C,67
APT,Alpha Pro Tech Ltd,BUILDING,Bldg-Constr Prds/Misc,72,AMEX,4.69,-4.1,-0.2,117,-90.2,53,13,B,B,D,32
ATKR,Atkore Inc,BUILDING,Bldg-Constr Prds/Misc,72,NYSE,105.15,-1,-1.05,444,27.9,99,96,B,A,B+,96
AUVI,Applied Uv Inc,BUILDING,Bldg-Constr Prds/Misc,72,NASDAQ,1.68,-6.7,-0.12,124,-89.9,13,1,B,E,E,9
AWI,Armstrong World Inds,BUILDING,Bldg-Constr Prds/Misc,72,NYSE,98.4,-0.2,-0.18,796,335,81,55,B,A,E,73
AYI,Acuity Brands Inc,BUILDING,Bldg-Constr Prds/Misc,72,NYSE,195.52,0.7,1.45,151,-31.6,81,88,B,B,B-,88
AZEK,Azek Company Inc Cl A,BUILDING,Bldg-Constr Prds/Misc,72,NYSE,34.75,0.8,0.29,1786,69.4,90,30,B,B,B,72
BLD,Topbuild Corp,BUILDING,Bldg-Constr Prds/Misc,72,NYSE,234.57,1.1,2.66,77,-56.1,99,60,B,A,D-,87
BLDR,Builders Firstsource Inc,BUILDING,Bldg-Constr Prds/Misc,72,NYSE,71.9,2.6,1.8,2170,-3.5,99,97,B,A,D-,98
CNM,Core & Main Inc Cl A,BUILDING,Bldg-Constr Prds/Misc,72,NYSE,24.26,-0.8,-0.2,444,-50.2,95,42,B,C,C+,85
CNR,Cornerstone Bld Brands,BUILDING,Bldg-Constr Prds/Misc,72,NYSE,15.4,0.2,0.04,618,46.8,26,85,B,D,B,75
CRKN,Crown Electrokinetics,BUILDING,Bldg-Constr Prds/Misc,72,NASDAQ,2.83,-4.3,-0.13,24,-35.9,37,18,B,E,D-,29
CSTE,Caesarstone Ltd,BUILDING,Bldg-Constr Prds/Misc,72,NASDAQ,12.51,-1.3,-0.17,59,-13.3,38,42,B,C,B,57
DOOR,Masonite International,BUILDING,Bldg-Constr Prds/Misc,72,NYSE,99.94,-0.3,-0.26,85,-16.3,80,28,B,B,E,65
EFOI,Energy Focus Inc,BUILDING,Bldg-Constr Prds/Misc,72,NASDAQ,1.58,-7.6,-0.13,159,-97.2,41,6,B,E,E,12
FBHS,Fortune Brands Hme & Sec,BUILDING,Bldg-Constr Prds/Misc,72,NYSE,94.59,0.7,0.65,835,57.3,90,42,B,A,C,82
FRTA,Forterra Inc,BUILDING,Bldg-Constr Prds/Misc,72,NASDAQ,23.56,0.4,0.09,237,74.2,55,75,B,B,E,77
GCP,G C P Applied Tech Inc,BUILDING,Bldg-Constr Prds/Misc,72,NYSE,31.97,-0.1,-0.02,219,-75.3,57,96,B,C,A-,81
GFF,Griffon Corporation,BUILDING,Bldg-Constr Prds/Misc,72,NYSE,22.3,0.3,0.06,282,86,72,30,B,C,B-,61
JELD,Jeld-Wen Holding Inc,BUILDING,Bldg-Constr Prds/Misc,72,NYSE,23.71,-0.3,-0.06,253,-37.6,53,31,B,B,D-,49
JHX,James Hardie Ind Plc Adr,BUILDING,Bldg-Constr Prds/Misc,72,NYSE,34,1.4,0.47,35,2.5,91,52,B,A,E,81
LYTS,L S I Industries Inc,BUILDING,Bldg-Constr Prds/Misc,72,NASDAQ,7.48,-0.2,-0.02,25,-48.4,78,35,B,B,B,68
MAS,Masco Corp,BUILDING,Bldg-Constr Prds/Misc,72,NYSE,63.67,0.5,0.31,1298,-1,81,75,B,-,C,74
MHK,Mohawk Industries Inc,BUILDING,Bldg-Constr Prds/Misc,72,NYSE,158.8,0.1,0.19,241,-34.2,72,32,B,C,D+,57
MWA,Mueller Water Products,BUILDING,Bldg-Constr Prds/Misc,72,NYSE,12.77,-0.9,-0.11,792,14,67,30,B,B,D+,56
NX,Quanex Building Products,BUILDING,Bldg-Constr Prds/Misc,72,NYSE,21.84,-0.7,-0.16,63,-32.8,74,42,B,B,B-,71
OC,Owens Corning,BUILDING,Bldg-Constr Prds/Misc,72,NYSE,91.09,1.2,1.08,434,-35,92,52,B,B,C,84
PGTI,P G T Innovations Inc,BUILDING,Bldg-Constr Prds/Misc,72,NYSE,18.87,-1.3,-0.24,149,-14.7,53,27,B,B,D-,48
RETO,Reto Eco-Solutions Inc,BUILDING,Bldg-Constr Prds/Misc,72,NASDAQ,1.05,-3.7,-0.04,625,-76.8,2,81,B,E,B+,36
SPB,Spectrum Brands Hldgs,BUILDING,Bldg-Constr Prds/Misc,72,NYSE,90.87,1,0.9,251,1.9,34,72,B,C,D+,62
SSD,Simpson Manufacturing,BUILDING,Bldg-Constr Prds/Misc,72,NYSE,111.85,-1.3,-1.52,87,-36.6,90,75,B,A,D+,88
SWIM,Latham Group Inc,BUILDING,Bldg-Constr Prds/Misc,72,NASDAQ,16.97,-0.2,-0.04,287,-60.6,8,26,B,B,E,34
TGLS,Tecnoglass Inc,BUILDING,Bldg-Constr Prds/Misc,72,NASDAQ,20.51,-3.7,-0.78,151,-77.2,94,98,B,A,B-,95
TILE,Interface Inc,BUILDING,Bldg-Constr Prds/Misc,72,NASDAQ,13.35,-0.6,-0.08,172,16.5,52,65,B,C,B,65
TREX,Trex Company Inc,BUILDING,Bldg-Constr Prds/Misc,72,NYSE,95.66,0.1,0.05,841,11.5,96,37,B,A,D-,82
VIEW,View Inc Cl A,BUILDING,Bldg-Constr Prds/Misc,72,NASDAQ,2.67,-1.5,-0.04,766,-35.3,28,3,B,E,E,18
WMS,Advanced Drainage Systms,BUILDING,Bldg-Constr Prds/Misc,72,NYSE,115.14,0.1,0.1,407,69.3,28,83,B,A,B-,81
WTS,Watts Water Technologies,BUILDING,Bldg-Constr Prds/Misc,72,NYSE,155.32,-0.8,-1.33,156,44.1,92,72,B,B,C-,83
PFIN,P & F Industries Cl A,BUILDING,Bldg-Hand Tools,163,NASDAQ,6.09,-2.1,-0.13,24,-59.8,50,48,D,E,C,38
SCX,Starrett L S Co,BUILDING,Bldg-Hand Tools,163,NYSE,9.33,2.1,0.19,26,10,37,93,D,B,D,62
SNA,Snap On Inc,BUILDING,Bldg-Hand Tools,163,NYSE,211.56,0.6,1.36,324,74.9,81,69,D,A,D-,70
SWK,Stanley Black & Decker,BUILDING,Bldg-Hand Tools,163,NYSE,174.22,-1.1,-1.92,2211,146.9,68,39,D,B,B,58
TBLT,Toughbuilt Industries,BUILDING,Bldg-Hand Tools,163,NASDAQ,0.28,-3.5,-0.01,550,-69.9,16,6,D,D,E,1
TTC,Toro Co,BUILDING,Bldg-Hand Tools,163,NYSE,97.06,0,-0.02,202,-31,68,42,D,B,C,58
ACM,Aecom Technology Corp,BUILDING,Bldg-Heavy Construction,99,NYSE,70.07,0.3,0.22,244,-50.4,68,86,C+,C,B-,77
AENZ,Aenza S A A,BUILDING,Bldg-Heavy Construction,99,NYSE,1.82,0,0,0,-98.7,17,48,C+,D,A,45
AGX,Argan Inc,BUILDING,Bldg-Heavy Construction,99,NYSE,38.25,0.8,0.3,66,3.3,64,28,C+,B,D-,51
BBU,Brookfield Bus Ptnrs LP,BUILDING,Bldg-Heavy Construction,99,NYSE,45.91,3.7,1.62,10,2.5,52,65,C+,D,C,67
DRTT,Dirtt Environmental Soln,BUILDING,Bldg-Heavy Construction,99,NASDAQ,1.6,-2.4,-0.04,28,-56.3,4,9,C+,E,D-,6
ENG,Englobal Corp,BUILDING,Bldg-Heavy Construction,99,NASDAQ,1,-5,-0.05,209,-58.7,39,3,C+,E,D,14
FLR,Fluor Corp,BUILDING,Bldg-Heavy Construction,99,NYSE,21.79,-1.3,-0.28,1151,3,67,89,C+,E,B+,75
GLDD,Great Lakes Dredge&Dock,BUILDING,Bldg-Heavy Construction,99,NASDAQ,13.57,-0.9,-0.13,132,2.9,75,39,C+,C,D,58
GVA,Granite Construction Inc,BUILDING,Bldg-Heavy Construction,99,NYSE,35.46,-2.2,-0.79,105,-39,39,60,C+,D,C,54
HIL,Hill International Inc,BUILDING,Bldg-Heavy Construction,99,NYSE,2.05,0.5,0.01,171,29.5,37,32,C+,D,C,36
J,Jacobs Engineering Group,BUILDING,Bldg-Heavy Construction,99,NYSE,132.44,1.8,2.33,371,-5.2,82,69,C+,C,D-,70
KBR,K B R Inc,BUILDING,Bldg-Heavy Construction,99,NYSE,45.51,1.4,0.61,852,7.9,90,92,C+,C,C-,90
MTZ,Mastec Inc,BUILDING,Bldg-Heavy Construction,99,NYSE,85.2,-2.3,-2.03,330,-12.2,83,42,C+,B,D,66
ORN,Orion Group Holdings Inc,BUILDING,Bldg-Heavy Construction,99,NYSE,3.1,-3.2,-0.1,70,-30.7,24,15,C+,D,D-,20
PRIM,Primoris Services Corp,BUILDING,Bldg-Heavy Construction,99,NASDAQ,25.93,-2,-0.53,247,-11,72,33,C+,C,B-,53
PWR,Quanta Services Inc,BUILDING,Bldg-Heavy Construction,99,NYSE,103.91,0.8,0.79,809,8.3,89,79,C+,C,D-,81
ROAD,Construction Prtnrs Cl A,BUILDING,Bldg-Heavy Construction,99,NASDAQ,25.98,-3.5,-0.93,227,-3,38,24,C+,C,C,41
SKYH,Sky Harbour Grp Crp Cl A,BUILDING,Bldg-Heavy Construction,99,AMEX,5.86,-6.2,-0.39,37,-70.9,4,14,C+,-,E,9
STRL,Sterling Construction Co,BUILDING,Bldg-Heavy Construction,99,NASDAQ,26.75,0.9,0.23,194,48.6,88,90,C+,C,D,90
TPC,Tutor Perini Corp,BUILDING,Bldg-Heavy Construction,99,NYSE,11.88,-1.7,-0.2,235,15.4,31,25,C+,D,D-,25
WLDN,Willdan Group Inc,BUILDING,Bldg-Heavy Construction,99,NASDAQ,30.4,-2.3,-0.72,61,-19,58,22,C+,D,D-,27
CVCO,Cavco Industries Inc,BUILDING,Bldg-Mobile/Mfg & Rv,128,NASDAQ,274.23,1.5,4.03,31,10.2,96,93,C-,B,E,90
LCII,L C I Industries,BUILDING,Bldg-Mobile/Mfg & Rv,128,NYSE,121.32,-2.5,-3.16,90,-22.4,72,30,C-,A,D-,66
PATK,Patrick Industries Inc,BUILDING,Bldg-Mobile/Mfg & Rv,128,NASDAQ,67.71,-3,-2.09,177,-9.9,94,30,C-,A,C,72
REVG,Rev Group Inc,BUILDING,Bldg-Mobile/Mfg & Rv,128,NYSE,14.04,1.4,0.19,282,12.4,59,42,C-,C,C,44
SKY,Skyline Champion Corp,BUILDING,Bldg-Mobile/Mfg & Rv,128,NYSE,67.41,-1,-0.71,501,40.5,99,96,C-,A,D,95
THO,Thor Industries Inc,BUILDING,Bldg-Mobile/Mfg & Rv,128,NYSE,95.88,-0.4,-0.4,421,-34.8,83,25,C-,A,E,58
WGO,Winnebago Industries Inc,BUILDING,Bldg-Mobile/Mfg & Rv,128,NYSE,67.24,-0.3,-0.23,335,-31.6,95,39,C-,A,D,77
BZH,Beazer Homes U S A Inc,BUILDING,Bldg-Resident/Comml,87,NYSE,18.27,1.4,0.26,322,8.6,96,48,B-,C,D,69
CCS,Century Communities Inc,BUILDING,Bldg-Resident/Comml,87,NYSE,66.92,1.5,1,232,-6.9,99,69,B-,A,E,88
CHCI,Comstock Holding Cl A,BUILDING,Bldg-Resident/Comml,87,NASDAQ,4.45,0.5,0.02,2,-85.5,97,60,B-,A,C-,77
DFH,Dream Finders Homes Cl A,BUILDING,Bldg-Resident/Comml,87,NASDAQ,18.28,-0.2,-0.03,92,-41.5,93,37,B-,B,D-,68
DHI,D R Horton Inc,BUILDING,Bldg-Resident/Comml,87,NYSE,90.71,1.4,1.26,3114,19.4,99,60,B-,A,E,86
GRBK,Green Brick Partners Inc,BUILDING,Bldg-Resident/Comml,87,NYSE,23.38,0.1,0.03,170,-48.6,94,39,B-,A,C+,80
HGSH,China H G S Real Estate,BUILDING,Bldg-Resident/Comml,87,NASDAQ,1.98,1,0.02,105,-84.5,30,42,B-,B,C-,45
HOV,Hovnanian Ent Cl A,BUILDING,Bldg-Resident/Comml,87,NYSE,98.74,1.3,1.22,38,-42.8,66,92,B-,-,B-,71
KBH,K B Home,BUILDING,Bldg-Resident/Comml,87,NYSE,42.44,2.3,0.96,1029,-32.6,98,52,B-,A,C,88
LEN,Lennar Corp Cl A,BUILDING,Bldg-Resident/Comml,87,NYSE,97.47,1.9,1.78,1316,-35.8,97,52,B-,A,E,80
LENB,Lennar Corp Cl B,BUILDING,Bldg-Resident/Comml,87,NYSE,81.51,1.9,1.49,87,7.4,97,65,B-,A,C-,90
LGIH,L G I Homes Inc,BUILDING,Bldg-Resident/Comml,87,NASDAQ,125.06,1.5,1.89,151,-2,99,31,B-,A,D+,74
LSEA,Landsea Homes Corp,BUILDING,Bldg-Resident/Comml,87,NASDAQ,7.28,0.1,0.01,16,-65.3,99,25,B-,A,D+,66
MDC,M D C Holdings Inc,BUILDING,Bldg-Resident/Comml,87,NYSE,47.93,3.7,1.69,872,153.4,91,32,B-,A,D+,73
MHO,M I Homes Inc,BUILDING,Bldg-Resident/Comml,87,NYSE,52.68,-0.2,-0.11,359,51.3,98,32,B-,A,C,75
MTH,Meritage Homes Corp,BUILDING,Bldg-Resident/Comml,87,NYSE,100.73,0.6,0.62,289,7,99,52,B-,A,E,75
NVR,N V R Inc,BUILDING,Bldg-Resident/Comml,87,NYSE,5495.36,2.4,130.09,15,-2.5,91,85,B-,A,D,87
PHM,Pulte Group Inc,BUILDING,Bldg-Resident/Comml,87,NYSE,54.29,2.1,1.1,3577,107.2,98,77,B-,A,C+,94
TMHC,Taylor Morrison Hme,BUILDING,Bldg-Resident/Comml,87,NYSE,31.17,1.6,0.5,364,-28.1,93,77,B-,C,D,85
TOL,Toll Brothers Inc,BUILDING,Bldg-Resident/Comml,87,NYSE,60,1.4,0.83,1339,-0.8,92,65,B-,B,C-,86
TPH,Tri Pointe Homes Inc,BUILDING,Bldg-Resident/Comml,87,NYSE,24.29,2,0.47,767,-1.6,96,72,B-,B,E,86
XIN,Xinyuan Real Estate Ads,BUILDING,Bldg-Resident/Comml,87,NYSE,0.72,0,0,97,-37,39,6,B-,D,C+,27
BCC,Boise Cascade Company,BUILDING,Bldg-Wood Prds,10,NYSE,81.61,7.4,5.66,927,345.4,86,97,A+,B,B-,99
LPX,Louisiana Pacific Corp,BUILDING,Bldg-Wood Prds,10,NYSE,70.25,2.3,1.6,828,-2.4,98,93,A+,A,B-,99
UFPI,U F P Industries Inc,BUILDING,Bldg-Wood Prds,10,NASDAQ,80.66,-0.2,-0.13,123,-25.4,98,83,A+,A,D+,99
WFG,West Fraser Timber Ltd,BUILDING,Bldg-Wood Prds,10,NYSE,97.46,2.6,2.51,318,60.7,39,95,A+,B,D-,91
AXTA,Axalta Coating Systems,BUILDING,Chemicals-Paints,122,NYSE,29.53,1.4,0.42,2988,112,40,44,C,B,E,40
PPG,P P G Industries,BUILDING,Chemicals-Paints,122,NYSE,158.52,0.7,1.17,1552,106.9,46,55,C,B,D-,54
RPM,R P M International Inc,BUILDING,Chemicals-Paints,122,NYSE,89.17,0.7,0.66,318,-9.7,54,60,C,B,C-,65
SHW,Sherwin-Williams Co,BUILDING,Chemicals-Paints,122,NYSE,294.25,0.4,1.16,777,-27.5,64,75,C,B,E,62
ABM,A B M Industries Inc,BUSINS SVC,Bldg-Maintenance & Svc,164,NYSE,41.75,-0.7,-0.31,207,-30,86,39,D,C,B,66
BV,Brightview Holdings Inc,BUSINS SVC,Bldg-Maintenance & Svc,164,NYSE,13.39,-0.1,-0.01,257,60.5,73,25,D,C,E,38
EJH,E Home Househld Svc Hldg,BUSINS SVC,Bldg-Maintenance & Svc,164,NASDAQ,0.75,-2.3,-0.02,1100,-24.1,66,1,D,C,E,20
EME,Emcor Group Inc,BUSINS SVC,Bldg-Maintenance & Svc,164,NYSE,117.52,-0.3,-0.31,117,-14.7,84,75,D,B,D,73
FTDR,Frontdoor Inc,BUSINS SVC,Bldg-Maintenance & Svc,164,NASDAQ,36.96,0.5,0.2,509,11,74,23,D,-,B,38
IBP,Installed Building Prod,BUSINS SVC,Bldg-Maintenance & Svc,164,NYSE,110.45,-0.8,-0.93,89,-25.6,96,31,D,A,C,72
IESC,I E S Holdings Inc,BUSINS SVC,Bldg-Maintenance & Svc,164,NASDAQ,45.54,-7.8,-3.88,23,69.4,94,52,D,A,C,81
MG,Mistras Group Inc,BUSINS SVC,Bldg-Maintenance & Svc,164,NYSE,6.7,-0.6,-0.04,41,-22.7,69,16,D,D,B,42
MYRG,M Y R Group Inc,BUSINS SVC,Bldg-Maintenance & Svc,164,NASDAQ,92.21,-2.8,-2.7,47,-29.6,96,87,D,C,D+,80
ROL,Rollins Inc,BUSINS SVC,Bldg-Maintenance & Svc,164,NYSE,31.56,1.7,0.53,1071,-22.1,80,28,D,A,C-,60
TMX,Terminix Global Holdings,BUSINS SVC,Bldg-Maintenance & Svc,164,NYSE,43.79,1.4,0.6,509,-49.7,63,42,D,C,C+,55
VEC,Vectrus Inc,BUSINS SVC,Bldg-Maintenance & Svc,164,NYSE,45.09,0.1,0.05,17,-65.2,93,35,D,B,B-,69
ADTH,AdTheorent Holdng Co Inc,BUSINS SVC,Comml Svcs-Advertising,132,NASDAQ,5.77,-0.3,-0.02,73,-66.1,8,13,C-,-,D-,13
ANTE,Airnet Technology Ads,BUSINS SVC,Comml Svcs-Advertising,132,NASDAQ,1.56,0.6,0.01,9,-70.8,69,14,C-,D,D+,29
ATY,AcuityAds Holdings Inc,BUSINS SVC,Comml Svcs-Advertising,132,NASDAQ,2.84,-3.1,-0.09,130,-45.2,69,3,C-,B,D,39
BAOS,Baosheng Media Grp Hlgds,BUSINS SVC,Comml Svcs-Advertising,132,NASDAQ,0.78,-7.1,-0.06,37,-72.4,9,2,C-,B,C-,7
BOMN,Boston Omaha Corp Cl A,BUSINS SVC,Comml Svcs-Advertising,132,NYSE,25.37,-3.5,-0.92,71,-28.2,30,25,C-,D,D-,38
CCO,Clear Channel Outdoor Hd,BUSINS SVC,Comml Svcs-Advertising,132,NYSE,2.94,-4.5,-0.14,1263,1,41,93,C-,-,B+,69
CIH,China Index Hldgs Cl A,BUSINS SVC,Comml Svcs-Advertising,132,NASDAQ,1.02,-1,-0.01,22,-0.1,87,13,C-,A,D-,48
CREX,Creative Realities Inc,BUSINS SVC,Comml Svcs-Advertising,132,NASDAQ,1.47,-2,-0.03,2440,96.8,54,52,C-,E,C-,36
CRTO,Criteo SA Ads,BUSINS SVC,Comml Svcs-Advertising,132,NASDAQ,35.85,0.2,0.06,368,39.1,85,90,C-,C,C,81
DMS,Digital Med Sol Inc Cl A,BUSINS SVC,Comml Svcs-Advertising,132,NYSE,4.74,-2.9,-0.14,11,-69.4,45,13,C-,B,D,33
DSP,Viant Technology Cl A,BUSINS SVC,Comml Svcs-Advertising,132,NASDAQ,7.66,-5.7,-0.47,75,-59.3,32,6,C-,B,C+,29
EEX,Emerald Holding Inc,BUSINS SVC,Comml Svcs-Advertising,132,NYSE,3.35,-5.1,-0.18,54,-43.4,4,22,C-,B,B-,30
FLNT,Fluent Inc,BUSINS SVC,Comml Svcs-Advertising,132,NASDAQ,1.58,-2.2,-0.04,515,142,16,9,C-,C,D-,10
GAMB,Gambling.com Group Ltd,BUSINS SVC,Comml Svcs-Advertising,132,NASDAQ,10.19,-7.8,-0.86,64,-34.9,39,89,C-,B,C+,67
HHS,Harte Hanks Inc,BUSINS SVC,Comml Svcs-Advertising,132,NASDAQ,6.53,-1.6,-0.11,9,-54.6,69,26,C-,-,B,46
ID,Parts Id Inc Cl A,BUSINS SVC,Comml Svcs-Advertising,132,AMEX,2.02,-3.8,-0.08,19,-72.2,9,3,C-,-,C-,2
IPG,Interpublic Group Of Cos,BUSINS SVC,Comml Svcs-Advertising,132,NYSE,36.22,0,0.02,2416,-0.9,90,88,C-,B,C,89
ISIG,Insignia Systems Inc,BUSINS SVC,Comml Svcs-Advertising,132,NASDAQ,13.73,3.6,0.48,284,-96.1,27,99,C-,E,D,42
KBNT,Kubient Inc,BUSINS SVC,Comml Svcs-Advertising,132,NASDAQ,2.21,-3.6,-0.08,33,-69.8,45,11,C-,D,C,27
KSPN,Kaspien Holdings Inc,BUSINS SVC,Comml Svcs-Advertising,132,NASDAQ,8.23,9.7,0.73,19,445.5,30,4,C-,E,D+,10
LAMR,Lamar Advertising Cl A,BUSINS SVC,Comml Svcs-Advertising,132,NASDAQ,110.82,0.3,0.32,255,6.6,82,81,C-,B,B-,88
MAX,Mediaalpha Inc Cl A,BUSINS SVC,Comml Svcs-Advertising,132,NYSE,14.26,-2.6,-0.38,141,-24.1,8,12,C-,-,E,1
MCHX,Marchex Inc,BUSINS SVC,Comml Svcs-Advertising,132,NASDAQ,2.43,-2.8,-0.07,88,65.2,49,26,C-,E,B,35
MOBQ,Mobiquity Technologies,BUSINS SVC,Comml Svcs-Advertising,132,NASDAQ,2.03,9.1,0.17,81,-80.2,25,12,C-,E,-,18
NCMI,National Cinemedia Inc,BUSINS SVC,Comml Svcs-Advertising,132,NASDAQ,2.66,-4,-0.11,357,-37.5,14,21,C-,-,D-,17
OB,Outbrain Inc,BUSINS SVC,Comml Svcs-Advertising,132,NASDAQ,12.54,-7.8,-1.06,498,175.3,42,20,C-,B,B-,42
OMC,Omnicom Group,BUSINS SVC,Comml Svcs-Advertising,132,NYSE,77.5,1.4,1.1,741,-42.3,69,85,C-,B,B-,76
PUBM,Pubmatic Inc Cl A,BUSINS SVC,Comml Svcs-Advertising,132,NASDAQ,26.37,-1.2,-0.32,917,-18.3,99,22,C-,A,D+,64
QNST,Quinstreet Inc,BUSINS SVC,Comml Svcs-Advertising,132,NASDAQ,15.84,-0.4,-0.06,178,-8.7,85,48,C-,B,B-,65
SGRP,Spar Group Inc,BUSINS SVC,Comml Svcs-Advertising,132,NASDAQ,1.25,0,0,89,-17.8,92,23,C-,C,B-,56
SRAX,Srax Inc Cl A,BUSINS SVC,Comml Svcs-Advertising,132,NASDAQ,4.99,0,0,98,-13.4,42,77,C-,D,C,57
SST,System1 Inc Cl A,BUSINS SVC,Comml Svcs-Advertising,132,NYSE,10.24,9.9,0.92,194,-63.8,58,37,C-,-,D,43
STGW,Stagwell Inc Cl A,BUSINS SVC,Comml Svcs-Advertising,132,NASDAQ,7.46,0.1,0.01,101,-71.5,14,98,C-,-,B,54
STRN,Stran & Company Inc,BUSINS SVC,Comml Svcs-Advertising,132,NASDAQ,1.96,-7.4,-0.16,3702,26.4,39,10,C-,C,D,29
TBLA,Taboola.com Ltd,BUSINS SVC,Comml Svcs-Advertising,132,NASDAQ,6.61,2.3,0.15,735,2.4,17,15,C-,B,D,28
THRY,Thryv Holdings Inc,BUSINS SVC,Comml Svcs-Advertising,132,NASDAQ,32.31,-1.3,-0.44,171,-22.2,98,93,C-,C,B-,90
TRKA,Troika Media Group Inc,BUSINS SVC,Comml Svcs-Advertising,132,NASDAQ,1.12,-2.2,-0.03,72,-78.7,29,9,C-,E,C+,21
TTD,The Trade Desk Inc Cl A,BUSINS SVC,Comml Svcs-Advertising,132,NASDAQ,69.96,-1.6,-1.13,5803,39.1,99,39,C-,A,C,71
VVI,Viad Corp,BUSINS SVC,Comml Svcs-Advertising,132,NYSE,36.35,-3,-1.14,46,-42.2,54,31,C-,D,E,38
WPP,W P P Plc Ads,BUSINS SVC,Comml Svcs-Advertising,132,NYSE,80.26,1.9,1.51,123,11.1,74,93,C-,C,D,82
ADV,Advantage Solutions Cl A,BUSINS SVC,Comml Svcs-Consulting,107,NASDAQ,7.31,-0.5,-0.04,178,-45.1,16,21,C+,C,B,35
ATCX,Atlas Tech Conslnt Cl A,BUSINS SVC,Comml Svcs-Consulting,107,NASDAQ,10.1,0.3,0.03,121,-17.9,21,39,C+,E,B,39
ATIF,A T I F Holdings Ltd,BUSINS SVC,Comml Svcs-Consulting,107,NASDAQ,3.97,0.6,0.02,14,-33.7,27,32,C+,D,B+,37
BAH,Booz Allen Hamilton Cl A,BUSINS SVC,Comml Svcs-Consulting,107,NYSE,78.51,2.4,1.81,1103,92.1,84,33,C+,B,D+,64
BWMN,Bowman Consulting Group,BUSINS SVC,Comml Svcs-Consulting,107,NASDAQ,16.18,-17.9,-3.52,68,169.8,39,96,C+,C,D+,72
CBZ,C B I Z Inc,BUSINS SVC,Comml Svcs-Consulting,107,NYSE,39,0.4,0.17,165,10.8,82,91,C+,B,B,91
CRAI,C R A International Inc,BUSINS SVC,Comml Svcs-Consulting,107,NASDAQ,86.2,-0.8,-0.66,16,-29.5,99,77,C+,B,B-,88
EXPO,Exponent Inc,BUSINS SVC,Comml Svcs-Consulting,107,NASDAQ,94.16,-0.3,-0.29,108,-7.6,92,37,C+,A,E,68
FCN,F T I Consulting Inc,BUSINS SVC,Comml Svcs-Consulting,107,NYSE,144.36,-0.4,-0.55,127,13.2,94,81,C+,B,B-,87
HURN,Huron Consulting Grp Inc,BUSINS SVC,Comml Svcs-Consulting,107,NASDAQ,44.64,0.1,0.05,150,146.7,54,27,C+,D,B,46
ICFI,I C F International Inc,BUSINS SVC,Comml Svcs-Consulting,107,NASDAQ,93.52,0.1,0.09,83,63.9,88,75,C+,C,E,71
III,Information Services Grp,BUSINS SVC,Comml Svcs-Consulting,107,NASDAQ,6.82,2.2,0.15,255,-2.2,87,93,C+,B,E,75
LDOS,Leidos Holdings Inc,BUSINS SVC,Comml Svcs-Consulting,107,NYSE,90.25,1.9,1.68,459,-13.1,82,31,C+,B,D-,61
LTBR,Lightbridge Corp,BUSINS SVC,Comml Svcs-Consulting,107,NASDAQ,5.81,-8.6,-0.55,133,-17.8,45,33,C+,-,B-,36
LYL,Dragon Victory Intl Ltd,BUSINS SVC,Comml Svcs-Consulting,107,NASDAQ,1.27,21,0.22,382,580.7,2,16,C+,E,D-,4
MMS,Maximus Inc,BUSINS SVC,Comml Svcs-Consulting,107,NYSE,78.74,1.3,0.99,430,80.4,72,37,C+,B,C-,65
NISN,Nisun Intl EnterpriseDvl,BUSINS SVC,Comml Svcs-Consulting,107,NASDAQ,1.55,-6.6,-0.11,58,-82.3,69,1,C+,A,E,33
NVEE,N V 5 Global Inc,BUSINS SVC,Comml Svcs-Consulting,107,NASDAQ,104.38,-0.4,-0.43,40,-55.5,88,85,C+,C,D,75
REKR,Rekor Systems Inc,BUSINS SVC,Comml Svcs-Consulting,107,NASDAQ,4.68,-4.6,-0.23,318,-35.9,15,4,C+,E,B,19
RGP,Resources Connection Inc,BUSINS SVC,Comml Svcs-Consulting,107,NASDAQ,17.67,0.7,0.13,63,-47.6,97,90,C+,B,D-,91
SAIC,Science Applications Int,BUSINS SVC,Comml Svcs-Consulting,107,NYSE,83.95,2,1.61,150,-32.7,89,37,C+,B,D-,62
SSNT,Silversun Technologies,BUSINS SVC,Comml Svcs-Consulting,107,NASDAQ,3.06,-7.3,-0.24,84,-39.5,30,9,C+,D,D-,21
STN,Stantec Inc,BUSINS SVC,Comml Svcs-Consulting,107,NYSE,53.44,0.6,0.32,57,0.9,80,87,C+,C,D,74
SWKH,S W K Holdings Corp,BUSINS SVC,Comml Svcs-Consulting,107,NASDAQ,18.86,0.2,0.04,3,-84.1,76,88,C+,B,D+,86
VSEC,V S E Corp,BUSINS SVC,Comml Svcs-Consulting,107,NASDAQ,50.5,-1.3,-0.65,25,32.7,56,88,C+,D,C,68
WFCF,Where Food Comes From,BUSINS SVC,Comml Svcs-Consulting,107,NASDAQ,12.75,3.2,0.39,68,954.4,78,33,C+,C,D-,56
ARC,A R C Document Solutions,BUSINS SVC,Comml Svcs-Document Mgmt,41,NYSE,3.28,-1.7,-0.06,76,-55.6,50,96,A-,E,C+,73
CMPR,Cimpress PLC,BUSINS SVC,Comml Svcs-Document Mgmt,41,NASDAQ,65.81,-0.6,-0.4,67,6,53,17,A-,-,E,31
IRM,Iron Mountain Inc,BUSINS SVC,Comml Svcs-Document Mgmt,41,NYSE,46.63,1.1,0.51,1094,-24.6,77,88,A-,B,A-,93
PBI,Pitney Bowes Inc,BUSINS SVC,Comml Svcs-Document Mgmt,41,NYSE,4.92,-5.7,-0.3,5539,302.5,25,17,A-,C,D,32
QUAD,Quad/Graphics Inc Cl A,BUSINS SVC,Comml Svcs-Document Mgmt,41,NYSE,4.42,1.1,0.05,80,-45.3,65,84,A-,D,B-,73
RRD,R R Donnelley & Sons Co,BUSINS SVC,Comml Svcs-Document Mgmt,41,NYSE,10.72,-4,-0.45,6871,385.2,85,99,A-,-,B,87
AGL,Agilon Health Inc,BUSINS SVC,Comml Svcs-Healthcare,93,NYSE,16.55,-3,-0.51,819,-42.2,2,12,B-,D,C-,19
CRVL,Corvel Corp,BUSINS SVC,Comml Svcs-Healthcare,93,NASDAQ,158.9,-6.1,-10.38,51,72.9,89,93,B-,B,B,91
HCSG,Healthcare Svcs Group,BUSINS SVC,Comml Svcs-Healthcare,93,NASDAQ,17.64,-2.5,-0.46,445,-24.6,36,20,B-,C,B+,31
HCTI,Healthcare Triangle Inc,BUSINS SVC,Comml Svcs-Healthcare,93,NASDAQ,1.46,-2.7,-0.04,8,-94.7,15,6,B-,B,C,30
HSTM,Healthstream Inc,BUSINS SVC,Comml Svcs-Healthcare,93,NASDAQ,24.06,-0.6,-0.14,44,-15.5,41,37,B-,D,B,49
MODV,Modivcare Inc,BUSINS SVC,Comml Svcs-Healthcare,93,NASDAQ,114.67,-1.2,-1.34,64,33.2,61,19,B-,B,D-,45
NRC,National Research Corp,BUSINS SVC,Comml Svcs-Healthcare,93,NASDAQ,39.64,1.2,0.48,82,123.8,84,24,B-,A,C-,65
PINC,Premier Inc Cl A,BUSINS SVC,Comml Svcs-Healthcare,93,NASDAQ,37.51,-0.7,-0.28,381,-2.6,70,72,B-,A,B-,79
RCM,R1 R C M Inc,BUSINS SVC,Comml Svcs-Healthcare,93,NASDAQ,23.25,-1.1,-0.25,600,-13.5,69,55,B-,A,B+,84
THRN,Thorne Healthtech Cl A,BUSINS SVC,Comml Svcs-Healthcare,93,NASDAQ,5.16,-5.3,-0.29,62,-56.7,25,17,B-,C,D-,30
VCRA,Vocera Communications,BUSINS SVC,Comml Svcs-Healthcare,93,NYSE,78.81,-0.1,-0.1,3702,169.1,89,99,B-,B,B+,97
CSGP,Costar Group Inc,BUSINS SVC,Comml Svcs-Market Rsrch,97,NASDAQ,71.01,0.7,0.5,1167,-14.6,84,25,C+,B,E,51
DNB,Dun & Bradstreet Holding,BUSINS SVC,Comml Svcs-Market Rsrch,97,NYSE,20.66,-0.1,-0.03,1103,-25.1,38,65,C+,A,B,71
FDS,Factset Research Sys Inc,BUSINS SVC,Comml Svcs-Market Rsrch,97,NYSE,428.33,1.7,7,91,-49.4,76,89,C+,A,B-,85
FORR,Forrester Research Inc,BUSINS SVC,Comml Svcs-Market Rsrch,97,NASDAQ,54.5,-0.3,-0.17,24,-26.3,80,91,C+,B,B+,90
IT,Gartner Inc,BUSINS SVC,Comml Svcs-Market Rsrch,97,NYSE,301.23,1.9,5.49,193,-33.3,97,92,C+,A,D+,97
MCO,Moodys Corp,BUSINS SVC,Comml Svcs-Market Rsrch,97,NYSE,346.83,0.9,2.93,648,49.2,81,60,C+,A,E,76
MORN,Morningstar Inc,BUSINS SVC,Comml Svcs-Market Rsrch,97,NASDAQ,294.57,2.1,6.2,93,-8.7,78,77,C+,B,B-,83
NLSN,Nielsen Holdings plc,BUSINS SVC,Comml Svcs-Market Rsrch,97,NYSE,19.07,-0.2,-0.04,1659,-11.4,62,28,C+,B,C-,49
RSSS,Research Solutions Inc,BUSINS SVC,Comml Svcs-Market Rsrch,97,NASDAQ,2.15,1.3,0.03,6,-83.4,15,28,C+,E,C-,26
SCOR,Comscore Inc,BUSINS SVC,Comml Svcs-Market Rsrch,97,NASDAQ,3.01,-1,-0.03,167,-16.7,33,23,C+,E,D-,27
SPGI,S&P Global Inc,BUSINS SVC,Comml Svcs-Market Rsrch,97,NYSE,421.63,1,4.17,1348,43.7,89,72,C+,A,D-,83
TRI,Thomson Reuters Corp,BUSINS SVC,Comml Svcs-Market Rsrch,97,NYSE,108.49,0.9,0.99,350,20.3,65,77,C+,B,C-,73
VRSK,Verisk Analytics Inc,BUSINS SVC,Comml Svcs-Market Rsrch,97,NASDAQ,199.88,1.7,3.31,460,-20.6,70,65,C+,A,C,73
ADP,Automatic DataProcessing,BUSINS SVC,Comml Svcs-Outsourcing,120,NASDAQ,207.43,0.9,1.87,1237,12.3,81,69,C,A,E,69
ALJJ,Alj Regional Holdings,BUSINS SVC,Comml Svcs-Outsourcing,120,NASDAQ,1.85,8.9,0.15,93,-56.4,20,97,C,D,C+,55
ARMK,Aramark,BUSINS SVC,Comml Svcs-Outsourcing,120,NYSE,34.54,0,0,518,-50.8,69,44,C,E,C+,61
ATTO,Atento SA,BUSINS SVC,Comml Svcs-Outsourcing,120,NYSE,25.27,1.2,0.29,16,7.3,69,85,C,E,B,71
CNDT,Conduent Incorporated,BUSINS SVC,Comml Svcs-Outsourcing,120,NASDAQ,4.74,-1.1,-0.06,961,-20.1,47,20,C,D,D-,24
CRDA,Crawford & Co Cl A,BUSINS SVC,Comml Svcs-Outsourcing,120,NYSE,7.73,0.1,0.01,18,-60.1,47,28,C,B,C,42
CRDB,Crawford & Co Cl B,BUSINS SVC,Comml Svcs-Outsourcing,120,NYSE,7.71,1.4,0.11,2,-73.7,52,29,C,B,E,37
CSGS,C S G Systems Inc,BUSINS SVC,Comml Svcs-Outsourcing,120,NASDAQ,58.08,2.2,1.25,243,99.2,78,93,C,B,B-,83
CTAS,Cintas Corp,BUSINS SVC,Comml Svcs-Outsourcing,120,NASDAQ,391.94,1.2,4.62,271,-25.7,87,69,C,B,D+,77
EXLS,Exlservice Holdings Inc,BUSINS SVC,Comml Svcs-Outsourcing,120,NASDAQ,121.95,0,0.04,74,-20.8,91,89,C,B,D,89
G,Genpact Ltd,BUSINS SVC,Comml Svcs-Outsourcing,120,NYSE,49.96,0.3,0.17,618,18.4,86,81,C,B,E,74
HQY,Healthequity Inc,BUSINS SVC,Comml Svcs-Outsourcing,120,NASDAQ,52.78,-1.5,-0.83,640,-18.3,70,20,C,C,B,43
NSP,Insperity Inc,BUSINS SVC,Comml Svcs-Outsourcing,120,NYSE,106.72,0.8,0.87,84,-12.3,64,81,C,B,C+,79
PAE,P A E Incorporated Cl A,BUSINS SVC,Comml Svcs-Outsourcing,120,NASDAQ,10.03,0,-0.01,219,-58.3,45,84,C,B,B,76
PAYX,Paychex Inc,BUSINS SVC,Comml Svcs-Outsourcing,120,NASDAQ,119.81,1.4,1.71,1279,11.2,86,84,C,A,D-,82
PFSW,P F S Web Inc,BUSINS SVC,Comml Svcs-Outsourcing,120,NASDAQ,11.45,-0.5,-0.06,37,-19,45,92,C,B,C+,65
QH,Quhuo Ltd Cl A Adr,BUSINS SVC,Comml Svcs-Outsourcing,120,NASDAQ,0.82,-6.1,-0.05,10,-92.6,18,1,C,-,D,5
RDVT,Red Violet Inc,BUSINS SVC,Comml Svcs-Outsourcing,120,NASDAQ,25.73,-6.4,-1.75,39,8.5,60,81,C,D,D-,61
SGC,Superior Group of Co,BUSINS SVC,Comml Svcs-Outsourcing,120,NASDAQ,20.33,-1.6,-0.33,13,-34.2,54,25,C,B,E,36
SP,SP Plus Corp,BUSINS SVC,Comml Svcs-Outsourcing,120,NASDAQ,27.25,-0.8,-0.23,28,-43.7,47,28,C,E,B+,50
SRT,Startek Inc,BUSINS SVC,Comml Svcs-Outsourcing,120,NYSE,4.87,0.2,0.01,72,3.2,39,19,C,C,B-,36
TDCX,T D C X Inc Cl A Ads,BUSINS SVC,Comml Svcs-Outsourcing,120,NYSE,17.88,3.1,0.54,150,-43.1,95,25,C,A,B-,72
TNET,Trinet Group Inc,BUSINS SVC,Comml Svcs-Outsourcing,120,NYSE,86.47,0.9,0.73,124,-0.4,91,55,C,B,D-,77
TTEC,T Tec Holdings Inc,BUSINS SVC,Comml Svcs-Outsourcing,120,NASDAQ,77.33,-1.4,-1.14,93,-0.9,84,25,C,A,D+,62
UNF,Unifirst Corp,BUSINS SVC,Comml Svcs-Outsourcing,120,NYSE,187.48,-1.6,-3.04,30,-24.2,56,35,C,C,D+,44
WNS,W N S Holdings Ltd Ads,BUSINS SVC,Comml Svcs-Outsourcing,120,NYSE,87.14,3.1,2.61,107,4.9,80,79,C,A,C-,84
AMN,A M N Healthcare Svcs,BUSINS SVC,Comml Svcs-Staffing,65,NYSE,103.75,2.1,2.12,270,-24,95,88,B,A,C+,97
ASGN,ASGN Incorporated,BUSINS SVC,Comml Svcs-Staffing,65,NYSE,115.39,-0.3,-0.3,140,5.4,88,85,B,B,C-,93
BBSI,Barrett Business Svcs,BUSINS SVC,Comml Svcs-Staffing,65,NASDAQ,63.65,-1.3,-0.86,20,-20.7,70,28,B,C,B,60
BGSF,Bgsf Inc,BUSINS SVC,Comml Svcs-Staffing,65,NYSE,13.84,-5.9,-0.87,15,-17.6,74,91,B,C,C+,86
CCRN,Cross Country Healthcare,BUSINS SVC,Comml Svcs-Staffing,65,NASDAQ,22.08,0.5,0.1,253,-24.9,77,98,B,B,C+,94
DLHC,D L H Holdings Corp,BUSINS SVC,Comml Svcs-Staffing,65,NASDAQ,16.24,6.6,1.01,130,79.1,94,95,B,A,B-,98
FA,First Advantage Corp,BUSINS SVC,Comml Svcs-Staffing,65,NASDAQ,16.96,0,0,198,-47.1,69,31,B,A,C,71
HHR,Headhunter Group Plc Ads,BUSINS SVC,Comml Svcs-Staffing,65,NASDAQ,48.11,3.1,1.46,207,2.8,98,86,B,A,B,96
HQI,Hirequest Inc,BUSINS SVC,Comml Svcs-Staffing,65,NASDAQ,18.4,0.9,0.16,13,-10,66,79,B,A,B,87
HSII,Heidrick & Struggles,BUSINS SVC,Comml Svcs-Staffing,65,NASDAQ,43.6,-1.3,-0.57,46,-33,98,84,B,B,B-,98
HSON,Hudson Global Inc,BUSINS SVC,Comml Svcs-Staffing,65,NASDAQ,32.5,5.3,1.64,28,41.2,69,99,B,C,A,98
JOB,G E E Group Inc,BUSINS SVC,Comml Svcs-Staffing,65,AMEX,0.52,-2.5,-0.01,370,-69.9,39,42,B,C,C,43
JOBS,Fifty One Job Inc Ads,BUSINS SVC,Comml Svcs-Staffing,65,NASDAQ,49.44,-1.8,-0.89,122,-55.5,39,20,B,B,C-,41
KELYA,Kelly Services Inc Cl A,BUSINS SVC,Comml Svcs-Staffing,65,NASDAQ,17.03,-1.2,-0.2,58,-28.8,34,26,B,D,C,38
KELYB,Kelly Services Inc Cl B,BUSINS SVC,Comml Svcs-Staffing,65,NASDAQ,16.99,0,0,0,0,34,23,B,D,B,35
KFRC,Kforce Inc,BUSINS SVC,Comml Svcs-Staffing,65,NASDAQ,68.51,-0.5,-0.31,63,-8.8,90,91,B,B,C-,94
KFY,Korn Ferry,BUSINS SVC,Comml Svcs-Staffing,65,NYSE,67.65,-0.4,-0.3,201,-12.8,86,72,B,B,B-,91
MAN,Manpowergroup,BUSINS SVC,Comml Svcs-Staffing,65,NYSE,106.91,-2,-2.19,248,11.3,69,79,B,C,B+,80
MHH,Mastech Digital Inc,BUSINS SVC,Comml Svcs-Staffing,65,AMEX,18.22,1.5,0.26,19,131.8,84,69,B,B,A-,91
PIXY,ShiftPixy Inc,BUSINS SVC,Comml Svcs-Staffing,65,NASDAQ,1.38,13.1,0.16,6244,-26,24,19,B,-,C,26
RCRT,Recruiter.com Group Inc,BUSINS SVC,Comml Svcs-Staffing,65,NASDAQ,2.19,1.9,0.04,114,-70.8,30,11,B,-,D-,26
RHI,Robert Half Intl Inc,BUSINS SVC,Comml Svcs-Staffing,65,NYSE,116.69,1.8,2.1,537,-10.2,89,94,B,A,D-,92
STAF,Staffing 360 Solutions,BUSINS SVC,Comml Svcs-Staffing,65,NASDAQ,0.83,-4.7,-0.04,37,-93.5,69,2,B,E,C+,29
TBI,Trueblue Inc,BUSINS SVC,Comml Svcs-Staffing,65,NYSE,26.57,-1,-0.27,64,-45.4,68,79,B,D,C,84
UPWK,Upwork Inc,BUSINS SVC,Comml Svcs-Staffing,65,NASDAQ,28.34,0.4,0.1,1187,-2.7,42,13,B,C,D-,37
VOLT,Volt Information Science,BUSINS SVC,Comml Svcs-Staffing,65,AMEX,3.12,-1.3,-0.04,35,-49.6,42,35,B,C,C-,44
WHLM,Wilhelmina Intl Inc,BUSINS SVC,Comml Svcs-Staffing,65,NASDAQ,4.24,0,0,0,-96.2,69,21,B,C,B,54
ACN,Accenture Plc,BUSINS SVC,Computer-Tech Services,96,NYSE,359.52,1.7,6.1,1533,-14.6,82,89,B-,A,E,86
AGIL,Agilethought Inc Cl A,BUSINS SVC,Computer-Tech Services,96,NASDAQ,5.28,-1.1,-0.06,53,-39.8,37,11,B-,E,C+,19
ALYA,Alithya Group Inc,BUSINS SVC,Computer-Tech Services,96,NASDAQ,2.97,5.1,0.15,52,233,46,85,B-,D,B-,67
AVCT,American VirtualCloudTec,BUSINS SVC,Computer-Tech Services,96,NASDAQ,1.12,-5.9,-0.07,3090,-86.5,1,2,B-,D,E,1
CACI,C A C I Intl Cl A,BUSINS SVC,Computer-Tech Services,96,NYSE,255.46,3.6,8.78,138,62.3,64,39,B-,B,C-,60
CDW,CDW,BUSINS SVC,Computer-Tech Services,96,NASDAQ,194.8,2.9,5.4,613,14.8,91,85,B-,B,C+,89
CINT,Ci&t Inc Cl A,BUSINS SVC,Computer-Tech Services,96,NYSE,12.77,-2,-0.26,28,-83.2,31,19,B-,B,D+,36
CLSK,Cleanspark Inc,BUSINS SVC,Computer-Tech Services,96,NASDAQ,6.68,-7.7,-0.56,1333,-16.3,56,3,B-,C,E,32
CSPI,C S P Inc,BUSINS SVC,Computer-Tech Services,96,NASDAQ,8.22,-2.9,-0.25,2,-70.4,33,37,B-,E,D+,32
CTG,Computer Task Group Inc,BUSINS SVC,Computer-Tech Services,96,NASDAQ,8.97,1.4,0.12,5,-80.1,32,88,B-,C,B+,67
CTSH,Cognizant Tech Sol,BUSINS SVC,Computer-Tech Services,96,NASDAQ,88.13,2,1.71,2522,42.3,64,86,B-,B,D+,77
DAVA,Endava Plc Cl A Ads,BUSINS SVC,Computer-Tech Services,96,NYSE,123.62,-0.7,-0.84,107,-37.1,99,83,B-,A,C,92
DAVE,Dave Inc Cl A,BUSINS SVC,Computer-Tech Services,96,NASDAQ,13.96,-2.4,-0.34,1059,70.2,10,99,B-,D,-,67
DOX,Amdocs Limited,BUSINS SVC,Computer-Tech Services,96,NASDAQ,78.1,1.4,1.11,891,141.1,57,69,B-,B,D+,66
DXC,Dxc Technology Company,BUSINS SVC,Computer-Tech Services,96,NYSE,30.61,-0.6,-0.18,991,-11.7,77,42,B-,D,D-,53
EPAM,Epam Systems Inc,BUSINS SVC,Computer-Tech Services,96,NYSE,474.94,-1.9,-9.43,419,-17.9,96,39,B-,A,E,76
FORTY,Formula Systems Ltd Adr,BUSINS SVC,Computer-Tech Services,96,NASDAQ,115.55,2.6,2.95,11,87.6,82,90,B-,B,D,85
FTCI,FTC Solar Inc,BUSINS SVC,Computer-Tech Services,96,NASDAQ,4.06,-3.6,-0.15,992,24.8,2,4,B-,-,E,1
FTFT,Future FinTech Group Inc,BUSINS SVC,Computer-Tech Services,96,NASDAQ,0.84,-3.3,-0.03,592,-78.9,12,2,B-,-,E,8
GDYN,Grid Dynamics Hldgs Cl A,BUSINS SVC,Computer-Tech Services,96,NASDAQ,25.86,-2.8,-0.74,394,13.7,97,97,B-,B,D,93
GIB,C G I Inc Cl A,BUSINS SVC,Computer-Tech Services,96,NYSE,88.56,2.8,2.4,338,115.1,80,55,B-,C,B,73
GLOB,Globant SA,BUSINS SVC,Computer-Tech Services,96,NYSE,250.75,-3.1,-7.92,176,-54.9,99,72,B-,A,B,92
GTLB,Gitlab Inc Cl A,BUSINS SVC,Computer-Tech Services,96,NASDAQ,63.6,-5.9,-3.96,495,-46.1,7,14,B-,D,B-,26
HCKT,Hackett Group Inc,BUSINS SVC,Computer-Tech Services,96,NASDAQ,19.43,0.3,0.05,34,-31.4,80,85,B-,B,B,90
HPE,Hewlett Packard Ent Co,BUSINS SVC,Computer-Tech Services,96,NYSE,17.05,1.4,0.24,6476,-21.5,88,90,B-,C,B,84
IBEX,Ibex Ltd,BUSINS SVC,Computer-Tech Services,96,NASDAQ,14.75,0.9,0.13,17,-32.3,30,20,B-,B,C-,32
IBM,Intl Business Machines,BUSINS SVC,Computer-Tech Services,96,NYSE,137.45,1.4,1.92,3817,-16.3,54,75,B-,B,C,71
IMTE,Integrated Media Tech,BUSINS SVC,Computer-Tech Services,96,NASDAQ,7.06,-4.3,-0.32,237,-83.5,35,98,B-,E,B-,62
INFY,Infosys Ltd Ads,BUSINS SVC,Computer-Tech Services,96,NYSE,23.83,1.3,0.31,3643,-40.8,69,90,B-,A,D,84
INOD,Innodata Inc,BUSINS SVC,Computer-Tech Services,96,NASDAQ,5.47,-3.7,-0.21,31,-57.6,19,19,B-,D,D-,28
LYLT,Loyalty Ventures Inc,BUSINS SVC,Computer-Tech Services,96,NASDAQ,27.35,-3.7,-1.05,285,48.4,54,12,B-,D,D-,25
MANT,Mantech International,BUSINS SVC,Computer-Tech Services,96,NASDAQ,72.78,3.1,2.17,127,32,93,25,B-,C,B+,67
MCLD,Mcloud Technologies Corp,BUSINS SVC,Computer-Tech Services,96,NASDAQ,4.12,1.7,0.07,29,-39.8,26,39,B-,E,B,45
MGIC,Magic Software Enter Ltd,BUSINS SVC,Computer-Tech Services,96,NASDAQ,19.34,0.4,0.07,17,-40.9,89,72,B-,A,D-,83
NABL,N-able Inc,BUSINS SVC,Computer-Tech Services,96,NYSE,11.19,-1.7,-0.19,203,-49.7,46,28,B-,C,B,60
PHUN,Phunware Inc,BUSINS SVC,Computer-Tech Services,96,NASDAQ,2.25,-4.7,-0.11,6542,-58.3,30,90,B-,E,B-,41
PLUS,Eplus Inc,BUSINS SVC,Computer-Tech Services,96,NASDAQ,46.5,0.2,0.11,71,7.3,91,39,B-,C,D-,63
PRCH,Porch Group Inc,BUSINS SVC,Computer-Tech Services,96,NASDAQ,9.91,-6.2,-0.66,784,-39.8,40,13,B-,D,E,26
PRFT,Perficient Inc,BUSINS SVC,Computer-Tech Services,96,NASDAQ,104.9,-0.9,-0.91,119,-58.1,96,94,B-,A,D+,91
PT,Pintec Tech Hldgs Cl A,BUSINS SVC,Computer-Tech Services,96,NASDAQ,0.55,3.8,0.02,1136,43.6,45,11,B-,E,C-,28
QUBT,Quantum Computing Inc,BUSINS SVC,Computer-Tech Services,96,NASDAQ,2.65,-5.7,-0.16,126,-66.9,28,5,B-,-,E,13
RAMP,Liveramp Holdings Inc,BUSINS SVC,Computer-Tech Services,96,NYSE,43.05,-3.5,-1.56,225,11,69,29,B-,C,B,64
RCMT,R C M Technologies Inc,BUSINS SVC,Computer-Tech Services,96,NASDAQ,6.95,-0.6,-0.04,34,-63.3,69,98,B-,D,D-,72
RMNI,Rimini Street Inc,BUSINS SVC,Computer-Tech Services,96,NASDAQ,4.89,-6,-0.31,273,-52.7,69,11,B-,-,E,38
SPNS,Sapiens Intl Corp,BUSINS SVC,Computer-Tech Services,96,NASDAQ,31.83,-0.1,-0.02,64,21.1,86,65,B-,A,B-,87
TASK,Taskus Inc Class A,BUSINS SVC,Computer-Tech Services,96,NASDAQ,31.97,-3.8,-1.28,313,-74.1,97,30,B-,A,E,66
TIXT,Telus International Inc,BUSINS SVC,Computer-Tech Services,96,NYSE,29.31,0.6,0.18,99,-6,98,31,B-,A,C+,79
TSRI,T S R Inc,BUSINS SVC,Computer-Tech Services,96,NASDAQ,12.12,-6,-0.78,168,-81,69,97,B-,C,B,81
TWKS,Thoughtworks Hldng Cl A,BUSINS SVC,Computer-Tech Services,96,NASDAQ,22.71,0.6,0.14,305,-20.2,55,22,B-,A,E,51
UIS,Unisys Corp,BUSINS SVC,Computer-Tech Services,96,NYSE,18.47,-0.9,-0.16,226,18.9,35,21,B-,-,E,21
WAVD,Wavedancer Inc,BUSINS SVC,Computer-Tech Services,96,NASDAQ,4.04,-5.4,-0.23,58,-47.8,30,99,B-,B,A-,80
WIT,Wipro Ltd Adr,BUSINS SVC,Computer-Tech Services,96,NYSE,7.84,1.6,0.12,1543,-19.9,72,55,B-,A,E,68
WYY,Widepoint Corporation,BUSINS SVC,Computer-Tech Services,96,AMEX,3.95,0.3,0.01,23,-47.4,11,11,B-,C,D,14
AATC,Autoscope Technologies,BUSINS SVC,Security/Sfty,183,NASDAQ,6.86,-1.1,-0.07,14,-22.1,75,83,E,D,B,60
ADT,ADT Inc,BUSINS SVC,Security/Sfty,183,NYSE,7.64,-1.4,-0.11,1171,-14.5,28,28,E,E,C-,23
AERC,Aeroclean Technologies,BUSINS SVC,Security/Sfty,183,NASDAQ,4.59,-8.2,-0.41,168,-93.7,2,1,E,-,D-,2
ALLE,Allegion Plc,BUSINS SVC,Security/Sfty,183,NYSE,119.85,-0.1,-0.17,473,25.3,77,39,E,A,D-,52
ALRM,Alarm.com Holdings Inc,BUSINS SVC,Security/Sfty,183,NASDAQ,72.28,-1.8,-1.33,134,-10.2,90,27,E,A,B-,61
APDN,Applied Dna Sciences Inc,BUSINS SVC,Security/Sfty,183,NASDAQ,3.44,2.1,0.07,19,-95.5,40,9,E,D,E,14
APG,Api Group Corporation,BUSINS SVC,Security/Sfty,183,NYSE,22.18,-0.3,-0.07,424,-10.1,67,79,E,C,D-,61
ARLO,Arlo Technologies Inc,BUSINS SVC,Security/Sfty,183,NYSE,8.4,-2.8,-0.24,662,-29,43,95,E,E,B,61
AUID,Ipsidy Inc,BUSINS SVC,Security/Sfty,183,NASDAQ,6.69,-6.5,-0.46,51,-70.1,8,21,E,E,E,2
AXON,Axon Enterprise Inc,BUSINS SVC,Security/Sfty,183,NASDAQ,141.6,-1.5,-2.14,226,-48.5,99,28,E,A,D,62
BCO,Brinks Co,BUSINS SVC,Security/Sfty,183,NYSE,69.8,0.1,0.09,161,-27.1,89,48,E,B,C,67
BKYI,Bio Key International,BUSINS SVC,Security/Sfty,183,NASDAQ,2.22,0.2,0.01,5,-86.3,48,16,E,D,E,24
BYRN,Byrna Technologies Inc,BUSINS SVC,Security/Sfty,183,NASDAQ,11.1,-3,-0.34,69,-50.6,23,11,E,D,B-,21
CDRE,Cadre Holdings Inc,BUSINS SVC,Security/Sfty,183,NYSE,22.16,0.6,0.13,103,25.2,11,98,E,-,B,47
DGLY,Digital Ally Inc,BUSINS SVC,Security/Sfty,183,NASDAQ,1.03,0.2,0,291,-77.5,33,15,E,E,C,21
DSS,D S S Inc,BUSINS SVC,Security/Sfty,183,AMEX,0.41,-5.9,-0.03,342,-56.5,12,1,E,C,E,4
EML,Eastern Co,BUSINS SVC,Security/Sfty,183,NASDAQ,24.82,1.2,0.29,2,-68.2,83,42,E,B,C+,61
EVLV,Evolv Techno Hldngs Cl A,BUSINS SVC,Security/Sfty,183,NASDAQ,3.29,-4.6,-0.16,355,-6.6,47,6,E,D,D+,21
FSS,Federal Signal Corp,BUSINS SVC,Security/Sfty,183,NYSE,38.17,-2,-0.78,103,-29.9,88,55,E,B,D-,61
GFAI,Guardforce Ai Co Limited,BUSINS SVC,Security/Sfty,183,NASDAQ,0.69,-5.5,-0.04,253,-93.3,8,1,E,E,E,1
GNSS,Genasys Inc,BUSINS SVC,Security/Sfty,183,NASDAQ,3.98,0.8,0.03,52,-44.5,9,17,E,D,C-,16
IDBA,IDEX Biometrics Asa Ads,BUSINS SVC,Security/Sfty,183,NASDAQ,21.96,8.8,1.77,1,99.7,13,26,E,D,E,18
IDN,Intellicheck Inc,BUSINS SVC,Security/Sfty,183,NASDAQ,3.93,-3.2,-0.13,37,-58.8,16,5,E,C,D+,15
ITRN,Ituran Location & Contrl,BUSINS SVC,Security/Sfty,183,NASDAQ,23.9,-1.6,-0.38,15,-64,46,75,E,B,D,57
JBI,Janus International Grp,BUSINS SVC,Security/Sfty,183,NYSE,10.15,-5.1,-0.55,409,1.7,10,22,E,B,A-,34
KSCP,Knightscope Inc Cl A,BUSINS SVC,Security/Sfty,183,NASDAQ,9.55,-23.2,-2.89,12001,-45.1,1,1,E,-,-,3
LAKE,Lakeland Industries Inc,BUSINS SVC,Security/Sfty,183,NASDAQ,21.22,0.4,0.08,25,-41.8,11,29,E,B,C+,22
LTCH,Latch Inc,BUSINS SVC,Security/Sfty,183,NASDAQ,6.19,-5.1,-0.33,1021,15.2,5,11,E,E,D-,6
MSA,M S A Safety Inc,BUSINS SVC,Security/Sfty,183,NYSE,139.5,0.4,0.5,29,-31.7,55,31,E,B,B,52
NSSC,N A P C O Security Tech,BUSINS SVC,Security/Sfty,183,NASDAQ,20.21,-4.3,-0.91,218,201.3,96,91,E,A,C-,90
NXPL,Nextplat Corp,BUSINS SVC,Security/Sfty,183,NASDAQ,3.51,0.6,0.02,9,-85.2,2,18,E,E,D+,7
NXTD,N X T Id Inc,BUSINS SVC,Security/Sfty,183,NASDAQ,2.8,-5.7,-0.17,632,-77,35,6,E,E,C-,6
PWFL,Powerfleet Inc,BUSINS SVC,Security/Sfty,183,NASDAQ,3.62,-2.9,-0.11,103,-31,10,9,E,E,D-,4
REZI,Resideo Technologies Inc,BUSINS SVC,Security/Sfty,183,NYSE,24.69,-1.8,-0.45,335,-20.2,47,37,E,C,C-,41
RGR,Sturm Ruger & Co Inc,BUSINS SVC,Security/Sfty,183,NYSE,66.32,0,-0.02,243,140.3,81,35,E,A,D,66
SMRT,Smartrent Inc Cl A,BUSINS SVC,Security/Sfty,183,NYSE,7.75,-1.5,-0.12,362,-49.9,15,15,E,E,D-,15
SNPO,Snap One Holdings Corp,BUSINS SVC,Security/Sfty,183,NASDAQ,18.84,-0.3,-0.06,34,-68.2,57,89,E,C,C,74
SNT,Senstar Technologies Ltd,BUSINS SVC,Security/Sfty,183,NASDAQ,2.53,1.2,0.03,30,-49.9,31,18,E,D,E,18
SPCB,Supercom Ltd,BUSINS SVC,Security/Sfty,183,NASDAQ,0.54,-1.8,-0.01,225,-83.1,27,8,E,E,E,6
SSTI,Shotspotter Inc,BUSINS SVC,Security/Sfty,183,NASDAQ,25.69,-2.5,-0.65,28,-8.8,8,16,E,C,D+,20
SWBI,Smith & Wesson Brands,BUSINS SVC,Security/Sfty,183,NASDAQ,17.39,1.2,0.2,634,-39.1,85,26,E,A,B,54
TAOP,Taoping Inc,BUSINS SVC,Security/Sfty,183,NASDAQ,1.65,-0.4,-0.01,5,-93.1,16,6,E,E,C-,7
UUU,Universal Security Instr,BUSINS SVC,Security/Sfty,183,AMEX,2.72,0.7,0.02,4,-84.7,30,6,E,C,E,6
VRME,Verifyme Inc,BUSINS SVC,Security/Sfty,183,NASDAQ,3.11,-1,-0.03,8,-69.2,57,24,E,E,D,31
VVNT,Vivint Smart Home Cl A,BUSINS SVC,Security/Sfty,183,NYSE,6.75,-7.7,-0.56,273,-29,40,14,E,-,C+,24
WRAP,Wrap Technologies Inc,BUSINS SVC,Security/Sfty,183,NASDAQ,2.6,-1.9,-0.05,126,-53.5,7,5,E,D,B-,11
YOU,Clear Secure Inc Cl A,BUSINS SVC,Security/Sfty,183,NYSE,24.31,-4.9,-1.25,516,-23,8,11,E,E,E,6